{"source_layer": 10, "target_layer": 11, "sigmas": [4.982680320739746, 4.795414924621582, 4.317401885986328, 3.939011335372925, 3.840667247772217, 3.698984384536743, 3.5786709785461426, 3.532061815261841, 3.415966510772705, 3.401521921157837, 3.2666666507720947, 3.095609426498413], "kl_divergences": [0.0010964032262563705, 0.00484295841306448, 0.003918665926903486, 0.006005219183862209, 0.0008765551028773189, 0.07933439314365387, 0.0005527695757336915, 0.012366892769932747, 0.002037886530160904, 0.0025791465304791927, 0.005820116028189659, 0.007960339076817036], "generations": []}