{"source_layer": 10, "target_layer": 12, "sigmas": [9.219949722290039, 6.331473350524902, 5.971884250640869, 5.7966179847717285, 5.412599563598633, 5.301577568054199, 4.981261730194092, 4.9540886878967285, 4.682141304016113, 4.572047233581543, 4.421504497528076, 4.198939800262451], "kl_divergences": [0.0010304623283445835, 0.11426504701375961, 0.0022222385741770267, 0.09256795048713684, 0.26044803857803345, 0.0015948115615174174, 0.28120920062065125, 0.12925498187541962, 0.0009542873594909906, 0.02148524858057499, 0.3028441071510315, 0.003579565091058612], "generations": []}