{"source_layer": 18, "target_layer": 19, "sigmas": [6.5682244300842285, 5.861399173736572, 5.429927825927734, 5.069621562957764, 4.920816898345947, 4.690091133117676, 4.172053813934326, 3.9643216133117676, 3.878216028213501, 3.658704996109009, 3.517540454864502, 3.3998823165893555], "kl_divergences": [0.0018732852768152952, 0.04632045701146126, 0.0013907834654673934, 0.002803871175274253, 0.000566128350328654, 0.0011367248371243477, 0.0015724507393315434, 0.0005277285818010569, 0.0764104425907135, 0.0014200507430359721, 0.22013051807880402, 0.021374357864260674], "generations": []}