{"source_layer": 20, "target_layer": 21, "sigmas": [6.101187229156494, 5.177528381347656, 5.009618282318115, 4.779901504516602, 4.019082069396973, 3.872636318206787, 3.7633473873138428, 3.606369733810425, 3.572617292404175, 3.525909185409546, 3.376394271850586, 3.276475667953491], "kl_divergences": [0.01253182627260685, 0.004265318624675274, 0.0010830883402377367, 0.00020591725478880107, 0.20996898412704468, 0.2560017704963684, 0.029252029955387115, 0.001027869526296854, 0.003190385177731514, 0.0272434763610363, 0.0005592870875261724, 0.0030652254354208708], "generations": []}