{"source_layer": 21, "target_layer": 22, "sigmas": [10.886799812316895, 6.887124061584473, 5.906603813171387, 5.27925443649292, 5.121859550476074, 5.00929594039917, 4.860447406768799, 4.741690635681152, 4.326327323913574, 4.215126991271973, 3.9973247051239014, 3.874863624572754], "kl_divergences": [0.0009784887079149485, 0.039760466665029526, 0.0009171974961645901, 0.051110394299030304, 0.0018530392553657293, 0.001977300737053156, 0.006219028495252132, 0.0013005774235352874, 0.002396073890849948, 0.0015136380679905415, 0.010033694095909595, 0.001600895426236093], "generations": []}