{"source_layer": 22, "target_layer": 25, "sigmas": [10.488892555236816, 9.132986068725586, 8.857356071472168, 8.190038681030273, 7.681504249572754, 7.377787113189697, 7.086042881011963, 7.0630950927734375, 6.608286380767822, 6.380220413208008, 6.232962131500244, 5.960636615753174], "kl_divergences": [0.017763931304216385, 0.0016961815999820828, 0.0016906026285141706, 0.0009150617988780141, 0.05016455054283142, 0.0006547474768012762, 0.0017361155478283763, 0.099391870200634, 0.013089416548609734, 0.0028542233631014824, 0.00040474144043400884, 0.044091153889894485], "generations": []}