{"source_layer": 22, "target_layer": 24, "sigmas": [8.114458084106445, 7.291880130767822, 6.861466884613037, 6.626112461090088, 6.323949337005615, 6.009495735168457, 5.971217632293701, 5.567486763000488, 5.432614326477051, 5.073057651519775, 4.921972274780273, 4.515557289123535], "kl_divergences": [0.001450481009669602, 0.0015865984605625272, 0.0014743237989023328, 0.011416452936828136, 0.001255316543392837, 0.0012775169452652335, 0.13730889558792114, 0.0011352834990248084, 0.001747692353092134, 0.0007956525660119951, 0.0015051933005452156, 0.003460875479504466], "generations": []}