{"source_layer": 23, "target_layer": 24, "sigmas": [6.976808547973633, 5.878450870513916, 5.341434955596924, 5.003588676452637, 4.4078450202941895, 4.287783622741699, 4.23552131652832, 3.9487199783325195, 3.6174800395965576, 3.443589687347412, 3.241072416305542, 3.225821018218994], "kl_divergences": [0.003406704403460026, 0.0005455890204757452, 0.06064235046505928, 0.004856783896684647, 0.0035482633393257856, 0.003821662859991193, 0.00014240859309211373, 0.0005181375308893621, 0.00045277734170667827, 0.001180392224341631, 0.0007269603083841503, 0.004392407834529877], "generations": []}