{"source_layer": 23, "target_layer": 28, "sigmas": [13.116239547729492, 11.949398040771484, 10.595861434936523, 10.438431739807129, 9.647972106933594, 9.425055503845215, 8.961710929870605, 8.845348358154297, 8.246479034423828, 7.994811534881592, 7.818246364593506, 7.594690799713135], "kl_divergences": [0.00928982999175787, 0.0016607299912720919, 0.003406766802072525, 0.003837335854768753, 0.026524676010012627, 0.34224677085876465, 0.007464346941560507, 0.017438191920518875, 0.0016681539127603173, 0.0013403024058789015, 0.03497057035565376, 0.00401346106082201], "generations": []}