{"source_layer": 23, "target_layer": 32, "sigmas": [25.463056564331055, 20.090715408325195, 18.789920806884766, 18.020851135253906, 16.14693260192871, 14.940220832824707, 14.758770942687988, 14.183343887329102, 14.051413536071777, 12.97818374633789, 12.782269477844238, 11.999969482421875], "kl_divergences": [0.0016438865568488836, 0.011467625387012959, 0.31020838022232056, 0.0014645342016592622, 0.0016285213641822338, 0.04984905198216438, 0.0026306649670004845, 0.0010919522028416395, 0.001511412556283176, 0.3722837269306183, 0.00222263322211802, 0.008873422630131245], "generations": []}