{"source_layer": 24, "target_layer": 29, "sigmas": [11.290274620056152, 9.619277954101562, 9.411189079284668, 9.327863693237305, 8.554816246032715, 8.28880500793457, 7.409999370574951, 7.288825511932373, 7.252845287322998, 6.790517807006836, 6.665729999542236, 6.488341331481934], "kl_divergences": [0.016254711896181107, 0.049434415996074677, 0.0013873857678845525, 0.0012120367027819157, 0.002687872387468815, 0.0014233648544177413, 0.010217237286269665, 0.001369250239804387, 0.02537781000137329, 0.005816381890326738, 0.0014517386443912983, 0.0006766192964278162], "generations": []}