{"source_layer": 24, "target_layer": 25, "sigmas": [4.819924831390381, 4.561135292053223, 4.144137382507324, 4.024945259094238, 3.73207426071167, 3.554938316345215, 3.49417781829834, 3.439056158065796, 3.3909428119659424, 3.250094175338745, 3.214076519012451, 3.0366249084472656], "kl_divergences": [0.001247009146027267, 0.0002122525911545381, 0.0031891725957393646, 0.001510725705884397, 0.0005901373806409538, 0.0003784853033721447, 0.0011255540885031223, 0.0020399298518896103, 0.0005122451693750918, 0.0016331704100593925, 0.006090786308050156, 0.0004976916243322194], "generations": []}