{"source_layer": 24, "target_layer": 26, "sigmas": [7.178028106689453, 5.971665859222412, 5.509693145751953, 5.207704544067383, 5.144131183624268, 5.018038272857666, 4.823546409606934, 4.576563835144043, 4.460245609283447, 4.3276519775390625, 4.043012619018555, 3.923081159591675], "kl_divergences": [0.01664852537214756, 0.000888048205524683, 0.016256682574748993, 0.1872820407152176, 0.0007831343682482839, 0.016115058213472366, 0.001438972307369113, 0.018689321354031563, 0.030264591798186302, 0.00654595484957099, 0.00035438165650703013, 0.00010985501285176724], "generations": []}