{"source_layer": 24, "target_layer": 27, "sigmas": [8.579708099365234, 6.981942176818848, 6.725082874298096, 6.363377571105957, 6.073889255523682, 5.911622047424316, 5.725073337554932, 5.4590840339660645, 5.191864490509033, 5.096293926239014, 4.99106502532959, 4.87758207321167], "kl_divergences": [0.001133103622123599, 0.0144539475440979, 0.029772493988275528, 0.010940378531813622, 0.012685537338256836, 0.15073390305042267, 0.0008676628931425512, 0.001502026105299592, 0.00034735241206362844, 0.0008962675929069519, 0.000216450440348126, 0.008880658075213432], "generations": []}