{"source_layer": 24, "target_layer": 28, "sigmas": [9.906651496887207, 8.525111198425293, 8.170245170593262, 8.003914833068848, 7.280705451965332, 7.014326572418213, 6.522223472595215, 6.504011154174805, 6.161724090576172, 6.102560997009277, 6.010968208312988, 5.913914680480957], "kl_divergences": [0.0350831113755703, 0.0004178376984782517, 0.0011568443151190877, 0.016688181087374687, 0.006344630848616362, 0.029213281348347664, 0.00048004210111685097, 0.13861817121505737, 0.00035755065619014204, 0.0010173945920541883, 0.037969812750816345, 0.004937201272696257], "generations": []}