{"source_layer": 24, "target_layer": 30, "sigmas": [12.699810028076172, 12.217249870300293, 11.007472038269043, 10.546215057373047, 10.15690803527832, 9.748085021972656, 8.776477813720703, 8.587244033813477, 8.29409408569336, 8.067623138427734, 7.582458972930908, 7.432302474975586], "kl_divergences": [0.0006125178188085556, 0.12753310799598694, 0.0014268886297941208, 0.0012461558217182755, 0.254526823759079, 0.003462571417912841, 0.09299462288618088, 0.001266524544917047, 0.0007254888769239187, 0.001689165597781539, 0.006461740005761385, 0.0008105773013085127], "generations": []}