{"source_layer": 24, "target_layer": 34, "sigmas": [26.882165908813477, 21.199857711791992, 19.233543395996094, 18.495141983032227, 17.819805145263672, 17.192562103271484, 16.001251220703125, 14.24013900756836, 13.644761085510254, 13.378303527832031, 12.505829811096191, 12.426183700561523], "kl_divergences": [0.0015567607479169965, 0.0012359104584902525, 0.04366662725806236, 0.005796594545245171, 0.0639350488781929, 0.010661052539944649, 0.010786049999296665, 0.0021433988586068153, 0.003775566816329956, 0.0012576779117807746, 0.0010549878934398293, 0.18722155690193176], "generations": []}