{"source_layer": 24, "target_layer": 31, "sigmas": [14.985298156738281, 13.737894058227539, 12.87144660949707, 11.850482940673828, 11.539734840393066, 10.922407150268555, 10.435843467712402, 9.968916893005371, 9.380752563476562, 9.314708709716797, 8.998397827148438, 8.695907592773438], "kl_divergences": [0.0013228224124759436, 0.0013279695995151997, 0.0016700038686394691, 0.0007002262864261866, 0.0013584478292614222, 0.001237806980498135, 0.0011576747056096792, 0.004999264143407345, 0.037088025361299515, 0.0011113134678453207, 0.022238947451114655, 0.004313420504331589], "generations": []}