{"source_layer": 24, "target_layer": 35, "sigmas": [56.70985794067383, 29.22368049621582, 27.701940536499023, 24.831932067871094, 22.107402801513672, 21.45414161682129, 19.772733688354492, 19.23992156982422, 18.790071487426758, 17.89008331298828, 16.342538833618164, 15.478769302368164], "kl_divergences": [0.025595102459192276, 0.0010742121376097202, 0.0002788639976643026, 0.00015838966646697372, 0.041216716170310974, 0.009099177084863186, 0.49075382947921753, 0.007467609830200672, 0.022127587348222733, 0.0026389758568257093, 0.0005770196439698339, 0.006753681227564812], "generations": []}