{"source_layer": 25, "target_layer": 27, "sigmas": [6.990520000457764, 5.7519636154174805, 5.090651512145996, 4.625880241394043, 4.546350002288818, 4.340996265411377, 4.293519496917725, 4.044186592102051, 3.87449049949646, 3.7912497520446777, 3.724452018737793, 3.5512611865997314], "kl_divergences": [0.0015611143317073584, 0.017443494871258736, 0.0006190319545567036, 0.0012207350227981806, 0.00041132266051135957, 0.0003349940525367856, 0.0003987582749687135, 0.006655022036284208, 0.0004311538359615952, 0.0006137116579338908, 0.00016844824131112546, 0.0008155926479957998], "generations": []}