{"source_layer": 25, "target_layer": 28, "sigmas": [8.053905487060547, 6.533420085906982, 6.235026836395264, 6.156717777252197, 5.73052978515625, 5.439697742462158, 5.200222492218018, 4.922403335571289, 4.803824424743652, 4.613138198852539, 4.391458988189697, 4.295226097106934], "kl_divergences": [0.0028039952740073204, 0.023489395156502724, 0.0003733972553163767, 0.006940866820514202, 0.0010664488654583693, 0.0004266613977961242, 0.009149294346570969, 0.0009432778460904956, 0.00045466425945051014, 0.0009742410038597882, 0.00426760409027338, 0.0001644220028538257], "generations": []}