{"source_layer": 25, "target_layer": 26, "sigmas": [6.090136528015137, 4.487593650817871, 3.9150550365448, 3.664533853530884, 3.570668935775757, 3.5176751613616943, 3.4235687255859375, 3.2326929569244385, 3.2027790546417236, 2.9879798889160156, 2.9060440063476562, 2.6449549198150635], "kl_divergences": [0.0005885597784072161, 0.07048157602548599, 0.00024595114518888295, 0.0004964042454957962, 0.0005071055493317544, 0.0001039125636452809, 0.0001705384347587824, 0.000266235729213804, 6.017331179464236e-05, 0.0027386026922613382, 0.000592503696680069, 5.531447459361516e-05], "generations": []}