{"source_layer": 25, "target_layer": 29, "sigmas": [9.550945281982422, 7.652836322784424, 7.299299716949463, 7.132685661315918, 7.006068229675293, 6.525508880615234, 6.046968936920166, 5.8539862632751465, 5.716810703277588, 5.31873083114624, 5.254945278167725, 4.997103691101074], "kl_divergences": [0.0014980334090068936, 0.00488203763961792, 0.0008003906696103513, 0.0008750925189815462, 0.000888642156496644, 0.0006745413411408663, 0.0013453325955197215, 0.0037874910049140453, 0.013368405401706696, 0.000316716730594635, 0.003692618338391185, 4.430809349287301e-05], "generations": []}