{"source_layer": 25, "target_layer": 33, "sigmas": [15.728368759155273, 13.782914161682129, 13.080260276794434, 12.513242721557617, 11.505391120910645, 10.8041353225708, 10.066201210021973, 9.783437728881836, 9.331192016601562, 8.574824333190918, 8.366320610046387, 7.825201034545898], "kl_divergences": [0.2570141851902008, 0.009360331110656261, 0.05731285363435745, 0.014000756666064262, 0.0007729745702818036, 0.0004017456667497754, 0.005406265612691641, 0.0005863182595930994, 0.009070992469787598, 0.0008585688192397356, 0.004290578421205282, 0.0005837391363456845], "generations": []}