{"source_layer": 25, "target_layer": 34, "sigmas": [19.936065673828125, 18.663467407226562, 16.664491653442383, 15.258044242858887, 14.561568260192871, 14.231978416442871, 12.858149528503418, 11.803184509277344, 11.247855186462402, 10.809406280517578, 10.517971992492676, 9.873912811279297], "kl_divergences": [0.14944759011268616, 0.0002449322782922536, 0.0020058497320860624, 0.002182929078117013, 0.00044563462142832577, 0.0011502300621941686, 0.001079342793673277, 0.00030855220393277705, 0.0035717610735446215, 0.0013241495471447706, 0.0035637428518384695, 0.0017775286687538028], "generations": []}