{"source_layer": 25, "target_layer": 31, "sigmas": [11.948558807373047, 10.87289047241211, 10.562637329101562, 9.980655670166016, 8.968175888061523, 8.428778648376465, 8.202885627746582, 8.080364227294922, 7.496840476989746, 7.4009222984313965, 7.051164150238037, 6.751454830169678], "kl_divergences": [0.004571041092276573, 0.0005415120394900441, 0.26528578996658325, 0.0003335658984724432, 0.0008551881182938814, 0.0019668161403387785, 0.016610579565167427, 0.0014970318879932165, 0.001121383043937385, 0.0008953122887760401, 0.000959457247518003, 0.0012821643613278866], "generations": []}