{"source_layer": 25, "target_layer": 35, "sigmas": [48.00020980834961, 24.45766830444336, 22.538421630859375, 21.368900299072266, 18.416215896606445, 17.17888832092285, 16.472631454467773, 15.71346664428711, 15.594598770141602, 14.753804206848145, 14.25827693939209, 13.765753746032715], "kl_divergences": [0.0013364646583795547, 0.00014105535228736699, 0.021424531936645508, 0.0004294218961149454, 0.00048571766819804907, 0.00725441612303257, 0.0752519816160202, 0.0008468169253319502, 0.00035305594792589545, 0.00030444166623055935, 0.00037817214615643024, 0.0008036727085709572], "generations": []}