{"source_layer": 25, "target_layer": 30, "sigmas": [10.718010902404785, 9.096940994262695, 8.700752258300781, 8.533147811889648, 8.053886413574219, 7.605358123779297, 7.000077247619629, 6.809933662414551, 6.479446887969971, 6.166477680206299, 5.951380252838135, 5.795846939086914], "kl_divergences": [0.0021888429764658213, 0.0006192957516759634, 0.18767838180065155, 0.0007292553782463074, 0.0004576325009111315, 0.00024463809677399695, 0.012815154157578945, 0.0012001011054962873, 0.0193406343460083, 0.0013187084114179015, 0.0003279501397628337, 0.0011371870059520006], "generations": []}