{"source_layer": 26, "target_layer": 29, "sigmas": [8.370285987854004, 6.246904373168945, 5.667309284210205, 5.457122802734375, 5.138054847717285, 5.076364517211914, 4.5981292724609375, 4.4115400314331055, 4.295768737792969, 4.144069194793701, 4.099860191345215, 3.9283063411712646], "kl_divergences": [0.0005770344287157059, 0.000331750517943874, 0.00014647433999925852, 0.0005699200555682182, 0.00029329326935112476, 0.0002995241084136069, 0.00011238452862016857, 0.0004113708855584264, 0.008965019136667252, 0.002060985192656517, 0.008709975518286228, 0.0011597370030358434], "generations": []}