{"source_layer": 26, "target_layer": 27, "sigmas": [4.1204094886779785, 4.073086738586426, 3.40248703956604, 3.252535820007324, 3.1293044090270996, 3.0339925289154053, 3.010977029800415, 2.9545705318450928, 2.825965166091919, 2.7668991088867188, 2.7458972930908203, 2.6079487800598145], "kl_divergences": [0.00019929562404286116, 0.0006721969111822546, 0.0003682903479784727, 5.7761742937145755e-05, 0.0006095197750255466, 0.0003210795111954212, 0.00017237974680028856, 0.00016382746980525553, 0.0002735303423833102, 0.0008667747024446726, 0.00011600395373534411, 9.54931165324524e-05], "generations": []}