{"source_layer": 26, "target_layer": 28, "sigmas": [5.747164249420166, 4.9230265617370605, 4.61147403717041, 4.418325901031494, 4.109247207641602, 3.903000593185425, 3.834336757659912, 3.670542001724243, 3.5970330238342285, 3.492443561553955, 3.463630199432373, 3.3477158546447754], "kl_divergences": [0.0007020889315754175, 0.00012852504733018577, 0.004363218322396278, 0.00042103842133656144, 0.00014358524640556425, 0.00027035619132220745, 0.000333224656060338, 0.001091051148250699, 0.00016628373123239726, 0.0002719345211517066, 0.00012931811215821654, 0.0005116466782055795], "generations": []}