{"source_layer": 26, "target_layer": 30, "sigmas": [9.566634178161621, 7.666953086853027, 6.721809387207031, 6.266386985778809, 5.966501235961914, 5.926604747772217, 5.827613353729248, 5.438830852508545, 5.371862888336182, 5.075783729553223, 4.800002098083496, 4.630955219268799], "kl_divergences": [0.0006438179407268763, 0.0006187960971146822, 0.0006537638255394995, 0.004627335350960493, 0.004101273138076067, 0.0006082038744352758, 0.00021817674860358238, 0.0011327615939080715, 0.0011425340780988336, 0.000863356573972851, 0.002528355922549963, 0.00024883344303816557], "generations": []}