{"source_layer": 26, "target_layer": 33, "sigmas": [12.994004249572754, 11.202841758728027, 10.724720001220703, 9.84996509552002, 9.346335411071777, 9.125662803649902, 8.573728561401367, 8.10312271118164, 7.729211330413818, 7.335757732391357, 6.945313453674316, 6.615748882293701], "kl_divergences": [0.0016327379271388054, 0.002948648063465953, 0.004453354049474001, 0.0007259959820657969, 0.0005980546702630818, 0.003585375379770994, 0.0002423583500785753, 0.00029349708347581327, 0.0004487326368689537, 0.0035729024093598127, 0.0016836143331602216, 0.008553586900234222], "generations": []}