{"source_layer": 26, "target_layer": 34, "sigmas": [17.181161880493164, 15.049114227294922, 14.333011627197266, 13.091897010803223, 12.109123229980469, 11.276700019836426, 10.588703155517578, 10.1026611328125, 9.260591506958008, 9.164772987365723, 8.675146102905273, 8.093820571899414], "kl_divergences": [0.00019162199168931693, 0.00038866433897055686, 0.008672907948493958, 0.00013402753393165767, 0.000895783887244761, 0.00394110893830657, 0.0029615131206810474, 0.0013487201649695635, 0.0001478768972447142, 0.0002110540954163298, 0.006907773204147816, 0.06123993173241615], "generations": []}