{"source_layer": 26, "target_layer": 31, "sigmas": [10.832700729370117, 8.8795747756958, 7.878689765930176, 7.667166233062744, 7.327162742614746, 6.733892440795898, 6.642247200012207, 6.367349147796631, 6.228058815002441, 6.029121398925781, 5.942991733551025, 5.435361385345459], "kl_divergences": [0.0005919089308008552, 0.001784295542165637, 0.0010015666484832764, 0.0020952620543539524, 0.0007153958431445062, 0.00036341362283565104, 0.0006134783616289496, 0.0008001243695616722, 0.0007823058404028416, 0.0020829900167882442, 0.07034582644701004, 0.0004103636310901493], "generations": []}