{"source_layer": 26, "target_layer": 32, "sigmas": [11.881194114685059, 9.831987380981445, 9.415190696716309, 9.25883674621582, 8.370686531066895, 7.789266586303711, 7.647833824157715, 7.196274280548096, 6.876992225646973, 6.538354873657227, 6.445533752441406, 6.240403652191162], "kl_divergences": [0.0005844233091920614, 0.0002918265527114272, 0.0009876908734440804, 0.078761987388134, 0.00016403896734118462, 0.012312925420701504, 0.0005997469997964799, 0.007692283950746059, 0.0020163855515420437, 0.0005059749819338322, 0.0056543811224401, 0.004978869576007128], "generations": []}