{"source_layer": 26, "target_layer": 35, "sigmas": [43.35908508300781, 22.769432067871094, 20.02583885192871, 16.363466262817383, 16.134592056274414, 14.7154541015625, 14.473533630371094, 13.316100120544434, 12.863656044006348, 12.402064323425293, 11.830574989318848, 11.06014633178711], "kl_divergences": [0.0011903654085472226, 0.00010224728612229228, 0.00015811121556907892, 0.015451682731509209, 0.00023248317302204669, 8.063347195275128e-05, 9.545145439915359e-05, 0.0009534540004096925, 0.009520264342427254, 0.0001348827499896288, 0.0023072517942637205, 0.0033325154799968004], "generations": []}