{"source_layer": 27, "target_layer": 29, "sigmas": [8.892265319824219, 5.559154033660889, 4.837131977081299, 4.480365753173828, 4.128963947296143, 3.8184378147125244, 3.748701333999634, 3.6417627334594727, 3.5509769916534424, 3.5151610374450684, 3.373065710067749, 3.1645712852478027], "kl_divergences": [0.00011180597357451916, 5.988554039504379e-05, 2.5453357011429034e-05, 0.0002807109849527478, 5.880839307792485e-05, 0.0008372626034542918, 0.0002039187675109133, 0.0008168371277861297, 0.0011693143751472235, 0.0005127492477186024, 0.0014943452551960945, 9.27208675420843e-05], "generations": []}