{"source_layer": 27, "target_layer": 28, "sigmas": [4.453193664550781, 3.9005565643310547, 3.6425693035125732, 3.313718318939209, 3.204688310623169, 3.0443689823150635, 2.9542734622955322, 2.888995409011841, 2.7969517707824707, 2.7656667232513428, 2.6270265579223633, 2.598379373550415], "kl_divergences": [0.00013962569937575608, 0.00013154710177332163, 8.959397382568568e-05, 0.001376367756165564, 0.000645628955680877, 0.0002313759905518964, 0.0005033710040152073, 0.0001329149235971272, 0.00013068287807982415, 0.00024081443552859128, 0.0007837179000489414, 0.0003352462954353541], "generations": []}