{"source_layer": 27, "target_layer": 35, "sigmas": [39.7173957824707, 20.779382705688477, 20.264291763305664, 15.31009578704834, 14.12997817993164, 13.421943664550781, 12.801387786865234, 11.7558012008667, 11.131437301635742, 10.46499252319336, 10.368704795837402, 9.868682861328125], "kl_divergences": [0.0052812108770012856, 0.0014701561303809285, 2.6782472559716552e-05, 1.7138187104137614e-05, 0.00016567777493037283, 1.558537405799143e-05, 0.0017434642650187016, 0.00028719400870613754, 0.00032710356754250824, 0.00014123566506896168, 0.0004539054352790117, 0.0011982998112216592], "generations": []}