{"source_layer": 27, "target_layer": 31, "sigmas": [11.705135345458984, 7.997968673706055, 6.521655559539795, 6.212154388427734, 5.957512378692627, 5.850013256072998, 5.6238694190979, 5.482359409332275, 5.224820137023926, 5.066162586212158, 4.820852756500244, 4.748182773590088], "kl_divergences": [0.0004767333157360554, 0.00020781155035365373, 0.0004482531803660095, 0.0010993113974109292, 0.0013959191273897886, 0.0003595053858589381, 0.0003196476027369499, 0.000705818529240787, 0.0011938365641981363, 0.0010562168899923563, 0.002689383691176772, 0.0043973783031105995], "generations": []}