{"source_layer": 27, "target_layer": 33, "sigmas": [13.860464096069336, 9.80742073059082, 8.99726676940918, 8.362120628356934, 7.8195481300354, 7.694660663604736, 7.0675554275512695, 7.002753734588623, 6.550704002380371, 6.15512228012085, 6.060391902923584, 5.740952968597412], "kl_divergences": [0.00012645880633499473, 0.00026041045202873647, 0.0006617745966650546, 0.0005748049006797373, 0.0009581358171999454, 0.0017247865907847881, 0.00018810654000844806, 0.0006848173215985298, 0.0003961397451348603, 0.0009458299027755857, 0.0014226717175915837, 0.0007191937183961272], "generations": []}