{"source_layer": 27, "target_layer": 32, "sigmas": [12.844902038574219, 8.612544059753418, 7.825258731842041, 7.618261337280273, 7.299756050109863, 6.576297283172607, 6.347035884857178, 6.194552898406982, 5.863469123840332, 5.528799533843994, 5.46699333190918, 5.089946269989014], "kl_divergences": [0.00038591213524341583, 0.00022598420036956668, 0.000597827136516571, 0.00040234928019344807, 0.0005720479530282319, 0.0010453223949298263, 0.0008368518319912255, 0.0017624626634642482, 0.0007781231543049216, 0.0009477666462771595, 0.0009357814560644329, 0.0010138656944036484], "generations": []}