{"source_layer": 27, "target_layer": 34, "sigmas": [15.968966484069824, 14.890270233154297, 12.129839897155762, 11.381095886230469, 9.916379928588867, 9.421601295471191, 9.160185813903809, 8.871498107910156, 8.383069038391113, 8.067572593688965, 7.5360307693481445, 7.279600143432617], "kl_divergences": [0.00010048133844975382, 0.00017397677584085613, 0.0034312226343899965, 0.0017151519423350692, 0.003694050945341587, 0.0012163344072178006, 0.0009672214509919286, 0.00020555425726342946, 0.00019512906146701425, 0.0012880450813099742, 0.0003169772680848837, 0.0008168196654878557], "generations": []}