{"source_layer": 27, "target_layer": 30, "sigmas": [10.173636436462402, 6.941160678863525, 5.514037132263184, 5.395960330963135, 5.004182815551758, 4.778666019439697, 4.699295997619629, 4.398535251617432, 4.334959983825684, 4.32700252532959, 3.99062442779541, 3.8792409896850586], "kl_divergences": [0.0004721814184449613, 0.00010465635568834841, 0.0005462158005684614, 0.00015888609050307423, 0.0022871901746839285, 0.0001582092809258029, 0.0006488671060651541, 0.0005773062584921718, 0.00045474100625142455, 0.0010557059431448579, 0.0005964915035292506, 0.0004022599314339459], "generations": []}