{"source_layer": 28, "target_layer": 29, "sigmas": [7.858177185058594, 4.64990234375, 3.740250825881958, 3.5255184173583984, 3.46452260017395, 3.2750275135040283, 3.143458366394043, 3.0770561695098877, 2.9236044883728027, 2.8640804290771484, 2.7349019050598145, 2.59090256690979], "kl_divergences": [0.0001608814054634422, 4.6011755330255255e-05, 1.975493250938598e-05, 0.0002721873461268842, 0.002732338849455118, 0.001018245704472065, 0.0006633919547311962, 7.122397801140323e-05, 4.300056752981618e-05, 4.2645395296858624e-05, 0.00017286163347307593, 4.50265797553584e-05], "generations": []}