{"source_layer": 28, "target_layer": 35, "sigmas": [36.55179977416992, 19.447420120239258, 18.27578353881836, 13.923761367797852, 12.601425170898438, 12.415742874145508, 10.719785690307617, 10.204752922058105, 9.565450668334961, 9.300907135009766, 8.758869171142578, 8.436139106750488], "kl_divergences": [0.003565968479961157, 0.0005575460963882506, 8.067514863796532e-05, 9.867712833511177e-06, 1.3273857803142164e-05, 7.20187890692614e-05, 0.00010805352940224111, 0.00016122337547130883, 0.0009000457939691842, 0.0005176720442250371, 0.00012991433322895318, 0.00018445156456436962], "generations": []}