{"source_layer": 28, "target_layer": 32, "sigmas": [11.575987815856934, 7.525328636169434, 6.720841407775879, 6.588304042816162, 5.942857265472412, 5.388896942138672, 5.266136169433594, 5.147295951843262, 4.966830253601074, 4.648168563842773, 4.465457916259766, 4.3721442222595215], "kl_divergences": [6.103408304625191e-05, 0.00034444427001290023, 0.0038870451971888542, 0.00030780831002630293, 0.0001522383972769603, 0.009208569303154945, 0.002932653995230794, 0.03474156931042671, 0.0007823192863725126, 0.0001334944972768426, 0.0005004080012440681, 4.901343345409259e-05], "generations": []}