{"source_layer": 28, "target_layer": 33, "sigmas": [12.615839958190918, 8.589479446411133, 7.328320026397705, 7.100752830505371, 6.5911431312561035, 6.202590465545654, 5.773921012878418, 5.670772552490234, 5.419929504394531, 5.234188556671143, 5.103295803070068, 4.739128589630127], "kl_divergences": [0.0001559062657179311, 0.00019285528105683625, 0.00035041620139963925, 0.00035345196374692023, 0.00016883332864381373, 0.00309602334164083, 0.0005113364313729107, 0.00023528767633251846, 0.050626493990421295, 0.023886729031801224, 9.762938861967996e-05, 8.265900396509096e-05], "generations": []}