{"source_layer": 28, "target_layer": 34, "sigmas": [14.694477081298828, 13.677656173706055, 10.795512199401855, 9.208439826965332, 8.489816665649414, 8.144678115844727, 7.9711079597473145, 7.38242244720459, 6.7537922859191895, 6.625731945037842, 6.503181457519531, 5.907515048980713], "kl_divergences": [4.4116990466136485e-05, 5.5339074606308714e-05, 0.00024824298452585936, 0.001827168744057417, 0.0009168643155135214, 0.00036162114702165127, 0.00013059575576335192, 0.00017427749116905034, 0.0001263912272406742, 0.0043700989335775375, 5.519027035916224e-05, 0.0003430521464906633], "generations": []}