{"source_layer": 28, "target_layer": 31, "sigmas": [10.5598783493042, 6.902456283569336, 5.660073280334473, 5.438163757324219, 5.256042957305908, 4.880354881286621, 4.664933204650879, 4.595409870147705, 4.524245262145996, 4.39280366897583, 3.894523859024048, 3.628558397293091], "kl_divergences": [0.00014488439774140716, 0.0002049255563179031, 0.0004957367782481015, 0.00014525545702781528, 0.00030627980595454574, 0.018549051135778427, 0.09835506230592728, 0.00027982890605926514, 0.0012973734410479665, 0.000521336158271879, 3.822784492513165e-05, 3.3083855669246987e-05], "generations": []}