{"source_layer": 28, "target_layer": 30, "sigmas": [9.137934684753418, 5.870423793792725, 5.004006385803223, 4.432203769683838, 4.3137431144714355, 3.985783100128174, 3.862194299697876, 3.7708168029785156, 3.7116904258728027, 3.571120262145996, 3.36757755279541, 3.2941181659698486], "kl_divergences": [0.00014914837083779275, 1.5783703929628246e-05, 0.0003224844695068896, 0.00010098234633915126, 0.00010497889161342755, 0.00012619473272934556, 0.00021391180052887648, 0.002487399848178029, 0.0010628999443724751, 0.0025744701270014048, 7.42009942769073e-05, 0.0003687039134092629], "generations": []}