{"source_layer": 29, "target_layer": 30, "sigmas": [4.571798324584961, 4.1874613761901855, 3.7586171627044678, 3.5532829761505127, 3.1898093223571777, 3.0690672397613525, 2.898461103439331, 2.8635406494140625, 2.7584969997406006, 2.7218825817108154, 2.6686038970947266, 2.611544609069824], "kl_divergences": [3.0303408493637107e-05, 4.9223392124986276e-05, 0.00011129725317005068, 4.7627232561353594e-05, 0.0001633432402741164, 0.00011554289812920615, 0.00022037468443159014, 4.1001934732776135e-05, 5.15968567924574e-05, 9.051412780536339e-05, 3.8686317566316575e-05, 4.12205008615274e-05], "generations": []}