{"source_layer": 29, "target_layer": 34, "sigmas": [12.568819999694824, 11.159424781799316, 9.372873306274414, 8.244133949279785, 7.284384250640869, 7.010136127471924, 6.743107318878174, 6.352647304534912, 5.781173229217529, 5.675306797027588, 5.487923622131348, 5.027144908905029], "kl_divergences": [0.00012543129560071975, 3.5036689951084554e-05, 7.543596439063549e-05, 0.000343130697729066, 0.0003264981205575168, 8.570842510380317e-06, 0.0001627185265533626, 0.0002867428120225668, 0.00011471604375401512, 0.00047732851817272604, 0.00010143194231204689, 7.988455763552338e-05], "generations": []}