{"source_layer": 29, "target_layer": 33, "sigmas": [8.931950569152832, 7.288529396057129, 6.361084461212158, 5.745305061340332, 5.505685806274414, 5.023151397705078, 4.96513557434082, 4.864689826965332, 4.434835433959961, 4.2391276359558105, 4.14447021484375, 4.116878986358643], "kl_divergences": [0.00021423527505248785, 5.977952969260514e-05, 0.00012004249583696947, 0.0012389837065711617, 3.69477565982379e-05, 0.00010409490641904995, 0.008357925340533257, 0.00011203647591173649, 3.7611218431266025e-05, 0.0003157473693136126, 0.0002349017304368317, 0.00018306035781279206], "generations": []}