{"source_layer": 29, "target_layer": 35, "sigmas": [33.94114685058594, 16.741607666015625, 14.675477981567383, 12.291891098022461, 11.790799140930176, 11.291563034057617, 9.26658821105957, 8.938270568847656, 8.608586311340332, 7.666203022003174, 7.412901401519775, 7.133903503417969], "kl_divergences": [0.0009351446060463786, 0.00015537663421127945, 0.00011842745880130678, 6.507917987619294e-06, 1.125543985835975e-05, 9.92084969766438e-05, 5.484358553076163e-05, 5.0291355364606716e-06, 2.829371987900231e-05, 2.5999665012932383e-05, 9.088814113056287e-05, 6.843839946668595e-05], "generations": []}