{"source_layer": 29, "target_layer": 32, "sigmas": [7.848561763763428, 6.116413116455078, 5.788856506347656, 5.126427173614502, 4.780343532562256, 4.708218574523926, 4.505427360534668, 4.118913173675537, 4.001302242279053, 3.7838103771209717, 3.578841209411621, 3.557302236557007], "kl_divergences": [0.0001985367707675323, 2.5794974135351367e-05, 2.4142314941855147e-05, 8.048029849305749e-05, 0.007749191019684076, 0.00030328816501423717, 0.000273299403488636, 0.0002066234010271728, 3.774660945055075e-05, 0.000344626052537933, 0.00029523292323574424, 8.42735607875511e-05], "generations": []}