{"source_layer": 29, "target_layer": 31, "sigmas": [6.668006420135498, 5.241250038146973, 4.885024070739746, 4.706855773925781, 4.436110973358154, 4.1277594566345215, 3.6841914653778076, 3.503469228744507, 3.3603765964508057, 3.3324713706970215, 3.0649473667144775, 2.9904189109802246], "kl_divergences": [9.037712152348831e-05, 5.492307900567539e-05, 0.000189936748938635, 0.0004273205704521388, 0.0059368726797401905, 0.00022028705279808491, 8.231829269789159e-05, 5.188892828300595e-05, 4.121828169445507e-05, 0.00021224928786978126, 3.2107142033055425e-05, 0.00040896591963246465], "generations": []}