{"source_layer": 30, "target_layer": 35, "sigmas": [30.20315170288086, 15.370484352111816, 13.229658126831055, 11.627203941345215, 10.739152908325195, 8.801030158996582, 8.173388481140137, 8.07903003692627, 7.367014408111572, 6.822494029998779, 6.531162738800049, 6.38076114654541], "kl_divergences": [0.0006726314313709736, 3.0021970815141685e-05, 6.936505815247074e-05, 1.8300608644494787e-05, 1.0533552085689735e-05, 2.32075708481716e-05, 1.6644034985802136e-05, 6.358840619213879e-05, 9.543803025735542e-05, 4.546940908767283e-05, 0.00014952920901123434, 3.992587517132051e-05], "generations": []}