{"source_layer": 30, "target_layer": 31, "sigmas": [6.123802661895752, 3.710096836090088, 3.3579225540161133, 3.262568950653076, 2.9179465770721436, 2.8231050968170166, 2.754746198654175, 2.5537586212158203, 2.45566463470459, 2.385380744934082, 2.2763352394104004, 2.2441680431365967], "kl_divergences": [7.044740050332621e-05, 0.002235894091427326, 2.544183371355757e-05, 0.00010554520122241229, 0.00016611511819064617, 0.0003396385000087321, 5.4659783927490935e-05, 6.931895768502727e-05, 4.6046294301049784e-05, 3.927191937691532e-05, 2.5563425879226997e-05, 3.958959860028699e-05], "generations": []}