{"source_layer": 30, "target_layer": 32, "sigmas": [7.348578453063965, 4.802734375, 4.209794521331787, 3.861211061477661, 3.7003746032714844, 3.446927785873413, 3.3188228607177734, 3.155562400817871, 3.0492234230041504, 2.9498820304870605, 2.902543067932129, 2.7189621925354004], "kl_divergences": [0.00022349542996380478, 3.2586936868028715e-05, 3.319175812066533e-05, 0.0039016050286591053, 9.795275400392711e-05, 0.0005694091087207198, 6.0354697779985145e-05, 1.6715110177756287e-05, 2.8739681511069648e-05, 4.396318399813026e-05, 8.705415530130267e-05, 9.86275335890241e-06], "generations": []}