{"source_layer": 30, "target_layer": 33, "sigmas": [8.486655235290527, 6.186317443847656, 4.739600658416748, 4.731805324554443, 4.232778549194336, 3.967306613922119, 3.8934271335601807, 3.792426824569702, 3.632662773132324, 3.4816644191741943, 3.371335983276367, 3.274296522140503], "kl_divergences": [0.00012726816930808127, 0.00012814572255592793, 1.6315996617777273e-05, 0.00022814555268269032, 0.00017249700613319874, 0.00028549472335726023, 0.0005246178479865193, 1.907170553749893e-05, 7.678643305553123e-05, 0.0002590601798146963, 2.3408931156154722e-05, 0.00014969670155551285], "generations": []}