{"source_layer": 30, "target_layer": 34, "sigmas": [11.432426452636719, 10.31110668182373, 8.892890930175781, 6.998524188995361, 6.473302841186523, 5.694507598876953, 5.406403064727783, 5.19549036026001, 4.799008846282959, 4.653800964355469, 4.3323211669921875, 4.290342807769775], "kl_divergences": [2.8634429327212274e-05, 0.00015005363093223423, 1.3411376130534336e-05, 8.566457108827308e-05, 3.134027429041453e-05, 4.860507033299655e-05, 4.52673266408965e-05, 9.154613508144394e-05, 8.704045467311516e-05, 0.0003811519709415734, 0.00011643685138551518, 1.5341389371315017e-05], "generations": []}