{"source_layer": 31, "target_layer": 32, "sigmas": [5.4081830978393555, 4.095633029937744, 3.4671709537506104, 3.140998125076294, 2.891063690185547, 2.8463735580444336, 2.8177316188812256, 2.794468641281128, 2.513309955596924, 2.4087157249450684, 2.40224027633667, 2.2620911598205566], "kl_divergences": [8.939608233049512e-05, 2.0242961909389123e-05, 2.037042213487439e-05, 1.8949571312987246e-05, 6.0511036281241104e-05, 4.002323839813471e-05, 3.5680201108334586e-05, 6.662258783762809e-06, 3.216262848582119e-05, 5.1108800107613206e-05, 2.2298692783806473e-05, 3.1054321880219504e-05], "generations": []}