{"source_layer": 31, "target_layer": 34, "sigmas": [16.970592498779297, 9.120011329650879, 7.259978771209717, 6.254480361938477, 6.183078765869141, 5.773467063903809, 5.462960243225098, 4.915680408477783, 4.431833744049072, 4.255627632141113, 4.019649028778076, 3.923424482345581], "kl_divergences": [0.00019490344857331365, 2.076666714856401e-05, 2.7487387342262082e-05, 2.9253020329633728e-05, 0.00019413493282627314, 0.00021235074382275343, 3.1516879062110092e-06, 9.432787010155153e-06, 2.542336005717516e-05, 0.00014963163994252682, 4.071827061125077e-05, 0.00016630104801151901], "generations": []}