{"source_layer": 31, "target_layer": 35, "sigmas": [29.05643081665039, 21.112279891967773, 12.583908081054688, 10.638113975524902, 9.077164649963379, 8.51972770690918, 7.863541603088379, 7.413438320159912, 7.095099449157715, 6.660974502563477, 6.1966471672058105, 5.965630054473877], "kl_divergences": [0.0015886969631537795, 0.00021719974756706506, 0.00010314306564396247, 1.0903449947363697e-05, 5.935205626883544e-05, 5.000433702662122e-07, 2.9121512852725573e-05, 1.947933924384415e-05, 6.29616915830411e-05, 3.9842243495513685e-06, 3.4359851269982755e-05, 1.6446303561679088e-05], "generations": []}