{"source_layer": 31, "target_layer": 33, "sigmas": [8.062302589416504, 5.298501968383789, 4.791259288787842, 4.551097869873047, 4.120849609375, 3.8543522357940674, 3.4414939880371094, 3.334397554397583, 3.198914051055908, 3.023940086364746, 2.9045145511627197, 2.7872021198272705], "kl_divergences": [4.7150668251561e-05, 0.00031987475813366473, 7.175184146035463e-05, 1.927417906699702e-05, 6.181596108945087e-05, 1.5250469004968181e-05, 2.777163354039658e-05, 2.8198623112984933e-05, 1.9129955035168678e-05, 7.588839798700064e-05, 1.7032933101290837e-05, 5.0394537538522854e-05], "generations": []}