{"source_layer": 32, "target_layer": 33, "sigmas": [7.391003608703613, 4.579836845397949, 4.052104473114014, 3.688992500305176, 3.6059329509735107, 3.1891841888427734, 2.95872163772583, 2.727128028869629, 2.601799249649048, 2.5320210456848145, 2.434751033782959, 2.4218344688415527], "kl_divergences": [5.043886267230846e-05, 0.00022163242101669312, 2.386533742537722e-05, 1.3982138625578955e-05, 0.00012757426884490997, 4.337112113717012e-05, 0.00010325377661501989, 2.4213670258177444e-05, 3.3297274057986215e-06, 4.595783684635535e-05, 1.5443909433088265e-05, 5.368692654883489e-06], "generations": []}