{"source_layer": 32, "target_layer": 34, "sigmas": [17.262683868408203, 9.236605644226074, 6.953977584838867, 6.1303253173828125, 5.814978122711182, 5.09792423248291, 4.870731353759766, 4.551452159881592, 4.322739124298096, 3.9578959941864014, 3.7734856605529785, 3.6624257564544678], "kl_divergences": [0.00014017023204360157, 3.322363045299426e-05, 1.6242465790128335e-05, 1.3981656593387015e-05, 6.614086305489764e-05, 4.1444213820795994e-06, 2.128301639459096e-05, 6.157714960863814e-05, 9.933363799063955e-06, 3.4905344364233315e-05, 3.2351694244425744e-05, 0.00012524021440185606], "generations": []}