{"source_layer": 32, "target_layer": 35, "sigmas": [28.576162338256836, 21.480798721313477, 12.734576225280762, 10.03160285949707, 8.555760383605957, 7.993696212768555, 7.403069496154785, 6.981534957885742, 6.619976997375488, 6.171187877655029, 5.675978183746338, 5.376230716705322], "kl_divergences": [0.0006538800662383437, 0.0003342924464959651, 0.00010540248331381008, 2.552140358602628e-06, 0.00013086298713460565, 2.519360714359209e-05, 1.984375194297172e-05, 6.459454652940622e-06, 1.5517922292929143e-05, 7.578356598969549e-05, 8.451378562313039e-06, 4.1766879803617485e-06], "generations": []}