{"source_layer": 33, "target_layer": 34, "sigmas": [18.772878646850586, 14.614371299743652, 6.2044243812561035, 6.0118327140808105, 4.516803741455078, 4.358644962310791, 4.204646110534668, 3.8566219806671143, 3.6078450679779053, 3.4761195182800293, 3.300510883331299, 3.266010284423828], "kl_divergences": [7.151626959966961e-06, 0.00011513175559230149, 1.721395346976351e-05, 1.3046109415881801e-05, 4.679435005527921e-05, 1.2410986528266221e-05, 1.7788308468880132e-05, 2.590013900771737e-05, 5.0442969950381666e-05, 8.72976852406282e-06, 4.097071723663248e-06, 4.2593270336510614e-05], "generations": []}