{"source_layer": 33, "target_layer": 35, "sigmas": [28.433298110961914, 24.82246971130371, 16.715179443359375, 8.969966888427734, 8.1986665725708, 7.687129974365234, 7.295868396759033, 6.782557010650635, 5.889927387237549, 5.773925304412842, 5.313020706176758, 5.146284103393555], "kl_divergences": [0.0024626224767416716, 2.0756235244334675e-05, 0.00013944815145805478, 2.1491263396455906e-05, 1.2501912351581268e-05, 1.4714298686158145e-06, 1.6167108697118238e-05, 5.258523015072569e-05, 2.918699465226382e-06, 2.0040810341015458e-05, 1.288155181100592e-05, 1.7299080354860052e-05], "generations": []}