{"source_layer": 34, "target_layer": 35, "sigmas": [25.892799377441406, 16.2979793548584, 10.934300422668457, 7.649986267089844, 6.490898132324219, 5.74008846282959, 5.034915447235107, 4.138557434082031, 4.002316474914551, 3.6220037937164307, 3.5501785278320312, 3.4904236793518066], "kl_divergences": [0.0006408690242096782, 0.00013562350068241358, 4.817176886717789e-06, 5.658333975588903e-06, 4.406514563015662e-05, 4.448694653547136e-06, 1.3430170838546474e-05, 1.340314429398859e-05, 1.6872454580152407e-05, 5.644609700539149e-06, 4.229999103699811e-05, 7.5928182923235e-05], "generations": []}