{"source_layer": 4, "target_layer": 21, "sigmas": [35.186336517333984, 29.58562469482422, 28.233699798583984, 24.52720069885254, 23.09866714477539, 22.838573455810547, 21.249217987060547, 19.884387969970703, 18.331113815307617, 17.85944938659668, 17.523286819458008, 16.424482345581055], "kl_divergences": [0.00476412009447813, 0.0694965347647667, 0.0025214857887476683, 0.0014268169179558754, 0.20466063916683197, 0.3733149468898773, 0.16259275376796722, 0.2587110102176666, 0.005660641938447952, 0.00586084695532918, 0.0023137296084314585, 0.0014503577258437872], "generations": []}