{"source_layer": 6, "target_layer": 10, "sigmas": [13.297757148742676, 11.806526184082031, 9.685568809509277, 9.417019844055176, 9.225397109985352, 9.10223388671875, 8.592540740966797, 8.252263069152832, 7.952187538146973, 7.814013481140137, 7.553300857543945, 7.300443649291992], "kl_divergences": [0.0034698271192610264, 0.0016066994285210967, 0.025877617299556732, 0.01338996458798647, 0.0014993344666436315, 0.009607665240764618, 0.12090279161930084, 0.0014067362062633038, 0.009332502260804176, 0.005101215094327927, 0.1405235379934311, 0.2125793695449829], "generations": []}