{"source_layer": 6, "target_layer": 8, "sigmas": [7.898850917816162, 7.708105564117432, 7.087316989898682, 6.455862998962402, 6.057328224182129, 5.485195159912109, 5.368045330047607, 5.245116710662842, 5.170569896697998, 4.961016654968262, 4.7917304039001465, 4.622997760772705], "kl_divergences": [0.0016096166800707579, 0.0016845862846821547, 0.019536960870027542, 0.001355451880954206, 0.0017163580050691962, 0.016143174842000008, 0.010848470963537693, 0.08745072782039642, 0.0016598486108705401, 0.01689070835709572, 0.016340680420398712, 0.0018606039229780436], "generations": []}