{"source_layer": 7, "target_layer": 16, "sigmas": [23.42010498046875, 17.90146827697754, 15.323826789855957, 13.94948673248291, 13.21853256225586, 12.217240333557129, 12.132993698120117, 11.180122375488281, 10.5880708694458, 10.241556167602539, 10.009659767150879, 9.604323387145996], "kl_divergences": [0.0058678858913481236, 0.0009967668447643518, 0.01296465564519167, 0.05927899852395058, 0.06437074393033981, 0.03258463740348816, 0.05357316881418228, 0.01358339935541153, 0.004035069607198238, 0.04216330870985985, 0.0895402804017067, 0.00385641073808074], "generations": []}