{"source_layer": 8, "target_layer": 9, "sigmas": [7.971429824829102, 6.6175055503845215, 6.340052127838135, 4.940282821655273, 4.912088394165039, 4.809774875640869, 4.6689453125, 4.582772731781006, 4.461431503295898, 4.3213324546813965, 4.192860126495361, 3.964277505874634], "kl_divergences": [0.002508993726223707, 0.001427344512194395, 0.4207489490509033, 0.022769832983613014, 0.0603167898952961, 0.0011094482615590096, 0.001552337664179504, 0.0015839716652408242, 0.000938057666644454, 0.07358698546886444, 0.06558237969875336, 0.0030785168055444956], "generations": []}