{"source_layer": 0, "target_layer": 10, "scale": 1.7799826622009276, "sigmas": [52.76133728027344, 42.17058181762695, 39.89515686035156, 33.35235595703125, 32.13932800292969, 29.12552261352539, 28.73179817199707, 28.17021942138672, 27.373292922973633, 24.866559982299805, 23.979534149169922, 23.128116607666016], "kl_divergences": [0.010696269571781158, 0.011769379489123821, 0.052136290818452835, 0.0046881879679858685, 0.10807103663682938, 0.008542506955564022, 0.11208412796258926, 0.0034407766070216894, 0.0056387134827673435, 0.0026563166175037622, 0.3444962501525879, 0.028754370287060738], "generations": []}