{"source_layer": 0, "target_layer": 12, "scale": 1.7799826622009276, "sigmas": [52.79690170288086, 41.636329650878906, 39.302921295166016, 34.08077621459961, 33.34791564941406, 29.793954849243164, 28.981307983398438, 27.477323532104492, 27.21946907043457, 26.211748123168945, 23.525625228881836, 22.463111877441406], "kl_divergences": [0.23495931923389435, 0.034861668944358826, 0.001675586448982358, 0.0018795093055814505, 0.02379445917904377, 0.022647839039564133, 0.005729293916374445, 0.004532202612608671, 0.2600850462913513, 0.0031578168272972107, 0.02482333779335022, 0.0018110681558027864], "generations": []}