{"source_layer": 0, "target_layer": 17, "scale": 1.7799826622009276, "sigmas": [55.76796340942383, 46.47628402709961, 43.72698974609375, 40.61360549926758, 39.16164779663086, 34.85673522949219, 32.80502700805664, 32.2331428527832, 30.100292205810547, 28.928171157836914, 27.974557876586914, 25.122886657714844], "kl_divergences": [0.3738105595111847, 0.034217469394207, 0.020464368164539337, 0.007612359244376421, 0.01381017081439495, 0.007639640476554632, 0.11167407035827637, 0.004379128571599722, 0.016950687393546104, 0.05884770676493645, 0.0024657570756971836, 0.003473713994026184], "generations": []}