{"source_layer": 0, "target_layer": 2, "scale": 1.7799826622009276, "sigmas": [11.129859924316406, 9.608681678771973, 8.467133522033691, 8.099308013916016, 7.376378536224365, 7.175737380981445, 6.882006645202637, 6.434329509735107, 6.203160762786865, 6.077126979827881, 5.905345916748047, 5.749762058258057], "kl_divergences": [0.016711769625544548, 0.0172741636633873, 0.01133682206273079, 0.08056417852640152, 0.3798992931842804, 0.215812087059021, 0.0475548692047596, 0.25172314047813416, 0.07136670500040054, 0.21884854137897491, 0.034895412623882294, 0.35646721720695496], "generations": []}