{"source_layer": 0, "target_layer": 21, "scale": 1.7799826622009276, "sigmas": [67.75565338134766, 60.15982437133789, 58.5322265625, 54.4924430847168, 50.405677795410156, 44.988094329833984, 43.97105407714844, 42.189273834228516, 39.33815383911133, 38.5823860168457, 37.019203186035156, 34.26301956176758], "kl_divergences": [0.294760137796402, 0.0070357779040932655, 0.004153864923864603, 0.002391951624304056, 0.025729205459356308, 0.2186649590730667, 0.002196189248934388, 0.003924002405256033, 0.007099456153810024, 0.08948761224746704, 0.4668225347995758, 0.20765197277069092], "generations": []}