{"source_layer": 0, "target_layer": 27, "scale": 1.7799826622009276, "sigmas": [159.30491638183594, 136.2186737060547, 122.76256561279297, 118.73802947998047, 107.4518051147461, 102.5508804321289, 97.48619079589844, 90.46287536621094, 87.5233383178711, 81.794921875, 78.03724670410156, 74.31574249267578], "kl_divergences": [0.005830851383507252, 0.4626375734806061, 0.07854612916707993, 0.005999743472784758, 0.014389561489224434, 0.4629216194152832, 0.0049326070584356785, 0.05208849534392357, 0.01713014952838421, 0.004579938016831875, 0.009616606868803501, 0.2136119306087494], "generations": []}