{"source_layer": 0, "target_layer": 31, "scale": 1.7799826622009276, "sigmas": [270.2952575683594, 203.9768524169922, 181.9641571044922, 175.35220336914062, 166.22463989257812, 153.5446319580078, 146.67379760742188, 138.70877075195312, 127.89506530761719, 121.02212524414062, 114.49332427978516, 107.45418548583984], "kl_divergences": [0.0064106229692697525, 0.35690057277679443, 0.006513274274766445, 0.004604464862495661, 0.17801402509212494, 0.07624205946922302, 0.22072027623653412, 0.004419130273163319, 0.2586645483970642, 0.013796983286738396, 0.11560286581516266, 0.041110266000032425], "generations": []}