{"source_layer": 0, "target_layer": 6, "scale": 1.7799826622009276, "sigmas": [38.858177185058594, 29.55855369567871, 27.716596603393555, 23.87978744506836, 23.511154174804688, 22.38901138305664, 21.281471252441406, 19.290281295776367, 18.146818161010742, 17.231266021728516, 17.12357521057129, 16.53423309326172], "kl_divergences": [0.399058073759079, 0.07806604355573654, 0.0030634698923677206, 0.001752615557052195, 0.011631080880761147, 0.0039444356225430965, 0.0008284876239486039, 0.21730946004390717, 0.061765484511852264, 0.00037888484075665474, 0.0011745830997824669, 0.008256679400801659], "generations": []}