{"source_layer": 10, "target_layer": 12, "scale": 9.202599143981933, "sigmas": [7.196687698364258, 5.697677135467529, 5.55311393737793, 5.350070476531982, 5.240370273590088, 4.838130474090576, 4.7424116134643555, 4.668292999267578, 4.415334701538086, 4.24550199508667, 4.209599494934082, 3.858912944793701], "kl_divergences": [0.00378571473993361, 0.006837316323071718, 0.057500362396240234, 0.0006176452152431011, 0.0006993893184699118, 0.006461206823587418, 0.0021093825343996286, 0.0033208325039595366, 0.0042057340033352375, 0.011610968969762325, 0.013371458277106285, 0.00837920606136322], "generations": []}