{"source_layer": 11, "target_layer": 13, "scale": 8.306782245635986, "sigmas": [10.055367469787598, 9.386690139770508, 7.7769927978515625, 7.257479190826416, 6.937111854553223, 6.471465110778809, 6.128961086273193, 6.076376914978027, 5.713565826416016, 5.510262489318848, 5.038187503814697, 4.961952209472656], "kl_divergences": [0.0032733820844441652, 0.001973939361050725, 0.004721781704574823, 0.01882987655699253, 0.001284656347706914, 0.017650121822953224, 0.00499492883682251, 0.00277488911524415, 0.005933261942118406, 0.001712969271466136, 0.03205022215843201, 0.003468387760221958], "generations": []}