{"source_layer": 12, "target_layer": 13, "scale": 8.429512691497802, "sigmas": [8.566946983337402, 6.608238697052002, 6.251734733581543, 5.9641828536987305, 5.650382041931152, 5.4068732261657715, 5.2929205894470215, 5.204685688018799, 4.863624095916748, 4.777836799621582, 4.6015944480896, 4.2849578857421875], "kl_divergences": [0.4085317850112915, 0.41733643412590027, 0.005612948443740606, 0.005526817869395018, 0.007106283213943243, 0.015436757355928421, 0.007119765039533377, 0.002107717329636216, 0.0036608523223549128, 0.002092022215947509, 0.0029950235038995743, 0.0041789584793150425], "generations": []}