{"source_layer": 12, "target_layer": 14, "scale": 8.429512691497802, "sigmas": [9.95885181427002, 8.620072364807129, 7.850360870361328, 7.80865478515625, 7.182849884033203, 6.968908786773682, 6.749662399291992, 6.62833309173584, 6.11775016784668, 5.865275859832764, 5.674059867858887, 5.453189849853516], "kl_divergences": [0.00558016262948513, 0.052382346242666245, 0.003270275192335248, 0.010485721752047539, 0.004031505901366472, 0.2206406593322754, 0.0068556880578398705, 0.002392058726400137, 0.2534655034542084, 0.006591618526726961, 0.003918148111552, 0.011235727928578854], "generations": []}