{"source_layer": 14, "target_layer": 15, "scale": 10.036482048034667, "sigmas": [6.57338809967041, 5.201968669891357, 5.134134769439697, 4.672897815704346, 4.3100714683532715, 4.146895885467529, 4.121337413787842, 3.869847297668457, 3.8551509380340576, 3.6781227588653564, 3.509587049484253, 3.3955461978912354], "kl_divergences": [0.10915746539831161, 0.002518215449526906, 0.004347814712673426, 0.03631032258272171, 0.007883192040026188, 0.0015129969688132405, 0.024401400238275528, 0.007464111316949129, 0.022018715739250183, 0.004612821154296398, 0.003561875782907009, 0.018185965716838837], "generations": []}