{"source_layer": 1, "target_layer": 11, "scale": 1.5586107730865477, "sigmas": [43.70500564575195, 35.97821044921875, 33.69906234741211, 29.193971633911133, 27.473255157470703, 25.663625717163086, 24.732906341552734, 23.998220443725586, 23.230144500732422, 21.81985855102539, 20.603471755981445, 19.80514907836914], "kl_divergences": [0.052782244980335236, 0.0007636142545379698, 0.09050443023443222, 0.09015242755413055, 0.013175512664020061, 0.03495761379599571, 0.049779701977968216, 0.02147822640836239, 0.0005271292757242918, 0.010697983205318451, 0.09153228998184204, 0.0005508705507963896], "generations": []}