{"source_layer": 1, "target_layer": 12, "scale": 1.5586107730865477, "sigmas": [44.012699127197266, 36.356990814208984, 33.80965805053711, 30.40717315673828, 27.80128288269043, 25.618572235107422, 25.056394577026367, 24.712005615234375, 23.193449020385742, 21.888530731201172, 20.56346893310547, 19.58911895751953], "kl_divergences": [0.12246066331863403, 0.0016980324871838093, 0.2515178918838501, 0.005165122915059328, 0.00432039238512516, 0.004178718198090792, 0.032442931085824966, 0.004591424949467182, 0.024527959525585175, 0.0011174035025760531, 0.00759687228128314, 0.0037842250894755125], "generations": []}