{"source_layer": 1, "target_layer": 17, "scale": 1.5586107730865477, "sigmas": [46.8620719909668, 41.877235412597656, 36.24987030029297, 35.72050476074219, 34.029476165771484, 29.45343017578125, 28.53644561767578, 27.404769897460938, 26.184432983398438, 25.52653694152832, 23.857446670532227, 23.042743682861328], "kl_divergences": [0.4337010979652405, 0.011923094280064106, 0.00462117325514555, 0.002216293942183256, 0.013099242933094501, 0.0036172999534755945, 0.005310431122779846, 0.0034666929859668016, 0.003216976299881935, 0.0030347839929163456, 0.12861718237400055, 0.027414672076702118], "generations": []}