{"source_layer": 1, "target_layer": 18, "scale": 1.5586107730865477, "sigmas": [48.04484176635742, 42.999725341796875, 37.69701385498047, 37.427913665771484, 33.93564987182617, 31.81134033203125, 30.27041244506836, 29.299346923828125, 27.340789794921875, 26.912738800048828, 24.182687759399414, 23.87148666381836], "kl_divergences": [0.3327367901802063, 0.00035864845267497003, 0.014831015840172768, 0.004147007595747709, 0.00802478939294815, 0.02233256585896015, 0.0036636993754655123, 0.003563512582331896, 0.004610875155776739, 0.0016548903658986092, 0.022108109667897224, 0.003715908620506525], "generations": []}