{"source_layer": 1, "target_layer": 20, "scale": 1.5586107730865477, "sigmas": [51.7678337097168, 48.080101013183594, 46.764888763427734, 42.70166015625, 37.85799026489258, 37.03800582885742, 34.378902435302734, 33.52561569213867, 30.752288818359375, 29.41313362121582, 27.538532257080078, 25.72715950012207], "kl_divergences": [0.10869947075843811, 0.46408626437187195, 0.2160484492778778, 0.4015335142612457, 0.033201683312654495, 0.001405914779752493, 0.009241253137588501, 0.003632418578490615, 0.34356221556663513, 0.008234089240431786, 0.010626140981912613, 0.00518126180395484], "generations": []}