{"source_layer": 1, "target_layer": 25, "scale": 1.5586107730865477, "sigmas": [107.07162475585938, 97.2957992553711, 83.89412689208984, 81.80989837646484, 73.75252532958984, 68.74488067626953, 67.50653839111328, 63.88447189331055, 61.74807357788086, 58.6766471862793, 53.874671936035156, 53.293556213378906], "kl_divergences": [0.006289515178650618, 0.4145384132862091, 0.07544797658920288, 0.0008875876083038747, 0.04299675673246384, 0.0008092782809399068, 0.08084258437156677, 0.2165747880935669, 0.0023722960613667965, 0.004883446730673313, 0.003061133436858654, 0.0030053486116230488], "generations": []}