{"source_layer": 1, "target_layer": 26, "scale": 1.5586107730865477, "sigmas": [124.13302612304688, 107.49186706542969, 92.00838470458984, 90.23710632324219, 83.07445526123047, 76.99149322509766, 75.26451110839844, 72.12249755859375, 68.72576141357422, 62.209922790527344, 60.99770736694336, 58.26438522338867], "kl_divergences": [0.005906643345952034, 0.21420709788799286, 0.07660893350839615, 0.014038319699466228, 0.07801145315170288, 0.0006745164864696562, 0.024896176531910896, 0.0031850740779191256, 0.006125800311565399, 0.2556536793708801, 0.002295979531481862, 0.0025939932093024254], "generations": []}