{"source_layer": 1, "target_layer": 4, "scale": 1.5586107730865477, "sigmas": [17.105379104614258, 14.73124885559082, 12.007771492004395, 11.439824104309082, 10.853292465209961, 10.245787620544434, 9.631864547729492, 9.19359016418457, 8.839812278747559, 8.208259582519531, 7.675670623779297, 7.26920747756958], "kl_divergences": [0.03372880816459656, 0.03927084431052208, 0.021148020401597023, 0.0007558625075034797, 0.026866236701607704, 0.002590673277154565, 0.00587273808196187, 0.07423584908246994, 0.0032420812640339136, 0.00040615108446218073, 0.01321615744382143, 0.06859025359153748], "generations": []}