{"source_layer": 1, "target_layer": 5, "scale": 1.5586107730865477, "sigmas": [29.053882598876953, 19.273191452026367, 18.113271713256836, 17.05784797668457, 15.46608829498291, 14.76627254486084, 13.718353271484375, 12.675683975219727, 12.376808166503906, 11.449416160583496, 10.99877643585205, 10.606549263000488], "kl_divergences": [0.10844279080629349, 0.0008165102335624397, 0.0015986367361620069, 0.007980753667652607, 0.004661926068365574, 0.017877323552966118, 0.00025747192557901144, 0.03299335017800331, 0.25216439366340637, 0.007719035260379314, 0.016653958708047867, 0.016966229304671288], "generations": []}