{"source_layer": 1, "target_layer": 6, "scale": 1.5586107730865477, "sigmas": [32.0012092590332, 24.449399948120117, 22.48958396911621, 20.845069885253906, 19.00193977355957, 18.48280143737793, 17.632436752319336, 15.464583396911621, 15.158174514770508, 13.88547420501709, 13.650247573852539, 12.69649887084961], "kl_divergences": [0.024583840742707253, 0.012568389996886253, 0.02136135660111904, 0.009593998081982136, 0.002990463050082326, 0.0001714589452603832, 0.03363751620054245, 0.007285963278263807, 0.010329920798540115, 0.0005003197002224624, 0.015372171998023987, 0.005678760819137096], "generations": []}