{"source_layer": 1, "target_layer": 7, "scale": 1.5586107730865477, "sigmas": [33.71138381958008, 26.491331100463867, 23.824844360351562, 22.69249725341797, 20.30360221862793, 19.44724464416504, 18.129941940307617, 17.22953224182129, 16.448318481445312, 15.299718856811523, 14.5149507522583, 13.633912086486816], "kl_divergences": [0.007089818827807903, 0.035703957080841064, 0.0036059091798961163, 0.06668578833341599, 0.0033133302349597216, 0.008067822083830833, 0.00022156760678626597, 0.013824274763464928, 0.0008738765609450638, 0.0009581084013916552, 0.017198210582137108, 0.0004125414416193962], "generations": []}