{"source_layer": 1, "target_layer": 8, "scale": 1.5586107730865477, "sigmas": [35.829689025878906, 32.97291946411133, 27.368270874023438, 25.123620986938477, 22.53728675842285, 21.8530330657959, 21.03584098815918, 19.409137725830078, 18.71806526184082, 18.16815948486328, 17.302806854248047, 16.378662109375], "kl_divergences": [0.07540565729141235, 0.0058671534061431885, 0.03054884821176529, 0.023189648985862732, 0.0408870205283165, 0.023026518523693085, 0.00409257085993886, 0.01968926377594471, 0.01689205691218376, 0.0645856037735939, 0.07463116943836212, 0.008034097962081432], "generations": []}