{"source_layer": 25, "target_layer": 27, "scale": 38.68510437011719, "sigmas": [6.897216320037842, 5.617136001586914, 5.26356315612793, 4.8790364265441895, 4.818099021911621, 4.548593521118164, 4.282763481140137, 4.028202533721924, 3.946295976638794, 3.822927474975586, 3.704667329788208, 3.5062458515167236], "kl_divergences": [0.011803221888840199, 0.00717319268733263, 0.2947976887226105, 0.006699777208268642, 0.006113072857260704, 0.025549525395035744, 0.1349632292985916, 0.005814889445900917, 0.009654518216848373, 0.17988161742687225, 0.009535211138427258, 0.009781181812286377], "generations": []}