{"source_layer": 25, "target_layer": 29, "scale": 38.68510437011719, "sigmas": [10.122529983520508, 8.778849601745605, 7.7564005851745605, 7.495446681976318, 7.420366287231445, 7.2433671951293945, 6.7340407371521, 6.556629657745361, 6.249216079711914, 5.786088943481445, 5.624878883361816, 5.252342700958252], "kl_divergences": [0.09077893942594528, 0.028981687501072884, 0.005334464367479086, 0.23749665915966034, 0.0038388988468796015, 0.003047158243134618, 0.01121667493134737, 0.006006802897900343, 0.4784889221191406, 0.34512656927108765, 0.008070050738751888, 0.02304261364042759], "generations": []}