{"source_layer": 26, "target_layer": 27, "scale": 38.51027793884277, "sigmas": [4.228109836578369, 3.942605495452881, 3.68683123588562, 3.4574973583221436, 3.4055182933807373, 3.32270884513855, 3.14323353767395, 3.0983150005340576, 2.9415152072906494, 2.890777349472046, 2.7992043495178223, 2.6939480304718018], "kl_divergences": [0.0020452679600566626, 0.013781687244772911, 0.0041994936764240265, 0.005192738492041826, 0.0054660215973854065, 0.013412760570645332, 0.13182753324508667, 0.017943687736988068, 0.003852392314001918, 0.01627381518483162, 0.0008590096258558333, 0.0202079676091671], "generations": []}