{"source_layer": 2, "target_layer": 10, "scale": 1.221783137321472, "sigmas": [40.69028091430664, 35.176395416259766, 29.85296058654785, 28.721561431884766, 24.716703414916992, 23.581886291503906, 23.164060592651367, 21.25502586364746, 20.810590744018555, 19.649179458618164, 18.578392028808594, 17.694538116455078], "kl_divergences": [0.13193050026893616, 0.11655882745981216, 0.014726641587913036, 0.0007145162671804428, 0.0027657137252390385, 0.002056251047179103, 0.014057982712984085, 0.010311046615242958, 0.0014849838335067034, 0.002605740213766694, 0.0018617521272972226, 0.003312577959150076], "generations": []}