{"source_layer": 2, "target_layer": 11, "scale": 1.221783137321472, "sigmas": [39.27280807495117, 35.656707763671875, 29.294546127319336, 28.21493148803711, 25.30081558227539, 23.836095809936523, 23.368194580078125, 22.343673706054688, 20.27765655517578, 19.944433212280273, 18.417137145996094, 18.061981201171875], "kl_divergences": [0.46452590823173523, 0.06661898642778397, 0.010305173695087433, 0.10821294784545898, 0.05097370222210884, 0.01827060431241989, 0.012517555616796017, 0.041168034076690674, 0.008148052729666233, 0.000731023377738893, 0.0006299689412117004, 0.017949089407920837], "generations": []}