{"source_layer": 2, "target_layer": 12, "scale": 1.221783137321472, "sigmas": [39.53446578979492, 36.23481750488281, 29.899213790893555, 28.950916290283203, 25.803783416748047, 23.612215042114258, 23.59468650817871, 22.83477020263672, 20.91646957397461, 19.376619338989258, 18.62313461303711, 18.12912940979004], "kl_divergences": [0.013421069830656052, 0.019393352791666985, 0.004989860579371452, 0.0013435519067570567, 0.017260324209928513, 0.01925789564847946, 0.014491640031337738, 0.0006186514510773122, 0.00619505112990737, 0.007814484648406506, 0.03346206620335579, 0.010005672462284565], "generations": []}