{"source_layer": 2, "target_layer": 13, "scale": 1.221783137321472, "sigmas": [44.022621154785156, 40.69102096557617, 32.53055191040039, 30.725374221801758, 28.152507781982422, 27.08887481689453, 25.983625411987305, 25.168827056884766, 23.42902374267578, 22.1363525390625, 21.33192253112793, 20.66364288330078], "kl_divergences": [0.07534601539373398, 0.0030651038978248835, 0.0034427952487021685, 0.0020216258708387613, 0.0021090968511998653, 0.2472379058599472, 0.0008631484233774245, 0.008856783621013165, 0.0004354260163381696, 0.0009418818517588079, 0.02142849937081337, 0.0029591196216642857], "generations": []}