{"source_layer": 2, "target_layer": 14, "scale": 1.221783137321472, "sigmas": [43.18666458129883, 42.47066116333008, 33.953712463378906, 31.10337257385254, 30.204591751098633, 28.049091339111328, 26.369661331176758, 24.96066665649414, 24.841331481933594, 24.338329315185547, 22.95081901550293, 19.576309204101562], "kl_divergences": [0.09607884287834167, 0.0015819285763427615, 0.1537691056728363, 0.0015605251537635922, 0.010579569265246391, 0.003471534699201584, 0.0027626503724604845, 0.004369903821498156, 0.0002565680770203471, 0.1283477246761322, 0.010273653082549572, 0.006100493483245373], "generations": []}