{"source_layer": 2, "target_layer": 15, "scale": 1.221783137321472, "sigmas": [45.09489822387695, 44.18097686767578, 35.594818115234375, 32.52762222290039, 31.25857162475586, 28.872236251831055, 27.85247039794922, 26.093896865844727, 25.503467559814453, 24.93140411376953, 23.031015396118164, 21.205427169799805], "kl_divergences": [0.04394423961639404, 0.0018309269798919559, 0.051069241017103195, 0.00025437638396397233, 0.004820776637643576, 0.46416816115379333, 0.0025714747607707977, 0.0009479114669375122, 0.004002906382083893, 0.016681650653481483, 0.0013107839040458202, 0.003375258995220065], "generations": []}