{"source_layer": 2, "target_layer": 17, "scale": 1.221783137321472, "sigmas": [42.90986251831055, 41.729312896728516, 33.90811538696289, 32.307621002197266, 31.302345275878906, 28.760644912719727, 27.114517211914062, 25.383203506469727, 24.566591262817383, 23.943885803222656, 22.100582122802734, 21.63532257080078], "kl_divergences": [0.4645698070526123, 0.051991913467645645, 0.01985333114862442, 0.002194056287407875, 0.022281009703874588, 0.00446593202650547, 0.15375635027885437, 0.013593506067991257, 0.002757659647613764, 0.008227490819990635, 0.06198333203792572, 0.007399457972496748], "generations": []}