{"source_layer": 2, "target_layer": 18, "scale": 1.221783137321472, "sigmas": [44.49350357055664, 42.54468536376953, 35.15617752075195, 32.99818420410156, 32.1347541809082, 29.930870056152344, 29.060087203979492, 27.90762710571289, 25.363216400146484, 25.14974594116211, 23.886581420898438, 22.522109985351562], "kl_divergences": [0.001397892483510077, 0.0910748541355133, 0.03576413542032242, 0.010825341567397118, 0.0061415089294314384, 0.3099897503852844, 0.06236131116747856, 0.01409496646374464, 0.004311334807425737, 0.0019317329861223698, 0.0034491426777094603, 0.004730547312647104], "generations": []}