{"source_layer": 2, "target_layer": 20, "scale": 1.221783137321472, "sigmas": [47.59219741821289, 46.40939712524414, 42.803165435791016, 39.85639572143555, 35.538063049316406, 34.70909118652344, 31.585790634155273, 30.82609748840332, 28.90708351135254, 27.073928833007812, 25.903301239013672, 25.403228759765625], "kl_divergences": [0.011112050153315067, 0.0018934095278382301, 0.002983811777085066, 0.007571150548756123, 0.001206282409839332, 0.003439563326537609, 0.013424078933894634, 0.010875426232814789, 0.03394746035337448, 0.0006954600103199482, 0.0025549698621034622, 0.10756723582744598], "generations": []}