{"source_layer": 2, "target_layer": 21, "scale": 1.221783137321472, "sigmas": [54.00958251953125, 50.64372634887695, 45.8480110168457, 44.42501449584961, 39.884918212890625, 38.465457916259766, 34.83115768432617, 33.445587158203125, 31.759653091430664, 30.53032112121582, 29.681642532348633, 28.750024795532227], "kl_divergences": [0.0031374364625662565, 0.002014767611399293, 0.12958064675331116, 0.002022258471697569, 0.006320930551737547, 0.1111365407705307, 0.0015208752593025565, 0.0033271629363298416, 0.2143404334783554, 0.002466451143845916, 0.006441490724682808, 0.0021633135620504618], "generations": []}