{"source_layer": 2, "target_layer": 22, "scale": 1.221783137321472, "sigmas": [60.7266960144043, 54.992088317871094, 50.71683120727539, 47.627647399902344, 42.73849105834961, 40.91200637817383, 37.420345306396484, 35.91080856323242, 34.65537643432617, 34.102516174316406, 32.445194244384766, 31.75911521911621], "kl_divergences": [0.01772957481443882, 0.18157272040843964, 0.00787529069930315, 0.01788925938308239, 0.00043255469063296914, 0.0033609047532081604, 0.0018851414788514376, 0.0056302607990801334, 0.2524021565914154, 0.013775518164038658, 0.005294793285429478, 0.0021937198471277952], "generations": []}