{"source_layer": 2, "target_layer": 23, "scale": 1.221783137321472, "sigmas": [69.39376831054688, 64.87722778320312, 58.44652557373047, 52.6710319519043, 50.43928146362305, 46.953521728515625, 45.35101318359375, 44.00468444824219, 39.952613830566406, 38.071861267089844, 36.16100311279297, 35.12886047363281], "kl_divergences": [0.0218213964253664, 0.21408596634864807, 0.008797716349363327, 0.0627916008234024, 0.0015706632984802127, 0.15366299450397491, 0.056473258882761, 0.00042029310134239495, 0.002612267853692174, 0.007841840386390686, 0.19644130766391754, 0.0037729928735643625], "generations": []}