{"source_layer": 2, "target_layer": 24, "scale": 1.221783137321472, "sigmas": [82.4156494140625, 74.09988403320312, 65.21407318115234, 61.99502944946289, 59.75908660888672, 56.05458068847656, 52.10738754272461, 50.170475006103516, 46.771488189697266, 44.581199645996094, 43.68288040161133, 41.66349792480469], "kl_divergences": [0.0011474646162241697, 0.18147556483745575, 0.0018424144946038723, 0.028849080204963684, 0.002789525780826807, 0.10791350156068802, 0.009209978394210339, 0.054446980357170105, 0.0005471757031045854, 0.0018976982682943344, 0.002005324000492692, 0.002818208420649171], "generations": []}