{"source_layer": 2, "target_layer": 27, "scale": 1.221783137321472, "sigmas": [135.874755859375, 105.60269165039062, 92.32645416259766, 90.310302734375, 87.53055572509766, 83.55966186523438, 78.49136352539062, 74.46363830566406, 69.1778335571289, 68.32594299316406, 64.40477752685547, 61.14306640625], "kl_divergences": [0.005238288082182407, 0.059788238257169724, 0.00680627953261137, 0.00030243824585340917, 0.0010477512842044234, 0.017779884859919548, 0.003128728363662958, 0.061563774943351746, 0.34907057881355286, 0.005062635987997055, 0.010471973568201065, 0.0017974270740523934], "generations": []}