{"source_layer": 2, "target_layer": 3, "scale": 1.221783137321472, "sigmas": [10.2988920211792, 8.021956443786621, 7.512970924377441, 6.808868885040283, 6.106113433837891, 5.717700004577637, 5.492670059204102, 5.114719390869141, 4.791252136230469, 4.7293596267700195, 4.293646335601807, 4.223247528076172], "kl_divergences": [0.004513600841164589, 0.010091976262629032, 0.08172833174467087, 0.006951592396944761, 0.09347768872976303, 0.0026751295663416386, 0.003996925428509712, 0.06591573357582092, 0.0078308479860425, 0.0003264400002080947, 0.0029709788504987955, 0.010446199215948582], "generations": []}