{"source_layer": 2, "target_layer": 35, "scale": 1.221783137321472, "sigmas": [617.468994140625, 389.5997619628906, 301.900390625, 274.5260314941406, 257.5466003417969, 226.25347900390625, 214.0738983154297, 204.76988220214844, 197.98193359375, 189.0252685546875, 181.49754333496094, 154.7895965576172], "kl_divergences": [0.0372869111597538, 0.003999019972980022, 0.004499218426644802, 0.0023587255273014307, 0.04575420171022415, 0.0038494912441819906, 0.025078536942601204, 0.07628457993268967, 0.002977944677695632, 0.04601423814892769, 0.013464556075632572, 0.0030573823023587465], "generations": []}