{"source_layer": 2, "target_layer": 4, "scale": 1.221783137321472, "sigmas": [14.450913429260254, 14.320576667785645, 11.185302734375, 10.818511962890625, 9.828227043151855, 9.017969131469727, 8.771763801574707, 7.735499382019043, 7.6433424949646, 7.303402900695801, 7.055016994476318, 6.705037593841553], "kl_divergences": [0.04322211071848869, 0.10054038465023041, 0.0008929820032790303, 0.003837116528302431, 0.0057452102191746235, 0.0005534929223358631, 0.004325368907302618, 0.026661882176995277, 0.002139248186722398, 0.007752974983304739, 0.06293568760156631, 0.011087805032730103], "generations": []}