{"source_layer": 2, "target_layer": 5, "scale": 1.221783137321472, "sigmas": [24.085721969604492, 17.6602725982666, 17.05494499206543, 16.50467300415039, 13.358073234558105, 12.706722259521484, 12.392605781555176, 11.5867919921875, 11.324653625488281, 11.036748886108398, 10.168303489685059, 9.619569778442383], "kl_divergences": [0.0009344560094177723, 0.0033808541484177113, 0.10805618762969971, 0.0004751378728542477, 0.0005866991123184562, 0.0057798088528215885, 0.0025995667092502117, 0.020251410081982613, 0.010255054570734501, 0.0002981334109790623, 0.0017334638396278024, 0.0009469609940424562], "generations": []}