{"source_layer": 2, "target_layer": 6, "scale": 1.221783137321472, "sigmas": [27.025720596313477, 23.272037506103516, 20.58635711669922, 20.047840118408203, 17.45195960998535, 16.073213577270508, 15.291088104248047, 14.076966285705566, 13.48952865600586, 12.905186653137207, 11.913053512573242, 11.618050575256348], "kl_divergences": [0.004730015993118286, 0.010641690343618393, 0.0029323759954422712, 0.03361115977168083, 0.006708004046231508, 0.005643042735755444, 0.006857382133603096, 0.0057412912137806416, 0.0010254224762320518, 0.027361981570720673, 0.0005771705182269216, 0.006778815295547247], "generations": []}