{"source_layer": 2, "target_layer": 7, "scale": 1.221783137321472, "sigmas": [28.60343360900879, 25.205215454101562, 22.39790916442871, 21.17473030090332, 18.631834030151367, 17.43535041809082, 15.617690086364746, 15.011836051940918, 14.41002368927002, 14.138901710510254, 12.632322311401367, 12.286908149719238], "kl_divergences": [0.0007994022453203797, 0.0012083124602213502, 0.2239191085100174, 0.0005303415819071233, 0.010230938903987408, 0.0021474165841937065, 0.00763659505173564, 0.0050221639685332775, 0.01149790920317173, 0.0006689727306365967, 0.0007128164870664477, 0.00048156955745071173], "generations": []}