{"source_layer": 2, "target_layer": 8, "scale": 1.221783137321472, "sigmas": [31.35247802734375, 29.866647720336914, 25.94702911376953, 23.779067993164062, 20.760482788085938, 19.849252700805664, 18.82320785522461, 17.79166030883789, 17.0240478515625, 16.283353805541992, 15.67658805847168, 14.891118049621582], "kl_divergences": [0.002396881114691496, 0.02151435613632202, 0.05587264522910118, 0.0008739432087168097, 0.004369468428194523, 0.0006955254939384758, 0.11305015534162521, 0.0009765769354999065, 0.0011511938646435738, 0.033054012805223465, 0.00038852746365591884, 0.003160722553730011], "generations": []}