{"source_layer": 2, "target_layer": 9, "scale": 1.221783137321472, "sigmas": [39.10485076904297, 31.828001022338867, 29.082406997680664, 27.582921981811523, 23.295074462890625, 22.724523544311523, 21.575902938842773, 20.459901809692383, 18.84902000427246, 18.074804306030273, 17.09336280822754, 16.608028411865234], "kl_divergences": [0.11130011081695557, 0.18238797783851624, 0.019252201542258263, 0.2939823865890503, 0.003241690807044506, 0.00126554979942739, 0.35216692090034485, 0.0010919130872935057, 0.007769329007714987, 0.001623757416382432, 0.007560648024082184, 0.002728469902649522], "generations": []}