{"source_layer": 31, "target_layer": 34, "scale": 60.45817413330078, "sigmas": [16.733224868774414, 9.520322799682617, 7.268398284912109, 6.476658344268799, 6.009474754333496, 5.511295795440674, 5.0487060546875, 4.949034690856934, 4.540014743804932, 4.233100891113281, 4.087462902069092, 4.031398773193359], "kl_divergences": [0.005362770985811949, 0.001465601148083806, 0.0029302502516657114, 0.0012203702935948968, 0.008700073696672916, 0.07314547151327133, 0.11574290692806244, 0.0061690122820436954, 0.29477378726005554, 0.48998528718948364, 0.26163437962532043, 0.005229352507740259], "generations": []}