{"source_layer": 31, "target_layer": 32, "scale": 60.45817413330078, "sigmas": [4.950637340545654, 3.606647253036499, 3.274024248123169, 3.1612298488616943, 3.011277198791504, 2.842407703399658, 2.8079710006713867, 2.7426204681396484, 2.6645283699035645, 2.5629024505615234, 2.4420862197875977, 2.329960346221924], "kl_divergences": [0.007871737703680992, 0.0007553101750090718, 0.005932729225605726, 0.006312410347163677, 0.021831654012203217, 0.0018503826577216387, 0.001175951212644577, 0.0022393432445824146, 0.014283401891589165, 0.0032829397823661566, 0.0057845041155815125, 0.005142119713127613], "generations": []}