{"source_layer": 32, "target_layer": 35, "scale": 65.36402740478515, "sigmas": [28.717449188232422, 21.663827896118164, 12.31510066986084, 9.75742244720459, 8.885631561279297, 7.727969169616699, 7.519557476043701, 6.917669773101807, 6.288591384887695, 6.114706516265869, 5.921133518218994, 5.661096572875977], "kl_divergences": [0.007280000485479832, 0.0029699639417231083, 0.0009475783444941044, 0.0005749975680373609, 0.005585622973740101, 0.0022977993357926607, 0.006027444265782833, 0.002085207961499691, 0.018953556194901466, 0.010830968618392944, 0.04037780314683914, 0.0027318394277244806], "generations": []}