{"source_layer": 33, "target_layer": 34, "scale": 69.13459701538085, "sigmas": [19.079191207885742, 16.06194305419922, 6.429507255554199, 5.6387505531311035, 4.584949970245361, 4.397034645080566, 4.312423229217529, 4.0493035316467285, 3.988616943359375, 3.8452625274658203, 3.4910922050476074, 3.345806360244751], "kl_divergences": [0.004271974787116051, 0.0010151398601010442, 0.0019481814233586192, 0.006546073127537966, 0.0005475072539411485, 0.00261737615801394, 0.005286278203129768, 0.003635044675320387, 0.002262443769723177, 0.009577413089573383, 0.0002669303794391453, 0.003305717371404171], "generations": []}