{"source_layer": 3, "target_layer": 10, "scale": 1.381525695323944, "sigmas": [34.65542984008789, 26.2977237701416, 24.261442184448242, 22.718475341796875, 21.117637634277344, 20.465282440185547, 18.866989135742188, 17.560766220092773, 16.7113037109375, 16.54399299621582, 16.306747436523438, 15.384296417236328], "kl_divergences": [0.029873216524720192, 0.00263637350872159, 0.00040547046228311956, 0.001284627360291779, 0.0005133957602083683, 0.006392649840563536, 0.001298987539485097, 0.0013061203062534332, 0.010852686129510403, 0.05049052834510803, 0.01322973519563675, 0.005074342247098684], "generations": []}