{"source_layer": 3, "target_layer": 11, "scale": 1.381525695323944, "sigmas": [34.6442985534668, 25.569602966308594, 24.130908966064453, 22.595272064208984, 20.834680557250977, 20.301048278808594, 19.39335823059082, 18.133787155151367, 17.203664779663086, 16.534202575683594, 15.69870662689209, 15.302674293518066], "kl_divergences": [0.03500962257385254, 0.004172780551016331, 0.011876060627400875, 0.0015626924578100443, 0.016820821911096573, 0.0012570072431117296, 0.041330013424158096, 0.0033869296312332153, 0.01777162030339241, 0.000875465280842036, 0.02744770050048828, 0.0023670291993767023], "generations": []}