{"source_layer": 3, "target_layer": 12, "scale": 1.381525695323944, "sigmas": [35.001747131347656, 26.873933792114258, 24.03181266784668, 22.583751678466797, 20.900814056396484, 20.7520751953125, 19.76863670349121, 18.459976196289062, 17.70969581604004, 16.54474449157715, 15.906575202941895, 15.154928207397461], "kl_divergences": [0.023048285394906998, 0.013152794912457466, 0.03303807973861694, 0.021015062928199768, 0.007389213889837265, 0.002317613922059536, 0.0021937561687082052, 0.012098605744540691, 0.11005822569131851, 0.002627047011628747, 0.00021036734688095748, 0.00361850718036294], "generations": []}