{"source_layer": 3, "target_layer": 13, "scale": 1.381525695323944, "sigmas": [38.694488525390625, 29.269962310791016, 27.152103424072266, 25.354333877563477, 24.633956909179688, 22.88211441040039, 21.875810623168945, 20.397186279296875, 20.190860748291016, 19.290964126586914, 19.011964797973633, 18.045503616333008], "kl_divergences": [0.028093088418245316, 0.02726270817220211, 0.00788165908306837, 0.006253527477383614, 0.0014809350250288844, 0.004345808643847704, 0.003278495743870735, 0.02157467231154442, 0.0002749567211139947, 0.021489296108484268, 0.002259793458506465, 0.002298249863088131], "generations": []}