{"source_layer": 3, "target_layer": 14, "scale": 1.381525695323944, "sigmas": [38.357479095458984, 31.10674476623535, 27.68049430847168, 27.3499698638916, 25.01425552368164, 23.476768493652344, 23.211870193481445, 21.42731285095215, 21.196624755859375, 20.6193790435791, 19.32971954345703, 18.05426788330078], "kl_divergences": [0.02240828424692154, 0.013946115039288998, 0.0032247586641460657, 0.0065047298558056355, 0.008007857017219067, 0.06159880757331848, 0.011477798223495483, 0.013720124959945679, 0.000503325485624373, 0.003196385456249118, 0.005723526235669851, 0.007201696280390024], "generations": []}