{"source_layer": 3, "target_layer": 15, "scale": 1.381525695323944, "sigmas": [40.0946159362793, 32.658058166503906, 29.3936710357666, 28.67654800415039, 25.821575164794922, 23.694774627685547, 23.576675415039062, 22.239742279052734, 21.782032012939453, 20.400070190429688, 19.1848087310791, 18.55266761779785], "kl_divergences": [0.007808541413396597, 0.022656789049506187, 0.009605037048459053, 0.0031689477618783712, 0.015526978299021721, 0.29475247859954834, 0.021181732416152954, 0.0006341806729324162, 0.00426964508369565, 0.02168576791882515, 0.004151287488639355, 0.003431872697547078], "generations": []}