{"source_layer": 3, "target_layer": 16, "scale": 1.381525695323944, "sigmas": [38.86005401611328, 31.885805130004883, 29.179250717163086, 27.577547073364258, 24.657869338989258, 23.614612579345703, 22.83525276184082, 21.89585304260254, 21.050535202026367, 20.28463363647461, 19.35857391357422, 18.74456787109375], "kl_divergences": [0.018407108262181282, 0.04310734197497368, 0.005121039692312479, 0.0027115705888718367, 0.011477661319077015, 0.0029008861165493727, 0.06218481808900833, 0.0004962003440596163, 0.017795110121369362, 0.25389498472213745, 0.11286015063524246, 0.005257091019302607], "generations": []}