{"source_layer": 3, "target_layer": 17, "scale": 1.381525695323944, "sigmas": [38.00855255126953, 30.852720260620117, 29.26527976989746, 27.122817993164062, 25.042497634887695, 23.579526901245117, 22.664161682128906, 22.17125701904297, 21.30706024169922, 19.626447677612305, 19.528535842895508, 18.39710235595703], "kl_divergences": [0.006207725964486599, 0.030419539660215378, 0.002449153456836939, 0.008426765911281109, 0.01317028608173132, 0.0036271195858716965, 0.003887283382937312, 0.0031571921426802874, 0.0002517722896300256, 0.0005789321148768067, 0.003917869180440903, 0.003931567072868347], "generations": []}