{"source_layer": 3, "target_layer": 18, "scale": 1.381525695323944, "sigmas": [39.15334701538086, 32.54421615600586, 29.48025131225586, 27.49495506286621, 27.236621856689453, 24.736743927001953, 23.87820816040039, 23.710519790649414, 21.667570114135742, 20.7846736907959, 20.506629943847656, 19.716102600097656], "kl_divergences": [0.003056885674595833, 0.026846906170248985, 0.0027696278411895037, 0.003341331845149398, 0.07448195666074753, 0.21442483365535736, 0.0027891905046999454, 0.0019935218151658773, 0.0007906792452558875, 0.028395261615514755, 0.003844050457701087, 0.008100911974906921], "generations": []}