{"source_layer": 3, "target_layer": 19, "scale": 1.381525695323944, "sigmas": [39.22413635253906, 33.662723541259766, 30.533571243286133, 30.220518112182617, 28.368061065673828, 28.01756477355957, 24.822784423828125, 24.54474449157715, 23.736282348632812, 21.764780044555664, 20.896053314208984, 20.654319763183594], "kl_divergences": [0.004475099500268698, 0.03877086564898491, 0.21487849950790405, 0.001960120629519224, 0.0018872590735554695, 0.0007219588151201606, 0.004818204790353775, 0.0006701301317662001, 0.002585316076874733, 0.001306520076468587, 0.0030497428961098194, 0.00393660506233573], "generations": []}