{"source_layer": 3, "target_layer": 20, "scale": 1.381525695323944, "sigmas": [41.25446701049805, 36.577613830566406, 36.02537155151367, 32.15045166015625, 30.867141723632812, 29.448163986206055, 26.073314666748047, 25.938100814819336, 24.614721298217773, 23.60031509399414, 23.196443557739258, 22.252126693725586], "kl_divergences": [0.003392731538042426, 0.004940253682434559, 0.003366132965311408, 0.0017455737106502056, 0.00014795432798564434, 0.0005840384983457625, 0.0023455030750483274, 0.004055794328451157, 0.0019400372402742505, 0.002730555599555373, 0.00047463845112361014, 0.39801740646362305], "generations": []}