{"source_layer": 3, "target_layer": 21, "scale": 1.381525695323944, "sigmas": [45.00996017456055, 40.92380905151367, 38.29107666015625, 36.541961669921875, 34.73716354370117, 32.1843376159668, 29.851762771606445, 28.573345184326172, 26.86915397644043, 26.05519676208496, 25.822349548339844, 24.82216453552246], "kl_divergences": [0.00874315109103918, 0.005345971789211035, 0.002302210545167327, 0.010018243454396725, 0.0029230923391878605, 0.0014838561182841659, 0.0022443721536546946, 0.15449756383895874, 0.010578008368611336, 0.050515107810497284, 0.03310044854879379, 0.005545734893530607], "generations": []}