{"source_layer": 3, "target_layer": 22, "scale": 1.381525695323944, "sigmas": [48.28886032104492, 42.214786529541016, 41.37353515625, 39.53721237182617, 36.83842849731445, 33.68540573120117, 31.583757400512695, 31.21502685546875, 29.310707092285156, 28.874237060546875, 27.41845703125, 25.90056800842285], "kl_divergences": [0.0010132510215044022, 0.012042324990034103, 0.0015522809699177742, 0.0018826370360329747, 0.016855597496032715, 0.001583064324222505, 0.004619250074028969, 0.03314487636089325, 0.003828069195151329, 0.005024743266403675, 0.00015403464203700423, 0.40766292810440063], "generations": []}