{"source_layer": 3, "target_layer": 25, "scale": 1.381525695323944, "sigmas": [82.48665618896484, 73.97015380859375, 65.19857788085938, 60.27547073364258, 58.67744064331055, 54.18558883666992, 50.50715255737305, 49.2685546875, 48.19843292236328, 44.79208755493164, 43.9459228515625, 40.77056121826172], "kl_divergences": [0.022072862833738327, 0.0029174406081438065, 0.0028761657886207104, 0.026484180241823196, 0.006411981303244829, 0.05857400223612785, 0.005452014971524477, 0.13891474902629852, 0.004229690879583359, 0.0009911267552524805, 0.008423572406172752, 0.0037540060002356768], "generations": []}