{"source_layer": 3, "target_layer": 33, "scale": 1.381525695323944, "sigmas": [248.57369995117188, 171.39903259277344, 149.01779174804688, 146.6084747314453, 130.78753662109375, 125.00901794433594, 114.55766296386719, 112.71073150634766, 108.78309631347656, 104.6360092163086, 101.44501495361328, 96.97322845458984], "kl_divergences": [0.05650832876563072, 0.015618633478879929, 0.0005871028988622129, 0.004053938668221235, 0.002238295739516616, 0.00501288753002882, 0.06189160794019699, 0.013962252996861935, 0.060975924134254456, 0.0017520758556202054, 0.01667158678174019, 0.0024724919348955154], "generations": []}