{"source_layer": 3, "target_layer": 4, "scale": 1.381525695323944, "sigmas": [9.818520545959473, 9.152362823486328, 8.801591873168945, 8.226372718811035, 7.727447986602783, 6.861981391906738, 6.29478645324707, 5.896486282348633, 5.402459144592285, 5.148858547210693, 5.075088977813721, 4.852087497711182], "kl_divergences": [0.008640246465802193, 0.0060875252820551395, 0.0012788384919986129, 0.0053635709919035435, 0.017297714948654175, 0.0003079857851844281, 0.18372416496276855, 0.0011339038610458374, 0.000448076258180663, 0.0022966298274695873, 0.009016682393848896, 0.0008653449476696551], "generations": []}