{"source_layer": 3, "target_layer": 5, "scale": 1.381525695323944, "sigmas": [15.778606414794922, 14.19316577911377, 12.601619720458984, 11.4195556640625, 10.986144065856934, 10.451776504516602, 10.063337326049805, 9.596698760986328, 8.562864303588867, 8.397764205932617, 7.2328200340271, 7.13592004776001], "kl_divergences": [0.017178643494844437, 0.026828063651919365, 0.000769512727856636, 0.053713489323854446, 0.00027181892073713243, 0.0425134114921093, 0.0013205035356804729, 0.028465306386351585, 0.001142229069955647, 0.002101713791489601, 0.0012262254022061825, 0.0026167817413806915], "generations": []}