{"source_layer": 3, "target_layer": 6, "scale": 1.381525695323944, "sigmas": [19.3610782623291, 19.056468963623047, 15.779128074645996, 14.772650718688965, 13.049341201782227, 12.727217674255371, 11.924919128417969, 11.467449188232422, 10.748470306396484, 10.338446617126465, 9.76498031616211, 9.249125480651855], "kl_divergences": [0.0007696769316680729, 0.001903410768136382, 0.08943263441324234, 0.0014732734998688102, 0.01631561852991581, 0.06133634224534035, 0.011766433715820312, 0.0008191918022930622, 0.0006223105592653155, 0.0010134255280718207, 0.0011766221141442657, 0.02333482727408409], "generations": []}