{"source_layer": 3, "target_layer": 7, "scale": 1.381525695323944, "sigmas": [21.005895614624023, 20.389591217041016, 17.51944351196289, 15.480671882629395, 14.375725746154785, 14.002069473266602, 12.73952579498291, 11.5693998336792, 11.52307415008545, 10.663261413574219, 10.40639591217041, 10.014481544494629], "kl_divergences": [0.008602984249591827, 9.77859235717915e-05, 0.0006593234720639884, 0.006915238220244646, 0.08957637846469879, 0.04127530753612518, 0.02319265715777874, 0.006225333083420992, 0.0006317497463896871, 0.012115022167563438, 0.005227104295045137, 0.008242917247116566], "generations": []}