{"source_layer": 3, "target_layer": 8, "scale": 1.381525695323944, "sigmas": [26.3666934967041, 21.564470291137695, 20.696657180786133, 18.072486877441406, 17.299274444580078, 15.557943344116211, 15.217202186584473, 14.470039367675781, 13.638964653015137, 13.036687850952148, 12.299209594726562, 11.674674034118652], "kl_divergences": [0.0010151156457141042, 0.007678319700062275, 0.001519609708338976, 0.016639605164527893, 0.06542974710464478, 0.014760550111532211, 0.0013222105335444212, 0.0007787605281919241, 0.04173306003212929, 0.0013234965736046433, 0.0008895081118680537, 0.0004145383427385241], "generations": []}