{"source_layer": 3, "target_layer": 9, "scale": 1.381525695323944, "sigmas": [33.50916290283203, 25.027029037475586, 22.416461944580078, 21.016830444335938, 20.09025764465332, 18.65863609313965, 17.785795211791992, 16.529733657836914, 15.607564926147461, 14.88398265838623, 14.622108459472656, 13.975509643554688], "kl_divergences": [0.03757277503609657, 0.00218599708750844, 0.01322891004383564, 0.00041065222467295825, 9.712508472148329e-05, 0.0009754111524671316, 0.0006332683842629194, 0.00032875011675059795, 0.0007520989747717977, 0.0003604679077398032, 0.00017368279804941267, 0.026524659246206284], "generations": []}