{"source_layer": 4, "target_layer": 10, "scale": 2.8690369606018065, "sigmas": [24.989320755004883, 18.502655029296875, 17.83527946472168, 16.560134887695312, 15.9141263961792, 14.906817436218262, 14.225359916687012, 14.045060157775879, 13.302019119262695, 12.45781135559082, 12.353967666625977, 11.357465744018555], "kl_divergences": [0.07978742569684982, 0.0029204771853983402, 0.11711976677179337, 0.0021764941047877073, 0.02111017145216465, 0.0005879555828869343, 0.007073447108268738, 0.00113529316149652, 0.0011398167116567492, 0.0003034754772670567, 0.0008231259416788816, 0.0010930324206128716], "generations": []}