{"source_layer": 4, "target_layer": 11, "scale": 2.8690369606018065, "sigmas": [25.5482120513916, 18.71769905090332, 17.653038024902344, 15.828585624694824, 15.49663257598877, 14.962735176086426, 14.51529312133789, 13.838048934936523, 13.31778335571289, 13.035152435302734, 12.653312683105469, 11.711685180664062], "kl_divergences": [0.09373193979263306, 0.002135886810719967, 0.22232459485530853, 0.0030614971183240414, 0.05042804032564163, 0.017655009403824806, 0.056283723562955856, 0.013489073142409325, 0.0015321967657655478, 0.0035845006350427866, 0.008037627674639225, 0.1610720455646515], "generations": []}