{"source_layer": 4, "target_layer": 12, "scale": 2.8690369606018065, "sigmas": [25.924528121948242, 19.23563003540039, 18.23970603942871, 16.822887420654297, 15.711709022521973, 15.027912139892578, 14.863027572631836, 14.53584098815918, 14.02202320098877, 13.284616470336914, 13.016828536987305, 12.679926872253418], "kl_divergences": [0.0782775953412056, 0.00647366140037775, 0.0035508666187524796, 0.11136835813522339, 0.15401360392570496, 0.001999095780774951, 0.0017351409187540412, 0.001108153024688363, 0.005186452995985746, 0.002882650587707758, 0.003271352266892791, 0.0034837357234209776], "generations": []}