{"source_layer": 4, "target_layer": 13, "scale": 2.8690369606018065, "sigmas": [29.506732940673828, 24.177356719970703, 21.30956268310547, 19.081140518188477, 18.006771087646484, 17.910383224487305, 17.026594161987305, 16.751558303833008, 16.04085350036621, 15.227781295776367, 14.69250202178955, 13.748157501220703], "kl_divergences": [0.22119088470935822, 0.004336440470069647, 0.0024917146656662226, 0.003338922979310155, 0.0016313379164785147, 0.0043805683963000774, 0.005764415487647057, 0.0014369376003742218, 0.004996925592422485, 0.003503859741613269, 0.01782393828034401, 0.0030505976174026728], "generations": []}