{"source_layer": 4, "target_layer": 14, "scale": 2.8690369606018065, "sigmas": [29.426687240600586, 26.849864959716797, 21.774255752563477, 19.74628257751465, 19.47453498840332, 19.15476417541504, 18.088947296142578, 17.788536071777344, 16.812789916992188, 16.29275894165039, 15.010516166687012, 13.923952102661133], "kl_divergences": [0.1403084099292755, 0.013554997742176056, 0.005086170043796301, 0.13872595131397247, 0.004519899375736713, 0.02079089544713497, 0.06197569519281387, 0.0032057580538094044, 0.0014719368191435933, 0.0036342283710837364, 0.002102337311953306, 0.0023113058414310217], "generations": []}