{"source_layer": 4, "target_layer": 15, "scale": 2.8690369606018065, "sigmas": [31.61076545715332, 28.409242630004883, 23.434974670410156, 20.504711151123047, 19.86971664428711, 19.381193161010742, 18.564739227294922, 17.85422706604004, 17.042692184448242, 16.39820671081543, 15.289273262023926, 14.24982738494873], "kl_divergences": [0.01021023653447628, 0.013211319223046303, 0.005120415706187487, 0.006160230841487646, 0.012665344402194023, 0.29535236954689026, 0.004594526719301939, 0.00190460286103189, 0.005931679159402847, 0.026414280757308006, 0.002818029373884201, 0.020049959421157837], "generations": []}