{"source_layer": 4, "target_layer": 16, "scale": 2.8690369606018065, "sigmas": [30.14927101135254, 27.6021785736084, 23.154809951782227, 20.14434051513672, 19.669557571411133, 18.820051193237305, 18.069103240966797, 17.800762176513672, 16.94197654724121, 16.51721954345703, 15.521077156066895, 14.832515716552734], "kl_divergences": [0.03524526581168175, 0.13454821705818176, 0.004703897051513195, 0.006530601531267166, 0.004980259109288454, 0.004426001571118832, 0.012366250157356262, 0.006679454818367958, 0.0009773301426321268, 0.004700736608356237, 0.005135464947670698, 0.003567798063158989], "generations": []}