{"source_layer": 4, "target_layer": 18, "scale": 2.8690369606018065, "sigmas": [31.2332763671875, 28.045015335083008, 22.879501342773438, 21.49732208251953, 20.659549713134766, 20.17859649658203, 19.67181968688965, 19.070283889770508, 18.182790756225586, 17.653356552124023, 16.344112396240234, 15.405181884765625], "kl_divergences": [0.009877735748887062, 0.11364179849624634, 0.010467873886227608, 0.001362549257464707, 0.006278350483626127, 0.2966543436050415, 0.0620906688272953, 0.12855687737464905, 0.01527949795126915, 0.03524664416909218, 0.0057548461481928825, 0.006164137739688158], "generations": []}