{"source_layer": 4, "target_layer": 32, "scale": 2.8690369606018065, "sigmas": [191.59939575195312, 136.1674346923828, 119.45926666259766, 111.97213745117188, 95.71284484863281, 93.59042358398438, 86.22259521484375, 85.42770385742188, 82.78309631347656, 78.15833282470703, 71.17147064208984, 69.02417755126953], "kl_divergences": [0.25114405155181885, 0.04797334223985672, 0.006290020886808634, 0.0037482164334505796, 0.02465774118900299, 0.004456755705177784, 0.34474053978919983, 0.18222616612911224, 0.002726220292970538, 0.017167886719107628, 0.2286052405834198, 0.005380289163440466], "generations": []}