{"source_layer": 4, "target_layer": 5, "scale": 2.8690369606018065, "sigmas": [8.712751388549805, 8.081939697265625, 7.177013874053955, 6.504251956939697, 6.122920513153076, 5.872448921203613, 5.759049415588379, 5.697794437408447, 5.444136619567871, 5.345992088317871, 5.1011176109313965, 4.845965385437012], "kl_divergences": [0.004080602899193764, 0.0010044258087873459, 0.010009515099227428, 0.15552404522895813, 0.0006410641362890601, 0.0010663347784429789, 0.0047036875039339066, 0.0020190428476780653, 0.0017898346995934844, 0.0006566847441717982, 0.09094423055648804, 0.09277589619159698], "generations": []}