{"source_layer": 4, "target_layer": 7, "scale": 2.8690369606018065, "sigmas": [14.541227340698242, 12.561575889587402, 10.520658493041992, 9.963153839111328, 9.094818115234375, 8.967521667480469, 8.3959379196167, 8.293558120727539, 7.8656229972839355, 7.676178455352783, 7.239472389221191, 7.014413356781006], "kl_divergences": [0.0408288836479187, 0.003018606686964631, 0.0016694042133167386, 0.005912064574658871, 0.0007354196859523654, 0.0030936228577047586, 0.0009647118276916444, 0.01176062598824501, 0.005709080025553703, 0.002133240457624197, 0.015936823561787605, 0.0026690231170505285], "generations": []}