{"source_layer": 4, "target_layer": 8, "scale": 2.8690369606018065, "sigmas": [18.494705200195312, 14.022577285766602, 13.267990112304688, 12.35258674621582, 11.455680847167969, 10.831812858581543, 10.586565971374512, 10.321685791015625, 9.62791919708252, 9.23689079284668, 8.667601585388184, 8.50703239440918], "kl_divergences": [0.10180821269750595, 0.010065382346510887, 0.0023110329639166594, 0.005534753669053316, 0.0006810766062699258, 0.023678740486502647, 0.02992773987352848, 0.05613452568650246, 0.01381460577249527, 0.003142303554341197, 0.043374158442020416, 0.0010424231877550483], "generations": []}