{"source_layer": 4, "target_layer": 9, "scale": 2.8690369606018065, "sigmas": [22.899599075317383, 17.144041061401367, 15.338541984558105, 14.614298820495605, 13.3642578125, 13.136818885803223, 13.043148040771484, 12.723064422607422, 12.236252784729004, 11.712632179260254, 11.31372356414795, 10.851251602172852], "kl_divergences": [0.1506040245294571, 0.003319792915135622, 0.005315524525940418, 0.0010778459254652262, 0.07976679503917694, 0.0036763017997145653, 0.01673460565507412, 0.06302772462368011, 0.013847727328538895, 0.0028890161775052547, 0.0022424417547881603, 0.0013563473476096988], "generations": []}