{"source_layer": 5, "target_layer": 10, "scale": 4.458741235733032, "sigmas": [18.34737777709961, 16.062576293945312, 14.565434455871582, 13.260374069213867, 13.003092765808105, 12.37120532989502, 11.325864791870117, 10.986124038696289, 10.81779956817627, 10.300936698913574, 9.645489692687988, 9.22557258605957], "kl_divergences": [0.03524230420589447, 0.0016166188288480043, 0.14352907240390778, 0.022293400019407272, 0.0128578906878829, 0.21411751210689545, 0.15361763536930084, 0.002807524986565113, 0.11052776128053665, 0.0917743369936943, 0.0024615356232970953, 0.0020259760785847902], "generations": []}