{"source_layer": 5, "target_layer": 11, "scale": 4.458741235733032, "sigmas": [19.50991439819336, 16.27058219909668, 14.635189056396484, 12.92792797088623, 12.584489822387695, 12.10623550415039, 11.752569198608398, 11.346890449523926, 10.641923904418945, 10.317875862121582, 9.936834335327148, 8.947437286376953], "kl_divergences": [0.010774512775242329, 0.002269234973937273, 0.0030628459062427282, 0.2170424610376358, 0.1696857213973999, 0.02647922933101654, 0.004296289756894112, 0.020666133612394333, 0.004027409013360739, 0.03164295479655266, 0.15382441878318787, 0.004220618866384029], "generations": []}