{"source_layer": 5, "target_layer": 12, "scale": 4.458741235733032, "sigmas": [19.732866287231445, 16.282215118408203, 15.47429370880127, 13.785632133483887, 13.088777542114258, 12.681657791137695, 12.130646705627441, 11.899205207824707, 11.783782958984375, 10.734803199768066, 10.196945190429688, 10.077231407165527], "kl_divergences": [0.11074450612068176, 0.0020146933384239674, 0.037820346653461456, 0.11039888858795166, 0.006337784696370363, 0.2277727872133255, 0.2521957457065582, 0.0028182489331811666, 0.006375019438564777, 0.008003665134310722, 0.03394166752696037, 0.007011454086750746], "generations": []}