{"source_layer": 5, "target_layer": 15, "scale": 4.458741235733032, "sigmas": [26.79386329650879, 22.82333755493164, 20.36025619506836, 17.924636840820312, 16.8934383392334, 15.973267555236816, 15.661195755004883, 14.981574058532715, 14.700753211975098, 14.118043899536133, 13.236315727233887, 12.019391059875488], "kl_divergences": [0.0034513885620981455, 0.031911011785268784, 0.002141066826879978, 0.006932258605957031, 0.010152497328817844, 0.002566841198131442, 0.003974192310124636, 0.021337535232305527, 0.0010490035638213158, 0.002887310925871134, 0.022622615098953247, 0.012235335074365139], "generations": []}