{"source_layer": 5, "target_layer": 16, "scale": 4.458741235733032, "sigmas": [25.30425262451172, 21.894210815429688, 19.754047393798828, 17.583011627197266, 16.808307647705078, 15.655904769897461, 15.207205772399902, 15.102476119995117, 14.04894733428955, 13.523289680480957, 13.23426628112793, 11.898955345153809], "kl_divergences": [0.023897048085927963, 0.023935051634907722, 0.001514385687187314, 0.047098539769649506, 0.029472868889570236, 0.0007324967882595956, 0.002808494959026575, 0.00673277210444212, 0.002816747408360243, 0.2551763355731964, 0.0020973689388483763, 0.001909121754579246], "generations": []}