{"source_layer": 5, "target_layer": 21, "scale": 4.458741235733032, "sigmas": [31.367395401000977, 29.859241485595703, 25.791627883911133, 24.947528839111328, 23.22760009765625, 22.36090087890625, 20.961217880249023, 20.599462509155273, 19.919269561767578, 19.45496940612793, 17.18950843811035, 16.99797248840332], "kl_divergences": [0.022914588451385498, 0.05714743956923485, 0.052498165518045425, 0.0527350977063179, 0.461938738822937, 0.3496103286743164, 0.0018039965070784092, 0.003997267689555883, 0.0017924349522218108, 0.00593851413577795, 0.004439990501850843, 0.007246282417327166], "generations": []}