{"source_layer": 5, "target_layer": 31, "scale": 4.458741235733032, "sigmas": [151.52835083007812, 107.0706787109375, 96.56645202636719, 84.92037963867188, 74.49701690673828, 73.16429901123047, 69.08229064941406, 64.30601501464844, 61.987178802490234, 60.5867805480957, 59.11882781982422, 57.094879150390625], "kl_divergences": [0.14929160475730896, 0.027020374312996864, 0.005799819715321064, 0.0034833475947380066, 0.00888730213046074, 0.007084541022777557, 0.3433215916156769, 0.004741282667964697, 0.0023444974794983864, 0.3038925230503082, 0.004844258073717356, 0.0009064920013770461], "generations": []}