{"source_layer": 5, "target_layer": 34, "scale": 4.458741235733032, "sigmas": [218.80569458007812, 149.82760620117188, 135.46681213378906, 124.69591522216797, 117.65470123291016, 110.74456787109375, 107.83797454833984, 100.08141326904297, 90.34357452392578, 88.04478454589844, 85.16223907470703, 81.34291076660156], "kl_divergences": [0.06085297092795372, 0.018607977777719498, 0.18285879492759705, 0.006473939400166273, 0.004250337835401297, 0.0026781181804835796, 0.06690411269664764, 0.009271706454455853, 0.07420914620161057, 0.004818822257220745, 0.0015014675445854664, 0.10781295597553253], "generations": []}