{"source_layer": 6, "target_layer": 13, "scale": 5.237636232376098, "sigmas": [20.131582260131836, 17.827211380004883, 16.408899307250977, 15.287348747253418, 14.094037055969238, 13.266667366027832, 12.398797035217285, 12.206167221069336, 11.671177864074707, 11.132533073425293, 10.520889282226562, 10.380223274230957], "kl_divergences": [0.0020985573064535856, 0.009681273251771927, 0.002964710583910346, 0.006435002665966749, 0.004886874463409185, 0.009633967652916908, 0.006389646790921688, 0.005825520027428865, 0.004775249864906073, 0.0026609410997480154, 0.46155667304992676, 0.004464396275579929], "generations": []}