{"source_layer": 6, "target_layer": 14, "scale": 5.237636232376098, "sigmas": [21.937728881835938, 18.17901611328125, 17.340473175048828, 16.17232322692871, 15.016765594482422, 14.025040626525879, 13.49206256866455, 13.134554862976074, 12.586359977722168, 12.342904090881348, 11.290515899658203, 11.136713981628418], "kl_divergences": [0.00288942432962358, 0.3455648720264435, 0.004288078751415014, 0.0037486404180526733, 0.00450456328690052, 0.006492142099887133, 0.1829085350036621, 0.00032622143044136465, 0.003150070086121559, 0.010112465359270573, 0.0031482537742704153, 0.006364201661199331], "generations": []}