{"source_layer": 6, "target_layer": 18, "scale": 5.237636232376098, "sigmas": [24.449399948120117, 18.56853675842285, 17.602558135986328, 17.343013763427734, 16.69889259338379, 15.962141990661621, 15.541231155395508, 14.087471961975098, 13.684016227722168, 13.310001373291016, 12.929049491882324, 12.149395942687988], "kl_divergences": [0.0036799784284085035, 0.03314269706606865, 0.005775250494480133, 0.002531367586925626, 0.1554991900920868, 0.0038945504929870367, 0.25303569436073303, 0.004936843644827604, 0.007090380415320396, 0.006508320104330778, 0.08691085875034332, 0.21473948657512665], "generations": []}