{"source_layer": 6, "target_layer": 8, "scale": 5.237636232376098, "sigmas": [9.350927352905273, 7.315948486328125, 6.971549987792969, 6.416999816894531, 6.129360198974609, 5.95168924331665, 5.4948554039001465, 5.479318618774414, 5.3235344886779785, 5.087657451629639, 4.984880447387695, 4.896453857421875], "kl_divergences": [0.021293578669428825, 0.006074567791074514, 0.002522628055885434, 0.10900133103132248, 0.00129912537522614, 0.0030894253868609667, 0.0021106365602463484, 0.0015951592940837145, 0.05072156339883804, 0.012888228520751, 0.00028235127683728933, 0.003263715421780944], "generations": []}