{"source_layer": 6, "target_layer": 9, "scale": 5.237636232376098, "sigmas": [11.77463150024414, 11.501105308532715, 10.375580787658691, 9.340019226074219, 9.10532283782959, 7.977880001068115, 7.956532001495361, 7.746598243713379, 7.629944801330566, 7.39902400970459, 7.126387119293213, 6.788022518157959], "kl_divergences": [0.4051574766635895, 0.11067258566617966, 0.020218510180711746, 0.005110604222863913, 0.06653860211372375, 0.0005523575819097459, 0.0014939135871827602, 0.07472444325685501, 0.00222595501691103, 0.22557732462882996, 0.004580410197377205, 0.003877702634781599], "generations": []}