{"source_layer": 7, "target_layer": 10, "scale": 5.465684843063354, "sigmas": [14.781367301940918, 12.793473243713379, 11.851127624511719, 10.803483963012695, 10.094502449035645, 9.80217456817627, 9.123662948608398, 8.982268333435059, 8.566990852355957, 8.055002212524414, 7.881346225738525, 7.8024187088012695], "kl_divergences": [0.06542731076478958, 0.0053199115209281445, 0.053307272493839264, 0.003401587251573801, 0.2535862624645233, 0.011621969752013683, 0.10571151971817017, 0.003635943867266178, 0.10643081367015839, 0.04569418728351593, 0.001130107557401061, 0.030489038676023483], "generations": []}