{"source_layer": 7, "target_layer": 14, "scale": 5.465684843063354, "sigmas": [21.77312469482422, 17.046934127807617, 16.437664031982422, 15.640608787536621, 14.903221130371094, 13.74782657623291, 13.147951126098633, 12.895729064941406, 12.106706619262695, 11.646570205688477, 10.945589065551758, 10.84941291809082], "kl_divergences": [0.0031036704313009977, 0.025818806141614914, 0.0035428667906671762, 0.0028321221470832825, 0.042294397950172424, 0.005336479749530554, 0.006128663197159767, 0.11239278316497803, 0.0015094393165782094, 0.029288319870829582, 0.0029726149514317513, 0.004732227884232998], "generations": []}