{"source_layer": 7, "target_layer": 15, "scale": 5.465684843063354, "sigmas": [24.418212890625, 18.429643630981445, 16.576671600341797, 16.05121421813965, 15.350456237792969, 14.547026634216309, 13.987957954406738, 13.66561222076416, 12.949302673339844, 12.391810417175293, 11.49340534210205, 10.939250946044922], "kl_divergences": [0.0038531851023435593, 0.31098034977912903, 0.02032436430454254, 0.007130705285817385, 0.0031315088272094727, 0.006161997094750404, 0.013343289494514465, 0.006698390003293753, 0.0026105979923158884, 0.006236243061721325, 0.0037013408727943897, 0.004451867658644915], "generations": []}