{"source_layer": 7, "target_layer": 18, "scale": 5.465684843063354, "sigmas": [24.013891220092773, 17.922365188598633, 17.601360321044922, 17.074350357055664, 16.069904327392578, 15.712448120117188, 14.616294860839844, 14.18685531616211, 13.957514762878418, 12.943065643310547, 12.36552619934082, 12.021364212036133], "kl_divergences": [0.010200675576925278, 0.24971570074558258, 0.03135211020708084, 0.10304149240255356, 0.004536703694611788, 0.054090533405542374, 0.017804555594921112, 0.004527948331087828, 0.0029765968210995197, 0.0033887368626892567, 0.005847840569913387, 0.011080214753746986], "generations": []}