{"source_layer": 7, "target_layer": 27, "scale": 5.465684843063354, "sigmas": [78.38805389404297, 56.780731201171875, 52.887115478515625, 47.3298454284668, 44.59077072143555, 43.44588088989258, 41.557193756103516, 40.088645935058594, 36.694278717041016, 35.63622283935547, 31.776927947998047, 29.965606689453125], "kl_divergences": [0.012425638735294342, 0.006227246485650539, 0.03139858320355415, 0.00710165174677968, 0.0018000901909545064, 0.0053407177329063416, 0.0030192434787750244, 0.017167994752526283, 0.03925185278058052, 0.3019023537635803, 0.0015939947916194797, 0.012920730747282505], "generations": []}