{"source_layer": 7, "target_layer": 29, "scale": 5.465684843063354, "sigmas": [102.53279113769531, 73.0506820678711, 66.32353210449219, 58.21352005004883, 55.42638397216797, 51.99216079711914, 49.74598693847656, 48.89060592651367, 45.23337173461914, 42.20018768310547, 40.392974853515625, 38.57809829711914], "kl_divergences": [0.01858755759894848, 0.005791776347905397, 0.002430502325296402, 0.007277345284819603, 0.0025776007678359747, 0.013234508223831654, 0.0023682673927396536, 0.0383993498980999, 0.007070509716868401, 0.004232588689774275, 0.005730895325541496, 0.16232141852378845], "generations": []}