{"source_layer": 7, "target_layer": 9, "scale": 5.465684843063354, "sigmas": [11.065713882446289, 10.717473030090332, 9.253293991088867, 8.73362922668457, 8.058720588684082, 7.5543012619018555, 7.338803768157959, 7.169734477996826, 6.8639068603515625, 6.687404632568359, 6.468578815460205, 6.370663166046143], "kl_divergences": [0.008950330317020416, 0.007196228019893169, 0.006173770409077406, 0.05053653195500374, 0.005696889944374561, 0.08996912091970444, 0.004506845958530903, 0.0022173149045556784, 0.004678982775658369, 0.025857575237751007, 0.005161881912499666, 0.1428193300962448], "generations": []}