{"source_layer": 8, "target_layer": 13, "scale": 6.429338073730468, "sigmas": [15.753780364990234, 13.347166061401367, 11.99134349822998, 11.477204322814941, 10.723219871520996, 10.202227592468262, 9.62030029296875, 9.338781356811523, 9.156026840209961, 8.678585052490234, 8.359874725341797, 7.891708850860596], "kl_divergences": [0.0016623203409835696, 0.004673519637435675, 0.034623101353645325, 0.007146747317165136, 0.005705244839191437, 0.27218562364578247, 0.2513992488384247, 0.0020948138553649187, 0.0016363065224140882, 0.005236440803855658, 0.05974308401346207, 0.0015513700200244784], "generations": []}