{"source_layer": 8, "target_layer": 14, "scale": 6.429338073730468, "sigmas": [17.245849609375, 13.845063209533691, 13.085285186767578, 12.234339714050293, 12.030351638793945, 10.97582721710205, 10.548834800720215, 10.178671836853027, 9.710678100585938, 9.310776710510254, 8.915936470031738, 8.362298965454102], "kl_divergences": [0.0030788127332925797, 0.037394724786281586, 0.006303449627012014, 0.00760248489677906, 0.004497023299336433, 0.015509112738072872, 0.06112896651029587, 0.0024633980356156826, 0.0061504472978413105, 0.004940907005220652, 0.001852111192420125, 0.22955048084259033], "generations": []}