{"source_layer": 8, "target_layer": 15, "scale": 6.429338073730468, "sigmas": [19.427640914916992, 14.552645683288574, 13.398221969604492, 12.4583740234375, 12.311336517333984, 11.788044929504395, 11.145852088928223, 10.722441673278809, 10.541332244873047, 9.569506645202637, 9.348189353942871, 8.789331436157227], "kl_divergences": [0.00476025091484189, 0.004229500889778137, 0.007059075403958559, 0.006485752761363983, 0.0060197580605745316, 0.0068698483519256115, 0.01996489055454731, 0.0006166068487800658, 0.006185687147080898, 0.018441826105117798, 0.009165851399302483, 0.2503493130207062], "generations": []}