{"source_layer": 8, "target_layer": 16, "scale": 6.429338073730468, "sigmas": [18.276586532592773, 14.465603828430176, 13.181575775146484, 12.587508201599121, 12.001774787902832, 11.252985000610352, 11.143630027770996, 10.69207763671875, 10.279745101928711, 10.044598579406738, 8.931282997131348, 8.803701400756836], "kl_divergences": [0.004617865663021803, 0.002629537833854556, 0.006334964651614428, 0.10356969386339188, 0.007053388748317957, 0.01871965453028679, 0.14770008623600006, 0.0013654264621436596, 0.07755886763334274, 0.014032320119440556, 0.005641985218971968, 0.12263286113739014], "generations": []}