{"source_layer": 8, "target_layer": 19, "scale": 6.429338073730468, "sigmas": [19.065568923950195, 16.720413208007812, 15.089017868041992, 14.121347427368164, 13.875748634338379, 13.471368789672852, 12.355264663696289, 12.047713279724121, 11.155245780944824, 10.760137557983398, 10.073421478271484, 9.789449691772461], "kl_divergences": [0.004757223185151815, 0.1871141493320465, 0.0021131127141416073, 0.03542768210172653, 0.24076111614704132, 0.04517140984535217, 0.004492637235671282, 0.0017669459339231253, 0.2286587804555893, 0.0032233844976872206, 0.003622152144089341, 0.031592220067977905], "generations": []}