{"source_layer": 8, "target_layer": 21, "scale": 6.429338073730468, "sigmas": [23.135303497314453, 21.47580337524414, 21.00394058227539, 17.404829025268555, 16.77484893798828, 15.989434242248535, 15.222990989685059, 14.809654235839844, 14.209383010864258, 13.434000015258789, 12.557238578796387, 11.885602951049805], "kl_divergences": [0.005559983663260937, 0.0028374006506055593, 0.012879906222224236, 0.009572958573698997, 0.007054436951875687, 0.16025319695472717, 0.03153630346059799, 0.004299984313547611, 0.003423284972086549, 0.007302819285541773, 0.005936355330049992, 0.001138388062827289], "generations": []}