{"source_layer": 8, "target_layer": 9, "scale": 6.429338073730468, "sigmas": [8.585081100463867, 7.293649673461914, 6.910454273223877, 6.215153217315674, 5.446704387664795, 5.12255334854126, 4.989893913269043, 4.841779708862305, 4.7257080078125, 4.577087879180908, 4.354913234710693, 4.253847122192383], "kl_divergences": [0.04793750122189522, 0.0022700047120451927, 0.006610787473618984, 0.002678582677617669, 0.0007144043338485062, 0.0029706659261137247, 0.013547376729547977, 0.001056038890965283, 0.001494110212661326, 0.008282210677862167, 0.004903715569525957, 0.020266003906726837], "generations": []}