{"source_layer": 9, "target_layer": 10, "scale": 8.732940196990967, "sigmas": [7.273843765258789, 6.7800774574279785, 5.397333145141602, 5.16296911239624, 5.073626518249512, 4.688165187835693, 4.606998443603516, 4.424696445465088, 4.3394060134887695, 4.29918098449707, 4.00463342666626, 3.9161102771759033], "kl_divergences": [0.007155191618949175, 0.004590638447552919, 0.004065452143549919, 0.008084448985755444, 0.08675308525562286, 0.4497213065624237, 0.17216823995113373, 0.0049794442020356655, 0.0028436733409762383, 0.0044923219829797745, 0.004981162026524544, 0.29741615056991577], "generations": []}