{"source_layer": 9, "target_layer": 11, "scale": 8.732940196990967, "sigmas": [7.258306503295898, 6.99445104598999, 6.398934364318848, 5.767563343048096, 5.5159196853637695, 5.352231025695801, 4.962759017944336, 4.892694473266602, 4.744628429412842, 4.657466888427734, 4.504879951477051, 4.463388919830322], "kl_divergences": [0.00505886459723115, 0.0009059657459147274, 0.0028131897561252117, 0.03297751769423485, 0.0038525457493960857, 0.006869014818221331, 0.0033402717672288418, 0.003887653350830078, 0.004676036536693573, 0.004730470012873411, 0.00249726721085608, 0.029306737706065178], "generations": []}