{"source_layer": 9, "target_layer": 19, "scale": 8.732940196990967, "sigmas": [14.37073802947998, 14.320355415344238, 13.048419952392578, 11.384756088256836, 11.313395500183105, 10.655138969421387, 10.389376640319824, 9.170052528381348, 9.06757926940918, 8.615754127502441, 8.465017318725586, 8.08534049987793], "kl_divergences": [0.012104595080018044, 0.01846407912671566, 0.004653798881918192, 0.02987944334745407, 0.006762863602489233, 0.008306130766868591, 0.004357264377176762, 0.0065584261901676655, 0.003619350725784898, 0.00310025317594409, 0.2809545695781708, 0.0049124835059046745], "generations": []}