{"source_layer": 0, "target_layer": 10, "scale": 1.7751704692840575, "sigmas": [48.974700927734375, 42.871639251708984, 35.927947998046875, 35.10456466674805, 33.39332962036133, 27.8199520111084, 27.36733627319336, 26.247848510742188, 25.459875106811523, 22.578227996826172, 22.25316619873047, 20.692569732666016], "kl_divergences": [0.002407334977760911, 0.0012135065626353025, 0.0018417969113215804, 0.0007566541898995638, 0.00108802889008075, 0.0008145556785166264, 0.002847723662853241, 0.008015556260943413, 0.007376942317932844, 0.003666794626042247, 0.0004926884430460632, 0.0016228097956627607], "generations": []}