{"source_layer": 0, "target_layer": 11, "scale": 1.7751704692840575, "sigmas": [48.88751983642578, 43.19221496582031, 35.68470764160156, 33.98735046386719, 32.845458984375, 28.47953987121582, 27.245534896850586, 26.7072696685791, 25.139881134033203, 22.81581687927246, 22.360187530517578, 21.583486557006836], "kl_divergences": [0.003265358041971922, 0.004634862300008535, 0.00045101603609509766, 0.000985011924058199, 0.0014569516060873866, 0.0007316175615414977, 0.0007116962224245071, 0.0005318938056007028, 0.0021697874180972576, 0.006834177300333977, 0.0008075219229795039, 0.0026739398017525673], "generations": []}