{"source_layer": 0, "target_layer": 12, "scale": 1.7751704692840575, "sigmas": [50.19783020019531, 43.29911804199219, 35.714725494384766, 33.38652038574219, 32.58393478393555, 28.7547664642334, 26.723302841186523, 26.159299850463867, 24.574337005615234, 22.627422332763672, 21.397315979003906, 20.601594924926758], "kl_divergences": [0.01448757853358984, 0.0047928220592439175, 0.0037824546452611685, 0.0015429339837282896, 0.0012755247298628092, 0.0016261647688224912, 0.0025592176243662834, 0.00043645931873470545, 0.038197457790374756, 0.0024928851053118706, 0.0006294219056144357, 0.000663745915517211], "generations": []}