{"source_layer": 0, "target_layer": 13, "scale": 1.7751704692840575, "sigmas": [55.4570198059082, 43.98570251464844, 38.056983947753906, 35.19123077392578, 34.300376892089844, 31.25490951538086, 29.50875473022461, 28.24567985534668, 27.29802131652832, 25.309690475463867, 24.131752014160156, 22.292295455932617], "kl_divergences": [0.01026318408548832, 0.0021064395550638437, 0.0018435845850035548, 0.03273788094520569, 0.00036270436248742044, 0.0008571157814003527, 0.002521826885640621, 0.0018631161656230688, 0.0009516783757135272, 0.004942046478390694, 0.0006070181843824685, 0.00031037142616696656], "generations": []}