{"source_layer": 0, "target_layer": 14, "scale": 1.7751704692840575, "sigmas": [55.733585357666016, 43.985618591308594, 38.294918060302734, 34.993919372558594, 34.690460205078125, 32.17601013183594, 31.375600814819336, 28.11859130859375, 27.846040725708008, 25.907981872558594, 24.913818359375, 22.95265769958496], "kl_divergences": [0.010143648833036423, 0.002119154669344425, 0.004696098156273365, 0.0011522201821208, 0.0021464272867888212, 0.010506799444556236, 0.00176567945163697, 0.0011489259777590632, 0.003775673918426037, 0.006067140959203243, 0.0045242952182888985, 0.0017452389001846313], "generations": []}