{"source_layer": 0, "target_layer": 15, "scale": 1.7751704692840575, "sigmas": [57.41728973388672, 44.55967330932617, 39.65168380737305, 35.669952392578125, 35.06245040893555, 33.59493637084961, 32.536678314208984, 28.611724853515625, 27.66740608215332, 27.176767349243164, 25.28618049621582, 23.966100692749023], "kl_divergences": [0.007459972519427538, 0.0019202843541279435, 0.007337306626141071, 0.013449757359921932, 0.001805824926123023, 0.0013947819825261831, 0.0010602588299661875, 0.0005684947245754302, 0.0007133675971999764, 0.00033997654099948704, 0.012881016358733177, 0.00690274965018034], "generations": []}