{"source_layer": 0, "target_layer": 16, "scale": 1.7751704692840575, "sigmas": [54.872745513916016, 44.53153610229492, 38.28968048095703, 34.91053009033203, 34.684051513671875, 32.30063247680664, 31.493505477905273, 27.70379066467285, 27.419235229492188, 26.727094650268555, 25.71451759338379, 23.065914154052734], "kl_divergences": [0.006380606908351183, 0.00159855664242059, 0.0013535377802327275, 0.0025762657169252634, 0.002201808150857687, 0.1083248108625412, 0.0006249379366636276, 0.002683787140995264, 0.0014027245342731476, 0.001252619200386107, 0.0012686082627624273, 0.001610704232007265], "generations": []}