{"source_layer": 0, "target_layer": 22, "scale": 1.7751704692840575, "sigmas": [104.1483383178711, 74.63170623779297, 73.3905029296875, 61.64339065551758, 60.968536376953125, 57.014286041259766, 51.09495162963867, 48.98963928222656, 47.67757034301758, 44.742027282714844, 43.4914436340332, 41.8112678527832], "kl_divergences": [0.04298733174800873, 0.002870357595384121, 0.010892639867961407, 0.00236057979054749, 0.0014454938936978579, 0.0013620862737298012, 0.0009573326096870005, 0.008568041026592255, 0.0009630023268982768, 0.0033248034305870533, 0.020785031840205193, 0.0009103185730054975], "generations": []}