{"source_layer": 0, "target_layer": 24, "scale": 1.7751704692840575, "sigmas": [157.20272827148438, 98.83740997314453, 97.14836120605469, 85.0750732421875, 81.29475402832031, 77.0340805053711, 68.93659973144531, 68.2448959350586, 60.99399948120117, 59.14194107055664, 57.93643569946289, 55.673465728759766], "kl_divergences": [0.013058891519904137, 0.0024504591710865498, 0.00949204433709383, 0.0008621452725492418, 0.0013723433949053288, 0.0036224524956196547, 0.06174512207508087, 0.010425057262182236, 0.0012653337325900793, 0.001989023294299841, 0.00029122456908226013, 0.0004871544078923762], "generations": []}