{"source_layer": 0, "target_layer": 35, "scale": 1.7751704692840575, "sigmas": [763.1150512695312, 559.1859130859375, 440.7113342285156, 402.0196838378906, 364.56451416015625, 356.6299743652344, 324.53369140625, 257.7673645019531, 232.4625701904297, 216.7685546875, 202.3032684326172, 172.91604614257812], "kl_divergences": [0.0034718564711511135, 0.003079037182033062, 0.0006916036945767701, 0.03057200089097023, 0.010016774758696556, 0.0035454691387712955, 0.0015600703191012144, 0.012844221666455269, 0.0021863430738449097, 0.010259468108415604, 0.002485706005245447, 0.0008776432368904352], "generations": []}