{"source_layer": 0, "target_layer": 6, "scale": 1.7751704692840575, "sigmas": [41.21082305908203, 31.906999588012695, 30.81308364868164, 27.683996200561523, 23.701276779174805, 21.99755859375, 20.753019332885742, 20.04924774169922, 19.645092010498047, 18.864551544189453, 17.8352108001709, 17.30788803100586], "kl_divergences": [0.0012541853357106447, 0.0006108397501520813, 0.0020544356666505337, 0.001406360766850412, 0.0012167006498202682, 0.0005661482573486865, 0.0006927773356437683, 0.003539804369211197, 0.0005913139902986586, 0.0010075327008962631, 0.0006201073410920799, 0.0011388956336304545], "generations": []}