{"source_layer": 0, "target_layer": 8, "scale": 1.7751704692840575, "sigmas": [44.060054779052734, 41.90439987182617, 35.38931655883789, 33.07556915283203, 30.026256561279297, 26.508193969726562, 25.419692993164062, 24.12327003479004, 23.229063034057617, 21.78104591369629, 20.477598190307617, 18.885055541992188], "kl_divergences": [0.0008616888662800193, 0.009091763757169247, 0.0010760275181382895, 0.0017010655719786882, 0.0005800481885671616, 0.000884376117028296, 0.00018459623970557004, 0.0012128790840506554, 0.0008180741569958627, 0.00031547987600788474, 0.002342857886105776, 0.0005824206164106727], "generations": []}