{"source_layer": 1, "target_layer": 10, "scale": 1.5015028238296508, "sigmas": [41.542354583740234, 34.30905532836914, 31.826478958129883, 27.596065521240234, 25.11440086364746, 23.002552032470703, 22.360458374023438, 21.544191360473633, 20.472164154052734, 19.52253532409668, 18.84208106994629, 18.14931297302246], "kl_divergences": [0.00219006952829659, 0.000797409622464329, 0.0005781380459666252, 0.0002879509993363172, 0.0006502357427962124, 0.0004297866835258901, 0.005772134754806757, 0.004596170969307423, 0.0002144855388905853, 0.0015790322795510292, 0.0008476704824715853, 0.0021546296775341034], "generations": []}