{"source_layer": 1, "target_layer": 11, "scale": 1.5015028238296508, "sigmas": [41.474735260009766, 34.550750732421875, 30.994596481323242, 27.228811264038086, 26.084142684936523, 22.732078552246094, 22.553876876831055, 21.084550857543945, 20.375492095947266, 19.116296768188477, 18.629697799682617, 17.999801635742188], "kl_divergences": [0.0008172137313522398, 0.0006822167779318988, 0.006751065608114004, 0.0001610220642760396, 0.0009337805095128715, 0.003414827398955822, 0.005686628632247448, 0.02120155468583107, 0.0011726839002221823, 0.00015909406647551805, 0.0014160391874611378, 0.0002926785091403872], "generations": []}