{"source_layer": 1, "target_layer": 12, "scale": 1.5015028238296508, "sigmas": [42.3569221496582, 34.60045623779297, 31.07072639465332, 27.05696678161621, 25.9930362701416, 23.40984344482422, 22.3294734954834, 21.82465362548828, 20.321077346801758, 19.866418838500977, 18.744115829467773, 17.823793411254883], "kl_divergences": [0.0009162065107375383, 0.0007728301570750773, 0.006827899254858494, 0.00022538409393746406, 0.0006563479546457529, 0.0006359152030199766, 0.0009743478149175644, 0.03834701329469681, 0.0006381535204127431, 0.0007325742044486105, 0.0021337373182177544, 0.0013399202143773437], "generations": []}