{"source_layer": 1, "target_layer": 13, "scale": 1.5015028238296508, "sigmas": [46.8516960144043, 34.86635971069336, 33.96998596191406, 28.179428100585938, 27.304845809936523, 26.34537696838379, 25.205089569091797, 23.650054931640625, 22.47353172302246, 21.427982330322266, 20.323314666748047, 19.74098014831543], "kl_divergences": [0.0011334291193634272, 0.0003622446092776954, 6.91539462422952e-05, 0.005453075747936964, 0.0022120410576462746, 0.0009480156586505473, 0.025466516613960266, 0.003851871471852064, 0.0005411756574176252, 0.0014975143130868673, 0.0006062759784981608, 0.0006224800017662346], "generations": []}