{"source_layer": 1, "target_layer": 14, "scale": 1.5015028238296508, "sigmas": [47.19752883911133, 34.82697677612305, 34.24072265625, 28.822065353393555, 27.6523380279541, 26.731647491455078, 26.1927547454834, 24.028934478759766, 22.97671127319336, 21.896238327026367, 21.698759078979492, 20.52907371520996], "kl_divergences": [0.0012077357387170196, 0.000874290824867785, 0.00028217496583238244, 0.0015841855201870203, 0.013387341983616352, 0.0007820861064828932, 0.002297705737873912, 0.019982554018497467, 0.0039029517211019993, 0.0007362547912634909, 0.00040899869054555893, 0.0006239012582227588], "generations": []}