{"source_layer": 1, "target_layer": 15, "scale": 1.5015028238296508, "sigmas": [48.53205490112305, 36.004180908203125, 34.931278228759766, 29.978614807128906, 28.885156631469727, 27.365726470947266, 26.919517517089844, 24.232803344726562, 23.584522247314453, 22.46041488647461, 22.032861709594727, 20.448843002319336], "kl_divergences": [0.0018684589304029942, 0.0005998577107675374, 0.00029963842825964093, 0.009760279208421707, 0.0005962202558293939, 0.000761813425924629, 0.0007529731374233961, 0.037586744874715805, 0.000614768941886723, 0.0014497085940092802, 0.0005669499514624476, 0.0014020935632288456], "generations": []}