{"source_layer": 1, "target_layer": 16, "scale": 1.5015028238296508, "sigmas": [46.82128143310547, 35.38195037841797, 34.490753173828125, 29.663236618041992, 27.856304168701172, 26.412147521972656, 26.11724090576172, 24.199901580810547, 23.344453811645508, 22.388450622558594, 21.34663200378418, 19.62548828125], "kl_divergences": [0.0022208651062101126, 0.0013224990107119083, 0.00026733631966635585, 0.014663899317383766, 0.0012960360618308187, 0.0010167540749534965, 0.0025275363586843014, 0.0074088191613554955, 0.0017817937768995762, 0.001285321544855833, 0.0001686930627329275, 0.0037258209194988012], "generations": []}