{"source_layer": 1, "target_layer": 17, "scale": 1.5015028238296508, "sigmas": [45.484474182128906, 36.05339813232422, 34.01499557495117, 30.104970932006836, 28.35201644897461, 27.062631607055664, 26.207393646240234, 25.315893173217773, 23.88642120361328, 22.740541458129883, 22.023046493530273, 20.672021865844727], "kl_divergences": [0.002109123859554529, 0.0004299110732972622, 0.005998468957841396, 0.016467833891510963, 0.0019395723938941956, 0.0005923179560340941, 0.0071987914852797985, 0.001635184627957642, 0.0017154266824945807, 0.0009877161355689168, 0.013417797163128853, 0.00013866044173482805], "generations": []}