{"source_layer": 1, "target_layer": 2, "scale": 1.5015028238296508, "sigmas": [8.551592826843262, 6.903177261352539, 5.903435230255127, 5.668064594268799, 5.3062639236450195, 4.98171329498291, 4.856973648071289, 4.692727565765381, 4.587432861328125, 4.304215908050537, 4.189835071563721, 4.141568183898926], "kl_divergences": [0.0011796936159953475, 0.0006971494294703007, 0.00023389150737784803, 0.00023902258544694632, 0.0002469814207870513, 0.00023445900296792388, 0.00028335623210296035, 0.0003922566247638315, 0.0004569047596305609, 0.00024384318385273218, 0.00031508452957496047, 0.0009637525654397905], "generations": []}