{"source_layer": 1, "target_layer": 22, "scale": 1.5015028238296508, "sigmas": [94.00898742675781, 65.06383514404297, 59.6971321105957, 54.25590133666992, 51.08064270019531, 48.17497253417969, 44.79008102416992, 42.56572341918945, 39.734130859375, 38.8599967956543, 37.047706604003906, 34.00101089477539], "kl_divergences": [0.0031511110719293356, 0.0013416428118944168, 0.0006786062149330974, 0.0012147572124376893, 0.01676011271774769, 0.00045812432654201984, 0.0008257947047241032, 0.0021734752226620913, 0.0009052149252966046, 0.000576525810174644, 0.01354660838842392, 0.0009858538396656513], "generations": []}