{"source_layer": 1, "target_layer": 25, "scale": 1.5015028238296508, "sigmas": [166.2806396484375, 101.39320373535156, 89.45852661132812, 85.9582290649414, 80.64990997314453, 77.73872375488281, 68.71321105957031, 65.37174224853516, 62.150753021240234, 59.739349365234375, 56.79018783569336, 54.54542541503906], "kl_divergences": [0.003107914002612233, 0.004170708358287811, 0.008525162935256958, 0.002080167643725872, 0.0013749891659244895, 0.0028525814414024353, 0.0011732240673154593, 0.00252994685433805, 0.004503789357841015, 0.0010308382334187627, 0.0009325825376436114, 0.00032777097658254206], "generations": []}