{"source_layer": 1, "target_layer": 26, "scale": 1.5015028238296508, "sigmas": [194.2314453125, 117.4103012084961, 98.92110443115234, 96.1805419921875, 90.9302749633789, 88.30399322509766, 78.59717559814453, 73.7660140991211, 70.64783477783203, 68.32144165039062, 64.66883087158203, 60.85261535644531], "kl_divergences": [0.0032189309131354094, 0.005682384595274925, 0.008602092042565346, 0.0016594509361311793, 0.0016535348258912563, 0.0006478121504187584, 0.00743278581649065, 0.006644801236689091, 0.0008136215037666261, 0.01828007958829403, 0.0008074360666796565, 0.0011932766065001488], "generations": []}