{"source_layer": 1, "target_layer": 27, "scale": 1.5015028238296508, "sigmas": [232.41656494140625, 137.9975128173828, 111.48153686523438, 109.82044219970703, 105.26589965820312, 103.0832748413086, 88.61883544921875, 83.20640563964844, 76.63684844970703, 75.6672592163086, 71.43463897705078, 65.61434936523438], "kl_divergences": [0.003169504227116704, 0.004781025927513838, 0.0007278286502696574, 0.002122548408806324, 0.0018830543849617243, 0.0035803827922791243, 0.0006355226505547762, 0.004946860019117594, 0.0016766833141446114, 0.0048710983246564865, 0.00024331745225936174, 0.0002380879013799131], "generations": []}