{"source_layer": 1, "target_layer": 29, "scale": 1.5015028238296508, "sigmas": [309.42767333984375, 181.75039672851562, 138.99461364746094, 131.8975830078125, 129.14186096191406, 124.03128051757812, 111.4488754272461, 99.08882141113281, 92.66525268554688, 89.87493896484375, 85.85193634033203, 79.45504760742188], "kl_divergences": [0.003252393798902631, 0.004481704439967871, 0.002757841721177101, 0.02458123490214348, 0.0009608135442249477, 0.0012325635179877281, 0.0013331616064533591, 0.0015133221168071032, 0.01092199794948101, 0.0006117705488577485, 0.016723792999982834, 0.0018347762525081635], "generations": []}