{"source_layer": 1, "target_layer": 32, "scale": 1.5015028238296508, "sigmas": [441.0939636230469, 256.7727355957031, 194.88851928710938, 182.5431671142578, 165.53237915039062, 162.64002990722656, 158.05465698242188, 137.08738708496094, 121.7618408203125, 120.1358642578125, 112.99362182617188, 110.7212905883789], "kl_divergences": [0.0030786546412855387, 0.00400365237146616, 0.0021292641758918762, 0.0015968972584232688, 0.00017441378440707922, 0.006306201685220003, 0.0011732365237548947, 0.005623102653771639, 0.0018408395117148757, 0.0027977267745882273, 0.0010259599657729268, 0.0005814582109451294], "generations": []}