{"source_layer": 1, "target_layer": 35, "scale": 1.5015028238296508, "sigmas": [682.9602661132812, 498.3752136230469, 386.0226135253906, 324.73602294921875, 306.06378173828125, 299.3468933105469, 272.5760498046875, 223.8999481201172, 207.7852020263672, 179.09429931640625, 177.3205108642578, 155.11309814453125], "kl_divergences": [0.0036448054015636444, 0.0029238644056022167, 0.0008539223344996572, 0.0015358939999714494, 0.0037135034799575806, 0.0015801758272573352, 0.0018316326895728707, 0.0011665007332339883, 0.0033018598333001137, 0.016466666013002396, 0.032672006636857986, 0.0030876207165420055], "generations": []}