{"source_layer": 1, "target_layer": 4, "scale": 1.5015028238296508, "sigmas": [16.691814422607422, 15.494967460632324, 12.356100082397461, 11.158772468566895, 10.902071952819824, 10.21691608428955, 9.885269165039062, 9.646147727966309, 9.341329574584961, 8.815382957458496, 8.218514442443848, 7.718502521514893], "kl_divergences": [0.0010822232579812407, 0.012388832867145538, 0.0005276206647977233, 0.0004325643240008503, 0.00040049769449979067, 0.0005362156080082059, 0.0016570359002798796, 0.0015824271831661463, 0.00042883021524176, 0.0010837509762495756, 0.006425629835575819, 0.00023407828120980412], "generations": []}