{"source_layer": 1, "target_layer": 5, "scale": 1.5015028238296508, "sigmas": [29.675485610961914, 19.969955444335938, 18.1015682220459, 16.498655319213867, 15.461935043334961, 14.689754486083984, 14.03994083404541, 13.261747360229492, 13.180792808532715, 12.529274940490723, 12.098341941833496, 11.565205574035645], "kl_divergences": [0.00012255978072062135, 0.0007730786455795169, 0.005954216234385967, 0.0007350766682066023, 0.00026771670673042536, 0.0006358167738653719, 0.0016565482364967465, 0.0004909877316094935, 0.0003834731178358197, 0.001600061310455203, 0.00016015175788197666, 0.0006087241345085204], "generations": []}