{"source_layer": 1, "target_layer": 6, "scale": 1.5015028238296508, "sigmas": [32.49732208251953, 25.563060760498047, 23.245344161987305, 21.635986328125, 20.701068878173828, 17.28778076171875, 17.190980911254883, 16.85740089416504, 15.218947410583496, 14.413232803344727, 14.158479690551758, 13.418935775756836], "kl_divergences": [0.00012011713261017576, 0.0009431397193111479, 0.0023910931777209044, 0.0012988799717277288, 0.00021073140669614077, 0.0003146930248476565, 0.0018582441844046116, 0.0004475351015571505, 0.0012985357316210866, 0.0006532668485306203, 0.00040987954707816243, 0.00033805056591518223], "generations": []}