{"source_layer": 1, "target_layer": 7, "scale": 1.5015028238296508, "sigmas": [34.19696044921875, 27.91588020324707, 24.025876998901367, 23.409761428833008, 22.40821075439453, 19.049461364746094, 18.628931045532227, 17.535865783691406, 16.354970932006836, 15.455554962158203, 14.539633750915527, 14.166804313659668], "kl_divergences": [7.991326856426895e-05, 0.001706621260382235, 0.004846217576414347, 0.0009675528854131699, 6.7165594373364e-05, 0.0017808426637202501, 0.0005550158675760031, 0.0007512783631682396, 0.00015555463323835284, 0.000837477040477097, 0.00023814034648239613, 0.0011085753794759512], "generations": []}