{"source_layer": 1, "target_layer": 8, "scale": 1.5015028238296508, "sigmas": [36.145267486572266, 34.116424560546875, 27.067684173583984, 26.40492820739746, 24.47890281677246, 21.717426300048828, 21.394493103027344, 19.757816314697266, 18.516403198242188, 17.12859535217285, 17.052078247070312, 16.362470626831055], "kl_divergences": [0.0029802334029227495, 0.0009655468165874481, 0.0006069536902941763, 0.0010019410401582718, 0.00019925620290450752, 0.0010163773549720645, 0.0020759243052452803, 0.0004414338036440313, 0.00032943906262516975, 0.0011069652391597629, 0.0004902426735498011, 0.0004986348794773221], "generations": []}