{"source_layer": 1, "target_layer": 9, "scale": 1.5015028238296508, "sigmas": [41.9350471496582, 35.06234359741211, 31.488143920898438, 28.09198570251465, 25.109134674072266, 23.622652053833008, 22.707691192626953, 20.619524002075195, 20.243053436279297, 19.14422035217285, 18.38715171813965, 17.825502395629883], "kl_divergences": [0.0023893904872238636, 0.0005724240909330547, 0.010163407772779465, 0.0004959225188940763, 0.00035258461139164865, 0.0028654346242547035, 0.0001427914685336873, 7.730531797278672e-05, 0.0007290866924449801, 0.0014763331273570657, 0.0003362055867910385, 0.0003873835375998169], "generations": []}