{"source_layer": 25, "target_layer": 29, "scale": 39.64105415344238, "sigmas": [10.956552505493164, 9.154912948608398, 8.249780654907227, 8.176154136657715, 7.689527988433838, 7.284414291381836, 7.083302021026611, 6.919262886047363, 6.490854263305664, 6.376752853393555, 6.258532524108887, 5.681445598602295], "kl_divergences": [0.027348127216100693, 0.00662999739870429, 0.00824134610593319, 0.008242407813668251, 0.017951276153326035, 0.09633985906839371, 0.0015566457295790315, 0.0024813099298626184, 0.004126638639718294, 0.0016333087114617229, 0.16491609811782837, 0.414814829826355], "generations": []}