{"source_layer": 26, "target_layer": 27, "scale": 44.76351051330566, "sigmas": [5.407504081726074, 4.18745231628418, 3.8085129261016846, 3.717851400375366, 3.517728090286255, 3.3662309646606445, 3.346297264099121, 3.2601418495178223, 3.2392592430114746, 3.1762490272521973, 3.1382181644439697, 3.0203542709350586], "kl_divergences": [0.0017468043370172381, 0.0023795319721102715, 0.020297957584261894, 0.0019415885908529162, 0.009891671128571033, 0.00197309791110456, 0.0033199158497154713, 0.006350685376673937, 0.0007384528871625662, 0.07439073175191879, 0.046326346695423126, 0.001728321542032063], "generations": []}