{"source_layer": 27, "target_layer": 28, "scale": 50.54437179565429, "sigmas": [4.5943779945373535, 3.7234413623809814, 3.3785758018493652, 3.2307562828063965, 3.19126033782959, 3.1198558807373047, 3.0065925121307373, 2.996042013168335, 2.832423686981201, 2.7992630004882812, 2.7308449745178223, 2.6375811100006104], "kl_divergences": [0.0020831513684242964, 0.0005793758318759501, 0.0005758496117778122, 0.09168840944766998, 0.007607019506394863, 0.001199783873744309, 0.004057157319039106, 0.0050533730536699295, 0.013077381066977978, 0.017393933609128, 0.010004510171711445, 0.008038518950343132], "generations": []}