{"source_layer": 27, "target_layer": 35, "scale": 50.54437179565429, "sigmas": [37.548362731933594, 22.412792205810547, 21.53961944580078, 16.850345611572266, 15.887142181396484, 15.700041770935059, 13.850194931030273, 12.842795372009277, 12.343219757080078, 11.84184455871582, 10.881922721862793, 9.911608695983887], "kl_divergences": [0.1419646143913269, 0.0013488575350493193, 0.0029105786234140396, 0.004354149103164673, 0.08259177953004837, 0.1652945578098297, 0.002802938222885132, 0.0036606071516871452, 0.01757514849305153, 0.00030163474730215967, 0.0027406872250139713, 0.003477575723081827], "generations": []}