{"source_layer": 27, "target_layer": 31, "scale": 50.54437179565429, "sigmas": [12.745514869689941, 12.15703296661377, 8.256309509277344, 6.955644607543945, 6.670428276062012, 6.44925594329834, 6.041008949279785, 5.904621601104736, 5.722310543060303, 5.631756782531738, 5.27777099609375, 5.081669807434082], "kl_divergences": [0.27193716168403625, 0.0181646179407835, 0.0034302715212106705, 0.0015842510620132089, 0.0014480850659310818, 0.008717651478946209, 0.38671261072158813, 0.004846780560910702, 0.0026307166554033756, 0.19756577908992767, 0.033143941313028336, 0.13219009339809418], "generations": []}