{"source_layer": 28, "target_layer": 29, "scale": 53.75000991821289, "sigmas": [8.27652645111084, 4.819847106933594, 4.321713447570801, 3.8175532817840576, 3.652567148208618, 3.447096109390259, 3.4441606998443604, 3.231767177581787, 3.0952095985412598, 2.969064235687256, 2.9331557750701904, 2.678697109222412], "kl_divergences": [0.0015395478112623096, 0.0018897647969424725, 0.007470168638974428, 0.010168413631618023, 0.0026070212479680777, 0.0009049687068909407, 0.06414742767810822, 0.01866338588297367, 0.04195582494139671, 0.003810039721429348, 0.006385768298059702, 0.0024088602513074875], "generations": []}