{"source_layer": 28, "target_layer": 35, "scale": 53.75000991821289, "sigmas": [32.875946044921875, 21.091955184936523, 19.773914337158203, 15.396824836730957, 13.760261535644531, 13.116667747497559, 12.741071701049805, 11.931999206542969, 10.525459289550781, 9.799019813537598, 9.52156925201416, 9.255577087402344], "kl_divergences": [0.0011311901034787297, 0.002239676658064127, 0.0019023168133571744, 0.001584897399879992, 0.04159718006849289, 0.027133528143167496, 0.09553544223308563, 0.04662254452705383, 0.049498267471790314, 0.22012178599834442, 0.028740976005792618, 0.019034098833799362], "generations": []}