{"source_layer": 28, "target_layer": 30, "scale": 53.75000991821289, "sigmas": [9.979743957519531, 9.187291145324707, 5.760993480682373, 5.037034034729004, 4.58793830871582, 4.2528395652771, 4.203366279602051, 4.143945693969727, 4.017721176147461, 3.919203519821167, 3.674518585205078, 3.5821609497070312], "kl_divergences": [0.017697632312774658, 0.0011294292053207755, 0.00753689045086503, 0.0013749011559411883, 0.0021298518404364586, 0.010971754789352417, 0.3264566659927368, 0.0032966183498501778, 0.000959738390520215, 0.0010826817015185952, 0.0019242463167756796, 0.000929642585106194], "generations": []}