{"source_layer": 29, "target_layer": 35, "scale": 57.039601898193354, "sigmas": [30.133386611938477, 18.256866455078125, 16.505643844604492, 13.70927619934082, 12.025537490844727, 11.630952835083008, 10.92424488067627, 9.280092239379883, 8.896949768066406, 8.675424575805664, 8.403512954711914, 8.117603302001953], "kl_divergences": [0.00291408970952034, 0.0005681662005372345, 0.0017837078776210546, 0.0015520883025601506, 0.0003821271238848567, 0.0016085891984403133, 0.0024565167259424925, 0.0011488909367471933, 0.0024159508757293224, 0.00642848014831543, 0.2812312841415405, 0.0005133128142915666], "generations": []}