{"source_layer": 29, "target_layer": 34, "scale": 57.039601898193354, "sigmas": [14.046697616577148, 12.333436012268066, 10.272317886352539, 9.407718658447266, 8.055496215820312, 7.443284511566162, 7.426518440246582, 7.054135799407959, 6.9045538902282715, 6.844444274902344, 6.26840353012085, 6.166948318481445], "kl_divergences": [0.001168853952549398, 0.0036700412165373564, 0.0019947784021496773, 0.06818746030330658, 0.057127341628074646, 0.2919926941394806, 0.0008092904463410378, 0.002916521392762661, 0.003736520418897271, 0.0025278357788920403, 0.0056603094562888145, 0.028950965031981468], "generations": []}