{"source_layer": 2, "target_layer": 10, "scale": 1.2103574752807615, "sigmas": [37.74625778198242, 31.024282455444336, 28.812122344970703, 23.17552947998047, 21.2946720123291, 19.992456436157227, 19.681047439575195, 18.630861282348633, 18.03053855895996, 17.249910354614258, 16.81183433532715, 16.079748153686523], "kl_divergences": [0.000430406624218449, 0.001293784473091364, 0.0006179616902954876, 0.0008314604056067765, 0.0011762005742639303, 0.0001593076012795791, 0.0005173231475055218, 0.000822697882540524, 0.0010770580265671015, 0.00010096572805196047, 0.00023894068726804107, 0.0019275543745607138], "generations": []}