{"source_layer": 2, "target_layer": 11, "scale": 1.2103574752807615, "sigmas": [37.63570022583008, 30.60298728942871, 28.213655471801758, 22.951059341430664, 21.752914428710938, 20.507165908813477, 19.379491806030273, 18.850278854370117, 18.353965759277344, 17.425138473510742, 16.326688766479492, 15.954766273498535], "kl_divergences": [0.0003233079914934933, 0.0012337800581008196, 0.0012333225458860397, 0.0017812626902014017, 0.00109823327511549, 0.0006562568014487624, 0.0013720683054998517, 0.00022265984443947673, 0.0017154400702565908, 0.0005833099130541086, 0.0009293459006585181, 0.0019023565109819174], "generations": []}