{"source_layer": 2, "target_layer": 12, "scale": 1.2103574752807615, "sigmas": [38.288841247558594, 30.862239837646484, 27.799362182617188, 23.038408279418945, 21.865407943725586, 20.906972885131836, 20.158592224121094, 18.78293800354004, 18.520408630371094, 17.15120506286621, 16.083492279052734, 15.514532089233398], "kl_divergences": [0.00042034834041260183, 0.0035920797381550074, 0.00021116591233294457, 0.0005599434371106327, 0.000567897513974458, 0.0006019247812218964, 0.03190453350543976, 0.000894403550773859, 0.0007251685601659119, 0.00131809595040977, 0.0005321382195688784, 0.010165369138121605], "generations": []}