{"source_layer": 2, "target_layer": 13, "scale": 1.2103574752807615, "sigmas": [42.05424880981445, 32.53242492675781, 29.226022720336914, 24.530672073364258, 23.671964645385742, 23.137775421142578, 22.314931869506836, 20.50572967529297, 19.741310119628906, 19.535079956054688, 17.895719528198242, 16.595558166503906], "kl_divergences": [0.0005405019619502127, 0.0008957026875577867, 0.000364470761269331, 0.0014495875220745802, 0.0010312561644241214, 0.0017692394321784377, 0.002214031992480159, 0.0008959464030340314, 0.00035523585393093526, 0.00031107774702832103, 0.0022630251478403807, 0.0006351257907226682], "generations": []}