{"source_layer": 2, "target_layer": 14, "scale": 1.2103574752807615, "sigmas": [42.3764762878418, 32.89773941040039, 29.194124221801758, 25.12430191040039, 24.92070770263672, 23.878604888916016, 22.468164443969727, 21.972688674926758, 20.45585060119629, 19.801496505737305, 18.746530532836914, 17.76585578918457], "kl_divergences": [0.0006220550858415663, 0.0006545007927343249, 0.0009701895760372281, 0.00021038702107034624, 0.015255107544362545, 0.0007916163885965943, 0.001116681145504117, 0.0018681115470826626, 0.0011217381106689572, 0.0012492884416133165, 0.0005439127562567592, 0.0004961014492437243], "generations": []}