{"source_layer": 2, "target_layer": 15, "scale": 1.2103574752807615, "sigmas": [43.6380500793457, 34.221923828125, 30.150880813598633, 26.822895050048828, 25.261838912963867, 24.156906127929688, 22.902084350585938, 22.416767120361328, 21.784706115722656, 20.372812271118164, 19.751815795898438, 18.588821411132812], "kl_divergences": [0.0004944561515003443, 0.011719008907675743, 0.0015019673155620694, 0.002609642455354333, 0.001261084689758718, 0.0007652955246157944, 0.0012901609297841787, 0.0013568218564614654, 0.0010972630698233843, 0.004807007499039173, 0.00014635830302722752, 0.0002353340241825208], "generations": []}