{"source_layer": 2, "target_layer": 16, "scale": 1.2103574752807615, "sigmas": [42.24639892578125, 32.91727066040039, 30.234619140625, 26.48234748840332, 24.550342559814453, 23.60524559020996, 22.546207427978516, 22.02692222595215, 20.985504150390625, 19.733001708984375, 18.76762580871582, 18.022172927856445], "kl_divergences": [0.0010568737052381039, 0.0007432692218571901, 0.0006069024093449116, 0.004699494689702988, 0.0010786638595163822, 0.0012569905957207084, 0.00147671636659652, 0.0010764454491436481, 0.0006978358724154532, 0.0013993213651701808, 0.000701152952387929, 0.0020253220573067665], "generations": []}