{"source_layer": 2, "target_layer": 17, "scale": 1.2103574752807615, "sigmas": [40.9847297668457, 32.50843048095703, 30.7630615234375, 27.131080627441406, 24.89733123779297, 24.2027530670166, 23.465246200561523, 22.21202850341797, 21.288545608520508, 20.533781051635742, 19.66524887084961, 18.16010284423828], "kl_divergences": [0.0012003059964627028, 0.014579853042960167, 0.0007023127982392907, 0.025432001799345016, 0.0017720481846481562, 0.00013017392484471202, 0.00708240270614624, 0.0008092177449725568, 0.004362544044852257, 0.002865144982933998, 0.0031320422422140837, 0.002333121607080102], "generations": []}