{"source_layer": 2, "target_layer": 18, "scale": 1.2103574752807615, "sigmas": [41.69926452636719, 33.088958740234375, 31.53022575378418, 28.63524055480957, 27.417306900024414, 25.902603149414062, 24.090269088745117, 23.45005226135254, 22.30858612060547, 22.13243293762207, 20.252758026123047, 19.635900497436523], "kl_divergences": [0.0013525462709367275, 0.00721406377851963, 0.0017797764157876372, 0.020091651007533073, 0.0017485454445704818, 0.03944691643118858, 0.0011485605500638485, 0.0029285091441124678, 0.0003241026133764535, 0.002596034901216626, 0.00018139010353479534, 0.0007537314668297768], "generations": []}