{"source_layer": 2, "target_layer": 19, "scale": 1.2103574752807615, "sigmas": [49.00889205932617, 41.858028411865234, 35.088539123535156, 33.29795837402344, 31.148910522460938, 27.827198028564453, 26.884540557861328, 25.01082420349121, 24.877161026000977, 24.538917541503906, 21.710752487182617, 20.706504821777344], "kl_divergences": [0.0028833572287112474, 0.001996150705963373, 0.0012913624523207545, 0.0011927897576242685, 0.003683950984850526, 0.0004799794405698776, 0.0016001207986846566, 0.0006554602296091616, 0.0005826347041875124, 0.005140415392816067, 0.000710237945895642, 0.00035143090644851327], "generations": []}