{"source_layer": 2, "target_layer": 20, "scale": 1.2103574752807615, "sigmas": [72.48731231689453, 45.3635139465332, 38.54689407348633, 37.74552917480469, 34.90370559692383, 30.595474243164062, 30.271177291870117, 28.877397537231445, 28.03363800048828, 27.297027587890625, 25.736309051513672, 24.559782028198242], "kl_divergences": [0.0030125186312943697, 0.0020518521778285503, 0.0004208698810543865, 0.0006549207610078156, 0.0019768155179917812, 0.0003035577537957579, 0.00041437995969317853, 0.001213103998452425, 0.003027139464393258, 0.000638360099401325, 8.490023174090311e-05, 0.0007827338413335383], "generations": []}