{"source_layer": 2, "target_layer": 22, "scale": 1.2103574752807615, "sigmas": [88.1841812133789, 59.23855209350586, 50.73908996582031, 49.472625732421875, 46.31626510620117, 41.3732795715332, 40.73025894165039, 38.75107955932617, 36.07258605957031, 35.65790557861328, 33.258113861083984, 30.132741928100586], "kl_divergences": [0.0033444231376051903, 0.0013201221590861678, 0.0053569963201880455, 0.00038217840483412147, 0.00047235589590854943, 0.0011786125833168626, 0.00017457001376897097, 0.00049588707042858, 0.0018783032428473234, 0.0005775860627181828, 0.0012386748567223549, 0.0008338163606822491], "generations": []}