{"source_layer": 2, "target_layer": 25, "scale": 1.2103574752807615, "sigmas": [156.3600311279297, 92.81685638427734, 79.89139556884766, 72.09772491455078, 70.81968688964844, 69.31317138671875, 62.19673538208008, 58.1962776184082, 56.082679748535156, 55.08304214477539, 51.22865295410156, 47.71883773803711], "kl_divergences": [0.003383697010576725, 0.003067540703341365, 0.002419510157778859, 0.001629532314836979, 0.0010888057295233011, 0.0012591390404850245, 0.001596967689692974, 0.013272183947265148, 0.0006464649341069162, 0.0008207032806240022, 0.006182852201163769, 0.00023864320246502757], "generations": []}