{"source_layer": 2, "target_layer": 26, "scale": 1.2103574752807615, "sigmas": [181.7268829345703, 106.91973876953125, 90.14655303955078, 82.4083023071289, 78.9522476196289, 75.07928466796875, 71.02937316894531, 68.27764129638672, 62.413108825683594, 59.80793762207031, 56.86410903930664, 51.446048736572266], "kl_divergences": [0.003318078350275755, 0.0038292857352644205, 0.001367503427900374, 0.001994336023926735, 0.0005650495295412838, 0.0001403711794409901, 0.0041611348278820515, 0.001532802707515657, 0.0008648412767797709, 0.00041034191963262856, 0.00117698241956532, 0.0006616270402446389], "generations": []}