{"source_layer": 2, "target_layer": 27, "scale": 1.2103574752807615, "sigmas": [218.2117462158203, 125.43707275390625, 102.58236694335938, 95.70843505859375, 90.18180847167969, 86.1532974243164, 80.31990814208984, 76.3401870727539, 69.28475952148438, 66.08577728271484, 64.26045989990234, 62.43833541870117], "kl_divergences": [0.0033473242074251175, 0.0023837534245103598, 0.001405568909831345, 0.0008163941674865782, 0.000584494904614985, 0.0012961067259311676, 0.0018332352628931403, 0.0008708854438737035, 0.0016684129368513823, 0.0004637615638785064, 0.000840024440549314, 0.0047210874035954475], "generations": []}