{"source_layer": 2, "target_layer": 3, "scale": 1.2103574752807615, "sigmas": [11.251710891723633, 7.802399158477783, 7.169867992401123, 6.953868389129639, 5.868749141693115, 5.556253433227539, 5.135176181793213, 4.864161968231201, 4.654975414276123, 4.615835666656494, 4.487107276916504, 4.068805694580078], "kl_divergences": [0.004408833105117083, 0.0012502740137279034, 0.00014361720241140574, 0.00014020009257365018, 0.00018735206685960293, 0.0022347562480717897, 0.00018138396262656897, 0.0008570647332817316, 6.909728108439595e-05, 0.00026360733318142593, 6.145652150735259e-05, 0.0005309724947437644], "generations": []}