{"source_layer": 2, "target_layer": 4, "scale": 1.2103574752807615, "sigmas": [14.773467063903809, 13.588589668273926, 10.905767440795898, 10.05711841583252, 9.448063850402832, 8.271994590759277, 7.860487461090088, 7.724733352661133, 7.277246475219727, 7.089950084686279, 6.711307048797607, 6.545651912689209], "kl_divergences": [0.0009974404238164425, 0.0007586710271425545, 0.0002579438441898674, 0.00047197710955515504, 0.001036862493492663, 0.0003380366542842239, 0.0002942766004707664, 0.0002763690717983991, 0.0004601965192705393, 5.377857087296434e-05, 0.0002214568667113781, 0.00022998657368589193], "generations": []}