{"source_layer": 2, "target_layer": 5, "scale": 1.2103574752807615, "sigmas": [24.16722869873047, 17.409982681274414, 15.476086616516113, 13.844066619873047, 13.436357498168945, 12.702332496643066, 11.925347328186035, 11.422019958496094, 10.669682502746582, 10.234517097473145, 9.746789932250977, 9.696441650390625], "kl_divergences": [0.00046496125287376344, 0.036262884736061096, 0.00044171171612106264, 0.0005200321320444345, 0.0017948031891137362, 0.0003895387926604599, 0.0005573402740992606, 0.0005191233940422535, 0.0005928930477239192, 0.0002068671747110784, 0.0005262362537905574, 0.0002133460802724585], "generations": []}