{"source_layer": 2, "target_layer": 6, "scale": 1.2103574752807615, "sigmas": [27.093341827392578, 23.664060592651367, 20.645811080932617, 17.391786575317383, 16.66062355041504, 15.485818862915039, 14.263999938964844, 13.440532684326172, 12.672279357910156, 12.440268516540527, 11.83388900756836, 11.76242733001709], "kl_divergences": [5.992236401652917e-05, 0.0003871534136123955, 0.001246940577402711, 0.00037671212339773774, 0.0002392460883129388, 0.0005047041922807693, 0.00023257586872205138, 0.00029754338902421296, 0.00037668217555619776, 7.093043677741662e-05, 0.0001529668370494619, 0.0007747519412077963], "generations": []}