{"source_layer": 2, "target_layer": 7, "scale": 1.2103574752807615, "sigmas": [28.63226318359375, 25.62841796875, 22.884571075439453, 19.026044845581055, 17.888839721679688, 16.048709869384766, 15.12428092956543, 14.560757637023926, 13.738720893859863, 13.112256050109863, 12.639276504516602, 12.284892082214355], "kl_divergences": [0.00012039701687172055, 0.0011451494647189975, 0.000776132452301681, 0.0008508829632773995, 0.00010832687257789075, 0.00039141083834692836, 0.0006183584337122738, 0.00015741202514618635, 0.00023529797908850014, 0.0003381058922968805, 0.00029325412469916046, 0.0002384827093919739], "generations": []}