{"source_layer": 2, "target_layer": 8, "scale": 1.2103574752807615, "sigmas": [32.12575149536133, 29.846588134765625, 25.94937515258789, 21.836809158325195, 19.262104034423828, 18.45003318786621, 17.807262420654297, 16.303359985351562, 16.148958206176758, 15.06545352935791, 14.332074165344238, 14.014471054077148], "kl_divergences": [0.001404258655384183, 0.00014251924585551023, 0.0329747200012207, 0.00070707977283746, 0.00016121999942697585, 0.000506261014379561, 0.0005231217946857214, 0.0007732624653726816, 0.0004077432968188077, 0.0002282601926708594, 0.0013783166650682688, 0.0006203764351084828], "generations": []}