{"source_layer": 2, "target_layer": 9, "scale": 1.2103574752807615, "sigmas": [37.87902069091797, 31.022523880004883, 29.19468879699707, 24.02204704284668, 21.314422607421875, 20.40855598449707, 18.87758445739746, 17.838132858276367, 16.758956909179688, 16.31536293029785, 15.916107177734375, 15.576957702636719], "kl_divergences": [0.0012880185386165977, 0.001071127480827272, 0.0005223459447734058, 0.0004435872542671859, 0.0007123298710212111, 0.0007938434137031436, 8.864150731824338e-05, 0.002315096091479063, 6.5601387177594e-05, 0.0003575946611817926, 0.0006509153754450381, 0.0005868386942893267], "generations": []}