{"source_layer": 30, "target_layer": 35, "scale": 67.65817337036133, "sigmas": [25.691543579101562, 16.560293197631836, 15.04990291595459, 12.786460876464844, 11.249574661254883, 9.554197311401367, 8.64690113067627, 8.513809204101562, 8.224721908569336, 7.914379119873047, 6.9560747146606445, 6.906402111053467], "kl_divergences": [0.0032296152785420418, 0.00035159377148374915, 0.0826481506228447, 0.0008072268683463335, 0.00034002543543465436, 0.0024751117452979088, 0.12128767371177673, 0.002790026133880019, 0.0008571648504585028, 0.006416140589863062, 0.08110587298870087, 0.0013962795492261648], "generations": []}