{"source_layer": 30, "target_layer": 33, "scale": 67.65817337036133, "sigmas": [9.193422317504883, 6.243374824523926, 5.142003536224365, 5.0889997482299805, 4.766641616821289, 4.43019962310791, 4.239023685455322, 3.97400164604187, 3.791938066482544, 3.6818296909332275, 3.55305552482605, 3.5259368419647217], "kl_divergences": [0.09798752516508102, 0.0024913866072893143, 0.001089381636120379, 0.08972465246915817, 0.0004094926407560706, 0.01793590560555458, 0.0005680719041265547, 0.007778247352689505, 0.13940666615962982, 0.004442665260285139, 0.16552291810512543, 0.018247727304697037], "generations": []}