{"source_layer": 30, "target_layer": 34, "scale": 67.65817337036133, "sigmas": [12.624679565429688, 11.435379981994629, 9.565316200256348, 7.284631252288818, 6.925563812255859, 6.710755348205566, 6.126873016357422, 5.843507766723633, 5.606522083282471, 5.409778118133545, 5.025132656097412, 4.3623199462890625], "kl_divergences": [0.0005845188861712813, 0.09884127229452133, 0.0011273788986727595, 0.0009004615130834281, 0.0018614402506500483, 0.0010909262346103787, 0.000555595790501684, 0.017772432416677475, 0.0006897441344335675, 0.011562636122107506, 0.0021919957362115383, 0.001466919668018818], "generations": []}