{"source_layer": 31, "target_layer": 35, "scale": 57.90120239257812, "sigmas": [25.283231735229492, 22.198362350463867, 13.444169998168945, 10.847454071044922, 10.169672966003418, 9.148606300354004, 8.406317710876465, 7.8701934814453125, 7.465950012207031, 6.9290771484375, 6.4396209716796875, 6.315162658691406], "kl_divergences": [0.022730303928256035, 0.041199855506420135, 0.0007197745726443827, 6.831313658040017e-05, 0.001062838127836585, 0.001240449259057641, 0.0010050286073237658, 0.0008304480579681695, 0.0010444953804835677, 0.0002917006495408714, 0.000368767068721354, 0.000445779092842713], "generations": []}