{"source_layer": 31, "target_layer": 33, "scale": 57.90120239257812, "sigmas": [8.306933403015137, 5.389364242553711, 5.051345348358154, 4.200446128845215, 4.145695686340332, 3.996821880340576, 3.478219747543335, 3.242117404937744, 3.1751699447631836, 3.055009126663208, 2.9602317810058594, 2.855483293533325], "kl_divergences": [0.0007440386689268053, 0.0017567405011504889, 0.0013314354000613093, 0.002946278778836131, 0.0014766940148547292, 0.0057770065031945705, 0.003226521424949169, 0.0005512722418643534, 0.00040574296144768596, 0.0009459057473577559, 0.0006100301980040967, 0.0004362467734608799], "generations": []}