{"source_layer": 31, "target_layer": 34, "scale": 57.90120239257812, "sigmas": [18.110788345336914, 9.403759956359863, 7.697871685028076, 6.759294509887695, 6.4410400390625, 6.158407688140869, 5.633410930633545, 4.986679553985596, 4.8996405601501465, 4.723287105560303, 4.554086685180664, 4.393459320068359], "kl_divergences": [0.0015575465513393283, 0.006167855113744736, 0.0034998259507119656, 0.0003011204826179892, 0.0009568663081154227, 0.0002507652679923922, 0.0008208569488488138, 0.001028705621138215, 0.008894928731024265, 0.0011225361377000809, 0.0004425429506227374, 0.0012944309273734689], "generations": []}