{"source_layer": 31, "target_layer": 32, "scale": 57.90120239257812, "sigmas": [5.74807071685791, 4.193150043487549, 3.799376964569092, 3.5007870197296143, 3.160889148712158, 3.0262393951416016, 2.9455697536468506, 2.7078680992126465, 2.50881290435791, 2.495793342590332, 2.44895339012146, 2.3334786891937256], "kl_divergences": [0.000629841408226639, 0.0004960219957865775, 0.009158499538898468, 0.0009063377510756254, 0.00026464895927347243, 0.00015573273412883282, 0.0003298227966297418, 0.0021004548761993647, 0.01081974245607853, 0.00015071833331603557, 0.00024871565983630717, 0.0003350568294990808], "generations": []}