{"source_layer": 32, "target_layer": 33, "scale": 71.66592864990234, "sigmas": [6.914433479309082, 4.674126625061035, 3.6865603923797607, 3.6507513523101807, 3.313120126724243, 3.1886188983917236, 2.805370807647705, 2.6918764114379883, 2.5502994060516357, 2.346066951751709, 2.3021340370178223, 2.294001817703247], "kl_divergences": [0.0011683065677061677, 0.001539314747788012, 0.0022102089133113623, 0.005513893440365791, 0.0017786939861252904, 0.0004925387329421937, 0.001606323872692883, 8.961207640822977e-05, 0.0014815074391663074, 0.0009632388828322291, 0.0003028378414455801, 0.0003383376752026379], "generations": []}