{"source_layer": 32, "target_layer": 34, "scale": 71.66592864990234, "sigmas": [18.49325942993164, 10.101227760314941, 7.230037212371826, 5.888818740844727, 5.692710876464844, 5.452417373657227, 5.192127227783203, 4.720570087432861, 4.275879859924316, 4.154560565948486, 4.003767013549805, 3.848564863204956], "kl_divergences": [0.0010272967629134655, 0.003174109850078821, 0.0014565710444003344, 0.00025089539121836424, 0.0012711207382380962, 0.0005548158660531044, 0.0005814158357679844, 0.0005208102520555258, 0.000593837583437562, 0.0002175286936108023, 0.004389036912471056, 0.0009097729925997555], "generations": []}