{"source_layer": 32, "target_layer": 35, "scale": 71.66592864990234, "sigmas": [24.980140686035156, 21.448198318481445, 13.333501815795898, 10.697731971740723, 9.217423439025879, 8.182546615600586, 7.230329513549805, 7.086919784545898, 6.875326633453369, 6.184624671936035, 6.064527988433838, 5.854765892028809], "kl_divergences": [0.00226488895714283, 0.2324187457561493, 0.0014113138895481825, 0.0006127433734945953, 0.0010850896360352635, 0.0003562843776308, 0.00042875102371908724, 0.000993616646155715, 0.01940257102251053, 0.0010083751985803246, 0.00012357687228359282, 0.002417654963210225], "generations": []}