{"source_layer": 3, "target_layer": 10, "scale": 1.4504853010177612, "sigmas": [33.96784973144531, 23.11751937866211, 20.96237564086914, 19.513166427612305, 17.61307716369629, 17.017810821533203, 15.933744430541992, 15.542878150939941, 15.188591957092285, 14.649832725524902, 13.856950759887695, 13.746397018432617], "kl_divergences": [0.00041089075966738164, 0.0011901549296453595, 0.00018981832545250654, 0.002310464158654213, 0.0010185011196881533, 0.0006527876830659807, 0.0014135466190055013, 0.00034325895830988884, 0.0054213907569646835, 0.006154191214591265, 0.0003105643263552338, 0.000502194045111537], "generations": []}