{"source_layer": 3, "target_layer": 11, "scale": 1.4504853010177612, "sigmas": [33.95530319213867, 23.075428009033203, 19.902860641479492, 19.33053970336914, 17.87593650817871, 16.692447662353516, 16.336854934692383, 15.576772689819336, 15.233848571777344, 14.376585960388184, 13.614903450012207, 13.339061737060547], "kl_divergences": [0.001633371808566153, 0.0014166957698762417, 0.0016895515145733953, 0.0009137858869507909, 0.0015720052178949118, 0.0016380577581003308, 0.0005787585978396237, 0.0015281097730621696, 0.0005620447336696088, 0.0006864609895274043, 0.00022063219512347132, 0.008804170414805412], "generations": []}