{"source_layer": 3, "target_layer": 12, "scale": 1.4504853010177612, "sigmas": [34.99248123168945, 23.559797286987305, 20.050121307373047, 19.6005802154541, 17.93782615661621, 17.5629825592041, 16.484315872192383, 15.849963188171387, 15.062111854553223, 14.647350311279297, 13.691987991333008, 13.349559783935547], "kl_divergences": [0.0015580737963318825, 0.0005044073914177716, 0.0011904289713129401, 0.0036517672706395388, 0.003934225998818874, 0.0010982542298734188, 0.0007917741313576698, 0.0002267468225909397, 0.0016421981854364276, 0.0006269324221648276, 0.0008250784012489021, 0.00012478740245569497], "generations": []}