{"source_layer": 3, "target_layer": 13, "scale": 1.4504853010177612, "sigmas": [38.270408630371094, 24.56005096435547, 22.182710647583008, 21.672861099243164, 20.135940551757812, 19.20128631591797, 17.750659942626953, 17.657875061035156, 16.64391326904297, 15.459332466125488, 14.619269371032715, 13.806827545166016], "kl_divergences": [0.0003248061111662537, 0.0011833886383101344, 0.013054005801677704, 0.0006483868346549571, 0.001625917386263609, 0.0012775533832609653, 0.000635777018032968, 0.006615252234041691, 0.0003674168838188052, 0.0006809005280956626, 0.011634479276835918, 0.0014352308353409171], "generations": []}