{"source_layer": 3, "target_layer": 14, "scale": 1.4504853010177612, "sigmas": [38.57511901855469, 24.676422119140625, 23.564802169799805, 21.530776977539062, 21.069643020629883, 20.082714080810547, 19.112092971801758, 18.721145629882812, 17.837209701538086, 16.274341583251953, 16.151676177978516, 15.272995948791504], "kl_divergences": [0.0003946488141082227, 0.001279135118238628, 0.003646048018708825, 0.0006765024154447019, 0.00016098427295219153, 0.0009167218813672662, 0.0004830456746276468, 0.0003979673783760518, 0.005458889529109001, 0.0004021039931103587, 0.00267430255189538, 0.0008888138108886778], "generations": []}