{"source_layer": 3, "target_layer": 15, "scale": 1.4504853010177612, "sigmas": [39.95488357543945, 26.595882415771484, 23.967403411865234, 22.634525299072266, 21.32152557373047, 20.611669540405273, 20.150850296020508, 19.323022842407227, 17.786569595336914, 16.607017517089844, 16.346755981445312, 15.402984619140625], "kl_divergences": [0.00039364962140098214, 0.005136899650096893, 0.00794398132711649, 0.0007475726888515055, 0.00318036787211895, 0.003568153129890561, 0.0005531838978640735, 0.0011396287009119987, 0.0014872855972498655, 0.0017836904153227806, 0.0011629580985754728, 0.004724699072539806], "generations": []}