{"source_layer": 3, "target_layer": 16, "scale": 1.4504853010177612, "sigmas": [38.192195892333984, 25.694028854370117, 24.078271865844727, 22.252822875976562, 21.593448638916016, 20.068546295166016, 19.29295539855957, 18.980297088623047, 18.307201385498047, 16.96444320678711, 16.362701416015625, 16.06376838684082], "kl_divergences": [0.00036204804200679064, 0.002660961588844657, 0.0016893360298126936, 0.00017670696252025664, 0.0007330907392315567, 0.0007059240597300231, 0.00022547256958205253, 0.0006504259654320776, 0.00152034021448344, 0.0008844651747494936, 0.0013247363967821002, 0.005050568375736475], "generations": []}