{"source_layer": 3, "target_layer": 17, "scale": 1.4504853010177612, "sigmas": [37.41944122314453, 25.7935733795166, 24.143957138061523, 23.011672973632812, 21.838178634643555, 20.218238830566406, 19.312171936035156, 19.099071502685547, 18.316226959228516, 17.042789459228516, 16.487747192382812, 15.773560523986816], "kl_divergences": [0.0012763517443090677, 0.0074768359772861, 0.0008860191446729004, 0.00013210857287049294, 0.0009805900044739246, 0.0016014508437365294, 0.015325959771871567, 0.0026415064930915833, 0.010197151452302933, 0.0013922766083851457, 0.06714694947004318, 0.0005111069185659289], "generations": []}