{"source_layer": 3, "target_layer": 21, "scale": 1.4504853010177612, "sigmas": [77.15015411376953, 45.20366668701172, 38.87306594848633, 34.539215087890625, 33.568328857421875, 30.348459243774414, 28.969261169433594, 27.320636749267578, 26.55228614807129, 25.44378662109375, 23.92580795288086, 21.864543914794922], "kl_divergences": [0.0032877910416573286, 0.002051983028650284, 0.00013275429955683649, 0.0019088740227743983, 0.000686552666593343, 0.003035434987396002, 0.0029099704697728157, 0.0011337206233292818, 0.0003528892993927002, 0.003579813288524747, 0.0006786632584407926, 0.0012523217592388391], "generations": []}