{"source_layer": 3, "target_layer": 22, "scale": 1.4504853010177612, "sigmas": [82.94756317138672, 52.349281311035156, 43.88274002075195, 39.787315368652344, 38.56251525878906, 37.41188430786133, 34.51729202270508, 32.43526077270508, 30.82094955444336, 28.89349365234375, 26.23508071899414, 25.59844970703125], "kl_divergences": [0.0033332703169435263, 0.0010774675756692886, 0.0004569348820950836, 0.0004614921926986426, 0.00033473008079454303, 0.0017440335359424353, 0.0027614024002104998, 0.0014318673638626933, 0.0006114380666986108, 0.00018984932103194296, 0.0015276726335287094, 0.001699836808256805], "generations": []}