{"source_layer": 3, "target_layer": 23, "scale": 1.4504853010177612, "sigmas": [98.30831146240234, 59.76212692260742, 50.12995147705078, 46.34135818481445, 43.35919952392578, 42.97807312011719, 37.33992385864258, 36.79174041748047, 36.24041748046875, 32.2558708190918, 30.096540451049805, 28.857954025268555], "kl_divergences": [0.0033463395666331053, 0.001270206063054502, 0.0011926661245524883, 0.0009989496320486069, 0.00664558308199048, 0.011860745027661324, 0.0003093508421443403, 0.002059382852166891, 0.0008355149766430259, 0.001356612192466855, 0.00669556250795722, 0.0007721625152043998], "generations": []}