{"source_layer": 3, "target_layer": 24, "scale": 1.4504853010177612, "sigmas": [125.48179626464844, 69.87255096435547, 58.44401550292969, 52.84983825683594, 49.77032470703125, 48.970916748046875, 45.41438293457031, 43.39708709716797, 41.9801025390625, 38.83827209472656, 36.67572021484375, 36.42085647583008], "kl_divergences": [0.003234982257708907, 0.0021223034709692, 0.001216568169184029, 0.0013232326600700617, 0.0230451337993145, 0.014064601622521877, 0.0006242805393412709, 0.00011161134898429736, 0.0004751920932903886, 0.00029995202203281224, 0.0016909838886931539, 0.012860700488090515], "generations": []}