{"source_layer": 3, "target_layer": 27, "scale": 1.4504853010177612, "sigmas": [205.5254364013672, 115.14796447753906, 89.9147720336914, 78.68477630615234, 75.00191497802734, 73.24044036865234, 68.45195770263672, 63.93456268310547, 59.46257019042969, 57.7880973815918, 55.39548110961914, 51.12348175048828], "kl_divergences": [0.0032711257226765156, 0.0021207022946327925, 0.003866077633574605, 0.0006529318634420633, 0.0005859418888576329, 0.003518605837598443, 0.0027867599856108427, 0.0017846913542598486, 0.0021022337023168802, 0.0014951651683077216, 0.002315422985702753, 0.0011783295776695013], "generations": []}