{"source_layer": 3, "target_layer": 31, "scale": 1.4504853010177612, "sigmas": [351.27581787109375, 194.72804260253906, 139.33450317382812, 127.23866271972656, 119.97605895996094, 108.03286743164062, 100.3147964477539, 95.3119125366211, 91.68377685546875, 89.87427520751953, 82.23516082763672, 79.1949234008789], "kl_divergences": [0.0032214103266596794, 0.0022012151312083006, 0.003634629538282752, 0.00462669413536787, 0.006738685071468353, 0.00038746153586544096, 0.0014142101863399148, 0.0010444674408063293, 0.0010761902667582035, 0.0009562668856233358, 0.013314193114638329, 0.0008786007529124618], "generations": []}