{"source_layer": 3, "target_layer": 32, "scale": 1.4504853010177612, "sigmas": [387.9855651855469, 216.48211669921875, 155.42068481445312, 141.6594696044922, 130.9445343017578, 115.63526153564453, 109.98710632324219, 105.58975219726562, 101.87202453613281, 97.2006607055664, 92.4742431640625, 86.05828094482422], "kl_divergences": [0.003194267861545086, 0.0032173895742744207, 0.00527444900944829, 0.0009299517259933054, 0.02303064800798893, 0.0012432405492290854, 0.0012248274870216846, 0.03141792118549347, 0.0013927335385233164, 0.00033026348683051765, 0.0011743804207071662, 0.0009652404696680605], "generations": []}