{"source_layer": 3, "target_layer": 34, "scale": 1.4504853010177612, "sigmas": [459.2906188964844, 284.7354736328125, 229.34707641601562, 204.42581176757812, 172.26661682128906, 158.31552124023438, 140.98590087890625, 134.32864379882812, 129.6392059326172, 125.62504577636719, 122.10504913330078, 105.02122497558594], "kl_divergences": [0.003231099806725979, 0.0013135081389918923, 0.0009662158554419875, 0.0020134062506258488, 0.004431255627423525, 0.0005591491935774684, 0.013792808167636395, 0.020735125988721848, 0.0034889495000243187, 0.001970050623640418, 0.0016397255240008235, 0.0013008886016905308], "generations": []}