{"source_layer": 3, "target_layer": 35, "scale": 1.4504853010177612, "sigmas": [578.359130859375, 426.3089599609375, 293.3817443847656, 259.0256652832031, 245.0223388671875, 198.10882568359375, 186.6725311279297, 168.3075408935547, 162.3524169921875, 151.77476501464844, 142.6232147216797, 134.9435577392578], "kl_divergences": [0.0034786376636475325, 0.002637336729094386, 0.001091567799448967, 0.0011822020169347525, 0.002920625964179635, 0.004146783612668514, 0.0026157437823712826, 0.0047571235336363316, 0.008370678871870041, 0.03196264058351517, 0.012657980434596539, 0.0013318180572241545], "generations": []}