{"source_layer": 3, "target_layer": 4, "scale": 1.4504853010177612, "sigmas": [9.775096893310547, 9.048725128173828, 8.744988441467285, 7.6909589767456055, 7.432445049285889, 5.844549179077148, 5.411602020263672, 5.2916741371154785, 5.0686116218566895, 4.700833320617676, 4.662576198577881, 4.469549179077148], "kl_divergences": [0.00034127230173908174, 0.0018201726488769054, 0.0009451089426875114, 0.0005386973498389125, 9.239678183803335e-05, 0.0002878039958886802, 0.00048174301628023386, 0.0006845957832410932, 0.00016316992696374655, 0.0008299701730720699, 0.0005293418071232736, 5.0680104322964326e-05], "generations": []}