{"source_layer": 3, "target_layer": 5, "scale": 1.4504853010177612, "sigmas": [17.288528442382812, 13.546388626098633, 12.121004104614258, 10.825304985046387, 10.120292663574219, 9.82951545715332, 9.050586700439453, 8.454471588134766, 8.082193374633789, 8.033885955810547, 7.544647693634033, 7.316305637359619], "kl_divergences": [0.0004656705423258245, 0.0005347470287233591, 0.00022095782333053648, 0.00012527253420557827, 0.0010928688570857048, 0.00033524088212288916, 0.0003487322828732431, 0.0006270611775107682, 0.00024067124468274415, 0.00017360670608468354, 0.0003241089580114931, 0.0009685588884167373], "generations": []}