{"source_layer": 3, "target_layer": 6, "scale": 1.4504853010177612, "sigmas": [20.744159698486328, 20.292129516601562, 14.823978424072266, 13.325277328491211, 12.122806549072266, 11.424409866333008, 11.184138298034668, 10.61388111114502, 10.110301971435547, 9.967278480529785, 9.789175033569336, 8.915384292602539], "kl_divergences": [0.00036821799585595727, 0.0009232218726538122, 0.00041185165173374116, 0.0051904479041695595, 0.0007273966330103576, 0.0004936601035296917, 0.0007935245521366596, 7.272096263477579e-05, 0.00025193564943037927, 0.0001503333478467539, 0.00029823253862559795, 0.0005029648309573531], "generations": []}