{"source_layer": 3, "target_layer": 7, "scale": 1.4504853010177612, "sigmas": [22.91180419921875, 21.725481033325195, 16.875228881835938, 14.667806625366211, 12.868013381958008, 11.789833068847656, 11.361306190490723, 11.283222198486328, 10.849905967712402, 10.72095775604248, 10.397501945495605, 9.375016212463379], "kl_divergences": [0.0003218274796381593, 0.00039918406400829554, 0.0007707550539635122, 0.001484391512349248, 0.000640402315184474, 0.0008675575372762978, 0.00013304584717843682, 0.0002454484347254038, 0.00015952221292536706, 0.00019193523621652275, 0.0009917768184095621, 0.00038360696635209024], "generations": []}