{"source_layer": 3, "target_layer": 8, "scale": 1.4504853010177612, "sigmas": [28.962575912475586, 22.683422088623047, 19.243101119995117, 17.401742935180664, 14.57297420501709, 14.293993949890137, 13.709219932556152, 13.272355079650879, 12.609981536865234, 12.374238014221191, 12.216142654418945, 11.061548233032227], "kl_divergences": [0.001371396123431623, 0.0006737409858033061, 0.0006267779972404242, 0.001763318432494998, 0.0005252163391560316, 0.0003409144119359553, 0.0007343224133364856, 0.0001713405072223395, 0.0004987071151845157, 0.001153548713773489, 0.0009402420837432146, 0.0008236320572905242], "generations": []}