{"source_layer": 3, "target_layer": 9, "scale": 1.4504853010177612, "sigmas": [34.41495895385742, 23.421491622924805, 21.85297393798828, 19.983163833618164, 16.996850967407227, 16.39606285095215, 16.01234245300293, 15.004817008972168, 14.422225952148438, 13.981684684753418, 13.550926208496094, 12.601031303405762], "kl_divergences": [0.0016870500985533, 0.0008122739382088184, 0.0015000441344454885, 0.0005200933665037155, 0.00031059497268870473, 0.0005959952250123024, 0.000789585174061358, 0.000765077187679708, 0.0004887246177531779, 0.0037094983272254467, 0.00016903936921153218, 0.0014248733641579747], "generations": []}