{"source_layer": 4, "target_layer": 10, "scale": 2.8489226818084714, "sigmas": [25.14034652709961, 16.12700843811035, 15.396895408630371, 14.420356750488281, 13.570822715759277, 13.226056098937988, 12.705134391784668, 12.36790943145752, 11.923115730285645, 11.669611930847168, 11.27466106414795, 10.836578369140625], "kl_divergences": [0.000852030236274004, 0.002474328735843301, 0.0022687134332954884, 0.003376299748197198, 0.03848731145262718, 0.0425252802670002, 0.00015933284885250032, 0.0004311645752750337, 0.007741586305201054, 0.004502108320593834, 0.00023969559697434306, 0.00046308699529618025], "generations": []}