{"source_layer": 4, "target_layer": 11, "scale": 2.8489226818084714, "sigmas": [25.691370010375977, 15.408492088317871, 15.08194637298584, 14.491232872009277, 13.644380569458008, 12.955867767333984, 12.636171340942383, 12.130859375, 12.009979248046875, 11.665249824523926, 11.353446960449219, 10.677001953125], "kl_divergences": [0.0038780434988439083, 0.003291994333267212, 0.001513338414952159, 0.03135412931442261, 0.0009975184220820665, 0.0032103939447551966, 0.0010100407525897026, 0.00033338606590405107, 0.00474195834249258, 0.017391212284564972, 0.02471318282186985, 0.0014095600927248597], "generations": []}