{"source_layer": 4, "target_layer": 12, "scale": 2.8489226818084714, "sigmas": [26.000581741333008, 16.15751838684082, 15.057255744934082, 14.779671669006348, 14.059457778930664, 13.468987464904785, 12.504772186279297, 12.306610107421875, 11.944512367248535, 11.72098445892334, 11.631644248962402, 10.559014320373535], "kl_divergences": [0.0037454452831298113, 0.031050700694322586, 0.004426656756550074, 0.0021940015722066164, 0.011241314001381397, 0.001740148407407105, 0.00032212064252234995, 0.0009928657673299313, 0.013149588368833065, 0.0003550872206687927, 0.051612693816423416, 0.0006033108220435679], "generations": []}