{"source_layer": 4, "target_layer": 13, "scale": 2.8489226818084714, "sigmas": [28.706375122070312, 19.21015739440918, 16.9437198638916, 16.215322494506836, 15.638437271118164, 15.051868438720703, 14.521634101867676, 13.909278869628906, 13.404592514038086, 13.329305648803711, 12.81696605682373, 11.865654945373535], "kl_divergences": [0.003071686252951622, 0.02040364407002926, 0.0008190660155378282, 0.02573549374938011, 0.007358191534876823, 0.04830644279718399, 0.025917015969753265, 0.18152165412902832, 0.0006153241265565157, 0.002133965026587248, 0.0005837330245412886, 0.00042799394577741623], "generations": []}