{"source_layer": 4, "target_layer": 14, "scale": 2.8489226818084714, "sigmas": [28.84552764892578, 20.817453384399414, 18.003780364990234, 17.93485450744629, 16.541242599487305, 15.697652816772461, 15.395971298217773, 14.946268081665039, 14.632355690002441, 13.48127555847168, 13.090424537658691, 12.73219108581543], "kl_divergences": [0.00037831859663128853, 0.008364195935428143, 0.01544816605746746, 0.33659932017326355, 0.0009911538800224662, 0.002083566039800644, 0.0010048502590507269, 0.08425687253475189, 0.26128333806991577, 0.002158366609364748, 0.005640317685902119, 0.05108523741364479], "generations": []}