{"source_layer": 4, "target_layer": 15, "scale": 2.8489226818084714, "sigmas": [30.134634017944336, 22.370088577270508, 19.37663459777832, 18.29058074951172, 17.141151428222656, 16.317991256713867, 15.759961128234863, 15.744161605834961, 14.823711395263672, 14.51123046875, 14.224794387817383, 12.824591636657715], "kl_divergences": [0.0004883300280198455, 0.006452138535678387, 0.001873177825473249, 0.0035429669078439474, 0.0029785213991999626, 0.0006917625432834029, 0.0005837538628838956, 0.0017133542569354177, 0.1387397050857544, 0.004322013817727566, 0.0027628554962575436, 0.2976507842540741], "generations": []}