{"source_layer": 4, "target_layer": 16, "scale": 2.8489226818084714, "sigmas": [28.988086700439453, 21.378650665283203, 18.468202590942383, 18.05590057373047, 17.225528717041016, 16.649147033691406, 15.681389808654785, 15.043672561645508, 14.382801055908203, 14.039525032043457, 13.22569751739502, 12.787923812866211], "kl_divergences": [0.0015224197413772345, 0.03563522920012474, 0.07201508432626724, 0.016112519428133965, 0.2267746925354004, 0.0028940022457391024, 0.0016512204892933369, 0.0014754132134839892, 0.0025535286404192448, 0.0034995090682059526, 0.00236633513122797, 0.0018041081493720412], "generations": []}