{"source_layer": 4, "target_layer": 20, "scale": 2.8489226818084714, "sigmas": [63.11922073364258, 30.754343032836914, 27.868566513061523, 25.445934295654297, 23.755233764648438, 22.655057907104492, 21.343124389648438, 20.316184997558594, 19.143306732177734, 18.89875602722168, 17.257497787475586, 15.57856559753418], "kl_divergences": [0.007384312804788351, 0.00033056747633963823, 0.0008434823830612004, 0.0062175835482776165, 0.025602154433727264, 0.16303934156894684, 0.0013837311416864395, 0.04680643230676651, 0.010356898419559002, 0.018965423107147217, 0.005716817453503609, 0.0011181269073858857], "generations": []}