{"source_layer": 4, "target_layer": 25, "scale": 2.8489226818084714, "sigmas": [136.70443725585938, 64.05815887451172, 60.410545349121094, 51.763065338134766, 48.56025695800781, 46.462158203125, 44.27195358276367, 42.66555404663086, 38.081539154052734, 36.86482238769531, 35.77883529663086, 34.82917404174805], "kl_divergences": [0.004353122785687447, 0.001518288510851562, 0.0053849308751523495, 0.0022904949728399515, 0.0023395586758852005, 0.008889738470315933, 0.0031380695290863514, 0.0006762073026038706, 0.006002998910844326, 0.019613388925790787, 0.0033731739968061447, 0.008233214728534222], "generations": []}