{"source_layer": 4, "target_layer": 29, "scale": 2.8489226818084714, "sigmas": [252.4784698486328, 118.48938751220703, 100.17072296142578, 86.5279312133789, 79.99647521972656, 77.63861083984375, 69.47815704345703, 65.47575378417969, 61.80099105834961, 57.72049331665039, 56.36007308959961, 52.2368049621582], "kl_divergences": [0.004719200544059277, 0.0025194063782691956, 0.0020196863915771246, 0.2339036762714386, 0.12296241521835327, 0.0026812246069312096, 0.3536728620529175, 0.003177794162184, 0.0002734298468567431, 0.03608529642224312, 0.0025461141485720873, 0.002552197314798832], "generations": []}