{"source_layer": 4, "target_layer": 31, "scale": 2.8489226818084714, "sigmas": [325.552978515625, 152.27740478515625, 122.82693481445312, 112.38700866699219, 105.3359146118164, 93.27750396728516, 88.69298553466797, 84.63392639160156, 77.61631774902344, 75.70647430419922, 68.66510772705078, 64.78604125976562], "kl_divergences": [0.004760934505611658, 0.0023521932307630777, 0.014958751387894154, 0.0012198069598525763, 0.08363969624042511, 0.0008236377616412938, 0.0022888558451086283, 0.11955659836530685, 0.02106989547610283, 0.024340510368347168, 0.002262081718072295, 0.0006443230668082833], "generations": []}