{"source_layer": 4, "target_layer": 34, "scale": 2.8489226818084714, "sigmas": [425.7408752441406, 223.57740783691406, 197.9376983642578, 178.90924072265625, 151.93692016601562, 126.03146362304688, 120.68743896484375, 119.14899444580078, 108.83177947998047, 105.3403549194336, 102.7427978515625, 96.94451904296875], "kl_divergences": [0.004596330691128969, 0.003128127893432975, 0.0024183904752135277, 0.003230910049751401, 0.11044766753911972, 0.001070341095328331, 0.0015749383019283414, 0.0009253826574422419, 0.08969920873641968, 0.0028414810076355934, 0.008352442644536495, 0.005403962917625904], "generations": []}