{"source_layer": 4, "target_layer": 5, "scale": 2.8489226818084714, "sigmas": [9.21408748626709, 7.946559429168701, 7.298414707183838, 6.745918273925781, 6.265903472900391, 5.862559795379639, 5.751476764678955, 5.607463836669922, 5.532481670379639, 5.2552900314331055, 5.099129676818848, 4.967060089111328], "kl_divergences": [0.0010135731426998973, 0.001225208048708737, 0.0003435495600569993, 0.00028738222317770123, 0.00023109288304112852, 0.0028963019140064716, 0.00047774362610653043, 0.0007495725876651704, 0.00026060259551741183, 0.001507734414190054, 0.0015133759006857872, 0.0001086809643311426], "generations": []}