{"source_layer": 4, "target_layer": 6, "scale": 2.8489226818084714, "sigmas": [14.6569185256958, 11.634102821350098, 9.4425687789917, 9.02284049987793, 8.329572677612305, 7.859523773193359, 7.544838905334473, 7.298270225524902, 7.004987716674805, 6.864833354949951, 6.648436546325684, 6.423224925994873], "kl_divergences": [0.0015191741986200213, 0.0009694094187580049, 0.00027246674289926887, 0.00037043867632746696, 0.00020831458095926791, 0.0009240178042091429, 0.0019585390109568834, 0.0004154418711550534, 0.0009866106556728482, 0.001524434075690806, 0.002477903850376606, 0.005376480519771576], "generations": []}