{"source_layer": 4, "target_layer": 7, "scale": 2.8489226818084714, "sigmas": [16.12359046936035, 12.914627075195312, 10.778318405151367, 9.855403900146484, 9.23658561706543, 8.795832633972168, 8.484779357910156, 8.224467277526855, 7.967047214508057, 7.669405937194824, 7.449706554412842, 7.320154666900635], "kl_divergences": [0.0011303361970931292, 0.002026807749643922, 0.0004004817164968699, 0.0012410719646140933, 0.0008504418656229973, 0.0016955554019659758, 0.00147796340752393, 0.00028382655000314116, 0.0009467967320233583, 0.0004981228848919272, 0.0002810732985381037, 0.003143118228763342], "generations": []}