{"source_layer": 4, "target_layer": 8, "scale": 2.8489226818084714, "sigmas": [20.93940544128418, 14.36866569519043, 13.114618301391602, 11.633062362670898, 11.290390968322754, 10.788531303405762, 10.656627655029297, 10.160003662109375, 9.496453285217285, 9.192038536071777, 8.825057029724121, 8.720596313476562], "kl_divergences": [0.000679035612847656, 0.0018039849819615483, 0.00043694008491002023, 0.003702079178765416, 0.0011506077134981751, 0.0029510969761759043, 0.0005191251402720809, 0.00028136512264609337, 0.0006940265302546322, 0.002291050273925066, 0.0008045838912948966, 0.007922669872641563], "generations": []}