{"source_layer": 4, "target_layer": 9, "scale": 2.8489226818084714, "sigmas": [25.306230545043945, 16.584197998046875, 14.455830574035645, 14.071178436279297, 12.97100830078125, 12.700267791748047, 12.52801513671875, 12.146218299865723, 11.331781387329102, 10.91865348815918, 10.655115127563477, 10.339568138122559], "kl_divergences": [0.000620171136688441, 0.0014415992191061378, 0.0004682981816586107, 0.0012986093061044812, 0.0029600549023598433, 0.00035010225838050246, 0.006649229675531387, 0.0016024656360968947, 0.0022663797717541456, 0.011039147153496742, 0.0017481325194239616, 0.0016154226614162326], "generations": []}