{"source_layer": 5, "target_layer": 10, "scale": 4.1128167629241945, "sigmas": [18.671966552734375, 13.56610107421875, 13.168767929077148, 11.826457977294922, 10.788969039916992, 10.40603256225586, 10.310892105102539, 9.51793098449707, 9.002242088317871, 8.80562973022461, 8.502311706542969, 8.03588581085205], "kl_divergences": [0.0009586120722815394, 0.008429563604295254, 0.0018641981296241283, 0.0017235871637240052, 0.004601876251399517, 0.0008826047414913774, 0.0016493101138621569, 0.0015480315778404474, 0.0009404233423992991, 0.001772516523487866, 0.0544431172311306, 0.0010916548781096935], "generations": []}