{"source_layer": 5, "target_layer": 11, "scale": 4.1128167629241945, "sigmas": [19.673078536987305, 13.493942260742188, 12.409760475158691, 11.14179801940918, 10.934209823608398, 10.431550979614258, 9.939597129821777, 9.478761672973633, 8.886326789855957, 8.811148643493652, 8.549400329589844, 8.125853538513184], "kl_divergences": [0.00046684028347954154, 0.001997827785089612, 0.06714151054620743, 0.0007869149558246136, 0.003171441378071904, 0.010338091291487217, 0.0010743745369836688, 0.000977702671661973, 0.06872694194316864, 0.02568998746573925, 0.0013865213841199875, 0.008235960267484188], "generations": []}