{"source_layer": 5, "target_layer": 12, "scale": 4.1128167629241945, "sigmas": [20.005157470703125, 13.545072555541992, 13.215108871459961, 11.354792594909668, 11.186322212219238, 10.752985000610352, 10.388193130493164, 10.039312362670898, 9.742777824401855, 9.277547836303711, 8.848215103149414, 8.48563289642334], "kl_divergences": [0.011704766191542149, 0.11441103368997574, 0.0009744990384206176, 0.0002712951391004026, 0.024904314428567886, 0.08231589198112488, 0.0026586430612951517, 0.0007843037601560354, 0.005762519780546427, 0.05266924202442169, 0.0026121719274669886, 0.00032612908398732543], "generations": []}