{"source_layer": 5, "target_layer": 14, "scale": 4.1128167629241945, "sigmas": [22.410852432250977, 18.428680419921875, 15.590731620788574, 14.717324256896973, 14.397306442260742, 13.443552017211914, 12.89889907836914, 12.174609184265137, 11.655994415283203, 11.307241439819336, 11.135151863098145, 10.131407737731934], "kl_divergences": [0.0010859683388844132, 0.010639738291501999, 0.01084822230041027, 0.44124072790145874, 0.00038285297341644764, 0.001888481667265296, 0.03773326799273491, 0.0021478612907230854, 0.006962616462260485, 0.0033382081892341375, 0.016442807391285896, 0.010319454595446587], "generations": []}