{"source_layer": 5, "target_layer": 15, "scale": 4.1128167629241945, "sigmas": [23.627897262573242, 19.77867317199707, 16.55199432373047, 15.583174705505371, 14.964563369750977, 14.000967025756836, 13.217565536499023, 13.109217643737793, 12.30166244506836, 11.9424409866333, 11.009393692016602, 10.466246604919434], "kl_divergences": [0.0008897986263036728, 0.043062202632427216, 0.4774409234523773, 0.001197267323732376, 0.03955940157175064, 0.0020972180645912886, 0.044618356972932816, 0.0028848277870565653, 0.0016583800315856934, 0.0020659547299146652, 0.002850189106538892, 0.0634729266166687], "generations": []}