{"source_layer": 5, "target_layer": 16, "scale": 4.1128167629241945, "sigmas": [22.608070373535156, 18.796464920043945, 16.161561965942383, 15.402876853942871, 15.058221817016602, 14.053609848022461, 13.587870597839355, 12.86158561706543, 12.067461967468262, 11.88264274597168, 11.090940475463867, 10.558842658996582], "kl_divergences": [0.0034891513641923666, 0.006386708002537489, 0.004459909163415432, 0.018665889278054237, 0.0041543967090547085, 0.0010322644375264645, 0.0027022436261177063, 0.029659906402230263, 0.00327159627340734, 0.0038910051807761192, 0.002681932644918561, 0.02540924958884716], "generations": []}