{"source_layer": 5, "target_layer": 24, "scale": 4.1128167629241945, "sigmas": [114.54310607910156, 48.702880859375, 46.08095932006836, 38.959529876708984, 36.74493408203125, 36.192325592041016, 32.86102294921875, 29.950641632080078, 29.212602615356445, 27.46526527404785, 25.811296463012695, 24.57039451599121], "kl_divergences": [0.019059056416153908, 0.0017849381547421217, 0.00366249680519104, 0.4406810402870178, 0.014911489561200142, 0.016631780192255974, 0.009553324431180954, 0.0008313082507811487, 0.0009478579158894718, 0.0037849696818739176, 0.0012095575220882893, 0.008117614313960075], "generations": []}