{"source_layer": 5, "target_layer": 30, "scale": 4.1128167629241945, "sigmas": [284.43475341796875, 118.69428253173828, 99.35812377929688, 88.0310287475586, 83.79378509521484, 76.25703430175781, 73.87287139892578, 68.25462341308594, 63.500946044921875, 57.276153564453125, 53.005069732666016, 50.5185546875], "kl_divergences": [0.013816948980093002, 0.015103057026863098, 0.011257278732955456, 0.012473796494305134, 0.43236595392227173, 0.009480709210038185, 0.0019336367258802056, 0.3660396635532379, 0.025066155940294266, 0.03915715962648392, 0.004983746912330389, 0.00041703510214574635], "generations": []}