{"source_layer": 5, "target_layer": 31, "scale": 4.1128167629241945, "sigmas": [318.3984375, 133.16928100585938, 109.80038452148438, 100.44268035888672, 96.01652526855469, 84.78450012207031, 80.48564910888672, 75.39879608154297, 68.33721160888672, 66.71155548095703, 58.07267379760742, 55.71512222290039], "kl_divergences": [0.015243002213537693, 0.003031497821211815, 0.019421445205807686, 0.028962424024939537, 0.10906700789928436, 0.014079376123845577, 0.012196996249258518, 0.008274556137621403, 0.30446454882621765, 0.004943226929754019, 0.004528247285634279, 0.001579978852532804], "generations": []}