{"source_layer": 5, "target_layer": 33, "scale": 4.1128167629241945, "sigmas": [375.91595458984375, 158.2845458984375, 131.16860961914062, 121.5947494506836, 114.04951477050781, 98.98109436035156, 90.13134765625, 88.19544982910156, 80.06520080566406, 76.74588012695312, 70.80705261230469, 68.27924346923828], "kl_divergences": [0.016980521380901337, 0.0019503976218402386, 0.005823834333568811, 0.06620171666145325, 0.019254757091403008, 0.0019019169267266989, 0.0027340571396052837, 0.0013228306779637933, 0.2574905455112457, 0.01725119911134243, 0.03145851567387581, 0.004129917826503515], "generations": []}