{"source_layer": 5, "target_layer": 34, "scale": 4.1128167629241945, "sigmas": [416.0012512207031, 195.4014892578125, 173.87570190429688, 156.96615600585938, 140.14157104492188, 115.30734252929688, 108.5719985961914, 105.20823669433594, 100.98970794677734, 94.95993041992188, 92.06849670410156, 83.93478393554688], "kl_divergences": [0.019052080810070038, 0.002452111802995205, 0.0039175571873784065, 0.0033716827165335417, 0.2739338278770447, 0.0018339504022151232, 0.001555489026941359, 0.3080627918243408, 0.0019755405373871326, 0.006637775804847479, 0.033744070678949356, 0.002056993544101715], "generations": []}