{"source_layer": 5, "target_layer": 6, "scale": 4.1128167629241945, "sigmas": [10.05656909942627, 7.191411972045898, 6.212803840637207, 5.634109020233154, 4.569803714752197, 4.544239521026611, 4.411340236663818, 4.2998270988464355, 4.131056785583496, 4.080282211303711, 3.88773512840271, 3.7661550045013428], "kl_divergences": [0.0003540099423844367, 0.003364797681570053, 0.0005953085492365062, 0.0019109116401523352, 0.0008718177559785545, 0.0020194207318127155, 0.000295429170364514, 0.0003358177491463721, 0.001195566263049841, 0.0010835707653313875, 0.0008443053811788559, 0.00047927393461577594], "generations": []}