{"source_layer": 5, "target_layer": 7, "scale": 4.1128167629241945, "sigmas": [11.53652572631836, 8.47946548461914, 7.294932842254639, 7.1175947189331055, 6.7229390144348145, 6.351044654846191, 5.733475685119629, 5.4438700675964355, 5.2729387283325195, 5.027259826660156, 4.873290538787842, 4.665058612823486], "kl_divergences": [0.0007013970753178, 0.0013568251160904765, 0.008142325095832348, 0.0007048700354062021, 0.003596752416342497, 0.0015151879051700234, 0.0006755804060958326, 0.0006050933734513819, 0.0008494003559462726, 0.0031152295414358377, 0.0003504317137412727, 0.0006866675685159862], "generations": []}