{"source_layer": 5, "target_layer": 8, "scale": 4.1128167629241945, "sigmas": [15.133237838745117, 10.740572929382324, 9.80704402923584, 8.68952465057373, 8.45093059539795, 8.096054077148438, 7.984405994415283, 7.034543991088867, 6.814570903778076, 6.740833759307861, 6.45295524597168, 6.141784191131592], "kl_divergences": [0.0072244093753397465, 0.0007070819847285748, 0.07623830437660217, 0.0016612362815067172, 0.05205821990966797, 0.0013295493554323912, 0.0022297364193946123, 0.00025176574126817286, 0.003789125010371208, 0.0017377500189468265, 0.0013458310859277844, 0.0011924570426344872], "generations": []}