{"source_layer": 5, "target_layer": 9, "scale": 4.1128167629241945, "sigmas": [18.351242065429688, 13.294020652770996, 11.766839027404785, 11.155762672424316, 10.249631881713867, 9.787070274353027, 9.313824653625488, 9.0479097366333, 8.577617645263672, 8.21031379699707, 7.811688423156738, 7.424996376037598], "kl_divergences": [0.02407100610435009, 0.0020438367500901222, 0.0017553381621837616, 0.00038619941915385425, 0.0005253271665424109, 0.0019177790964022279, 0.0036390095483511686, 0.0018891905201599002, 0.004470363724976778, 0.007503191940486431, 0.0009741273825056851, 0.010772465728223324], "generations": []}