{"source_layer": 6, "target_layer": 15, "scale": 5.257764863967895, "sigmas": [20.36491584777832, 15.09238052368164, 14.435111045837402, 13.447609901428223, 13.215725898742676, 12.369336128234863, 11.192498207092285, 10.920782089233398, 10.798906326293945, 10.72977352142334, 10.357481002807617, 9.463953971862793], "kl_divergences": [0.046802423894405365, 0.0010546449339017272, 0.0023080450482666492, 0.0009652060689404607, 0.11482804268598557, 0.0005566236795857549, 0.11072547733783722, 0.005815441720187664, 0.0012422717409208417, 0.25154438614845276, 0.0022029560059309006, 0.0327351875603199], "generations": []}