{"source_layer": 6, "target_layer": 21, "scale": 5.257764863967895, "sigmas": [68.35216522216797, 27.512117385864258, 25.0173397064209, 22.45807456970215, 20.120141983032227, 19.7900447845459, 18.9467716217041, 18.211524963378906, 17.82769203186035, 16.249130249023438, 15.13557243347168, 14.552658081054688], "kl_divergences": [0.20730361342430115, 0.05063796788454056, 0.010621439665555954, 0.0015565385110676289, 0.0019180987728759646, 0.2710675895214081, 0.027397852391004562, 0.09019467234611511, 0.020085906609892845, 0.018739908933639526, 0.0271671824157238, 0.0020098246168345213], "generations": []}