{"source_layer": 6, "target_layer": 24, "scale": 5.257764863967895, "sigmas": [113.70157623291016, 45.27863311767578, 40.33628845214844, 35.6700553894043, 34.69786071777344, 31.836877822875977, 30.066402435302734, 28.387136459350586, 27.07251739501953, 24.54538345336914, 23.48539161682129, 21.543445587158203], "kl_divergences": [0.15648582577705383, 0.22628359496593475, 0.0022951546125113964, 0.0059020137414336205, 0.0018934617983177304, 0.03199130296707153, 0.0016454074066132307, 0.003412702353671193, 0.00152093474753201, 0.30562517046928406, 0.0021471327636390924, 0.0022648137528449297], "generations": []}