{"source_layer": 6, "target_layer": 7, "scale": 5.257764863967895, "sigmas": [5.793937683105469, 4.877581596374512, 4.750163555145264, 4.192150592803955, 4.103906154632568, 3.875927448272705, 3.7593610286712646, 3.6377696990966797, 3.603475332260132, 3.4438207149505615, 3.3869385719299316, 3.337885856628418], "kl_divergences": [0.0009728712611831725, 0.000990463187918067, 0.19990861415863037, 0.05409443750977516, 0.03403200954198837, 0.0015940953744575381, 0.012924120761454105, 0.002931467490270734, 0.0006279039662331343, 0.0008436242933385074, 0.021580442786216736, 0.18138661980628967], "generations": []}