{"source_layer": 6, "target_layer": 9, "scale": 5.257764863967895, "sigmas": [11.159321784973145, 10.035431861877441, 9.352574348449707, 8.075754165649414, 7.863688945770264, 7.619193077087402, 7.262231826782227, 7.011432647705078, 6.65503454208374, 6.555905342102051, 6.349111080169678, 6.160409927368164], "kl_divergences": [0.019366741180419922, 0.0005380039801821113, 0.0011057283263653517, 0.0012041544541716576, 0.02557332068681717, 0.01979255862534046, 0.00048561408766545355, 0.07319238036870956, 0.005861531477421522, 0.004727241117507219, 0.001600248971953988, 0.007438318338245153], "generations": []}