{"source_layer": 7, "target_layer": 11, "scale": 5.425988340377807, "sigmas": [11.769392013549805, 10.07352352142334, 9.241628646850586, 8.71774959564209, 8.502469062805176, 8.147384643554688, 7.839720726013184, 7.400971412658691, 7.325714111328125, 6.944398880004883, 6.687712669372559, 6.563153266906738], "kl_divergences": [0.002312613185495138, 0.0005894901696592569, 0.013548068702220917, 0.10477855056524277, 0.1360626369714737, 0.003300438169389963, 0.37439003586769104, 0.001940803718753159, 0.004809989128261805, 0.01506075169891119, 0.09936694800853729, 0.0052734315395355225], "generations": []}