{"source_layer": 7, "target_layer": 33, "scale": 5.425988340377807, "sigmas": [381.3244934082031, 129.96905517578125, 120.12464141845703, 115.43611907958984, 98.4398422241211, 91.89665222167969, 84.23905944824219, 76.2677993774414, 73.34364318847656, 71.22882843017578, 63.69013977050781, 61.988582611083984], "kl_divergences": [0.11806429177522659, 0.1810542196035385, 0.3137288987636566, 0.027000097557902336, 0.05105924606323242, 0.010900680907070637, 0.01293796207755804, 0.028044529259204865, 0.0035634252708405256, 0.0087018683552742, 0.009153410792350769, 0.002442742697894573], "generations": []}