{"source_layer": 7, "target_layer": 8, "scale": 5.425988340377807, "sigmas": [7.055705547332764, 6.495405673980713, 5.244037628173828, 4.7664079666137695, 4.576984882354736, 4.410618782043457, 4.290151119232178, 4.116135120391846, 3.968541145324707, 3.8965187072753906, 3.801738977432251, 3.714491605758667], "kl_divergences": [0.017980318516492844, 0.00028771028155460954, 0.020319323986768723, 0.0016657855594530702, 0.0014663368929177523, 0.1241665631532669, 0.23247776925563812, 0.10924211144447327, 0.05696463957428932, 0.0019501004135236144, 0.011368781328201294, 0.0015289023285731673], "generations": []}