{"source_layer": 8, "target_layer": 10, "scale": 6.474076747894287, "sigmas": [9.819546699523926, 7.9985833168029785, 7.480765342712402, 6.76704740524292, 6.638233661651611, 6.175184726715088, 5.981154441833496, 5.658080577850342, 5.509860992431641, 5.358301162719727, 5.235193729400635, 5.136141777038574], "kl_divergences": [0.4227427840232849, 0.05192193016409874, 0.0008560798596590757, 0.0009783281711861491, 0.0006498110014945269, 0.000382126570912078, 0.008892403915524483, 0.014956680126488209, 0.10734929889440536, 0.006780862808227539, 0.0027228996623307467, 0.004929680842906237], "generations": []}