{"source_layer": 9, "target_layer": 10, "scale": 8.496855354309082, "sigmas": [6.8150858879089355, 6.0243144035339355, 5.016561508178711, 4.793863773345947, 4.623585224151611, 4.292342662811279, 4.155394077301025, 4.083171844482422, 3.95477294921875, 3.873913526535034, 3.73403000831604, 3.6274611949920654], "kl_divergences": [0.42804214358329773, 0.16664116084575653, 0.0002457549562677741, 0.017278172075748444, 0.007717969827353954, 0.0002671282854862511, 0.07198606431484222, 0.013645569793879986, 0.068895123898983, 0.000606802583206445, 0.0001572047476656735, 0.012568823993206024], "generations": []}