{"source_layer": 9, "target_layer": 24, "scale": 8.496855354309082, "sigmas": [100.2398452758789, 34.11592102050781, 30.521202087402344, 29.280914306640625, 27.073434829711914, 24.195133209228516, 23.597949981689453, 22.885080337524414, 20.666969299316406, 20.52611541748047, 18.24513816833496, 17.054811477661133], "kl_divergences": [0.15712761878967285, 0.005699044559150934, 0.014697082340717316, 0.020469626411795616, 0.030921129509806633, 0.3844352066516876, 0.00383441848680377, 0.18849261105060577, 0.012246009893715382, 0.03089327923953533, 0.0008561423164792359, 0.031724654138088226], "generations": []}