{"source_layer": 10, "target_layer": 12, "sigmas": [6.635655879974365, 5.653216361999512, 5.465982437133789, 5.105020999908447, 4.9977898597717285, 4.676487922668457, 4.615884304046631, 4.499298095703125, 4.333323955535889, 4.140063285827637, 4.061598777770996, 3.9381585121154785], "kl_divergences": [0.0016006056685000658, 0.0017622174927964807, 0.0007643736316822469, 0.09557364881038666, 0.0015311535680666566, 0.0015534918056800961, 0.014736240729689598, 0.0015038457931950688, 0.0015156662557274103, 0.0016037559835240245, 0.007014283910393715, 0.0012153348652645946], "generations": []}