{"source_layer": 10, "target_layer": 11, "sigmas": [4.765628337860107, 4.558665752410889, 4.266246318817139, 3.8546061515808105, 3.7496213912963867, 3.72278094291687, 3.6802566051483154, 3.490246534347534, 3.425239324569702, 3.3053102493286133, 3.2060277462005615, 3.1412906646728516], "kl_divergences": [0.0015577459707856178, 0.0015902689192444086, 0.0015099291922524571, 0.001364830182865262, 0.04470691457390785, 0.0031464407220482826, 0.0015904814936220646, 0.0015667608240619302, 0.0015684597892686725, 0.00048525503370910883, 0.0009414399974048138, 0.0015343611594289541], "generations": []}