{"source_layer": 20, "target_layer": 22, "sigmas": [12.369795799255371, 8.090539932250977, 7.252640247344971, 7.100264549255371, 6.522044658660889, 6.173374176025391, 5.6719279289245605, 5.567674160003662, 5.495091915130615, 5.037329196929932, 4.673397541046143, 4.545651912689209], "kl_divergences": [0.0005388467106968164, 0.0015312081668525934, 0.0010530208237469196, 0.0032280210871249437, 0.001242027967236936, 0.00010924859816441312, 0.001409231568686664, 0.0001934408355737105, 0.0015876765828579664, 0.048775650560855865, 0.0002897676022257656, 0.0010332519887015224], "generations": []}