{"source_layer": 22, "target_layer": 23, "sigmas": [6.065904140472412, 5.189508438110352, 5.049275875091553, 4.994569301605225, 4.74182653427124, 4.430427074432373, 4.294992923736572, 4.099587917327881, 4.018343448638916, 4.008572101593018, 3.7255568504333496, 3.6820743083953857], "kl_divergences": [0.001404816284775734, 0.05618921294808388, 0.0015130409738048911, 0.0004930256400257349, 0.0003701904497575015, 0.0011790882563218474, 0.1290356069803238, 0.0002710192056838423, 0.0014976554084569216, 0.004265516065061092, 0.001531725749373436, 0.001132347621023655], "generations": []}