{"source_layer": 23, "target_layer": 26, "sigmas": [9.669029235839844, 7.578306198120117, 7.201261520385742, 6.936344623565674, 6.5702056884765625, 6.141783714294434, 6.045358657836914, 5.9356913566589355, 5.748189926147461, 5.647568702697754, 5.486001491546631, 5.2590155601501465], "kl_divergences": [0.0010867008240893483, 0.00045191249228082597, 0.00040794542292132974, 0.002525164047256112, 0.0015829821350052953, 0.0026713134720921516, 0.0015580941690132022, 0.05374044552445412, 0.003925953060388565, 0.0015310371527448297, 0.026386026293039322, 0.00041707284981384873], "generations": []}