{"source_layer": 23, "target_layer": 24, "sigmas": [7.1457600593566895, 6.083181381225586, 4.493515968322754, 4.42384147644043, 4.257223129272461, 3.9924347400665283, 3.7866227626800537, 3.705408811569214, 3.5570521354675293, 3.5330076217651367, 3.3907222747802734, 3.302597761154175], "kl_divergences": [0.00043993559665977955, 0.00020417547784745693, 0.0006346562877297401, 0.0055508385412395, 0.00019232233171351254, 0.0009167111711576581, 0.00100730883423239, 0.00012932483514305204, 4.07310071750544e-05, 0.005560754332691431, 0.00015788628661539406, 0.00046298804227262735], "generations": []}