{"source_layer": 23, "target_layer": 25, "sigmas": [8.069282531738281, 6.636228561401367, 6.381956100463867, 5.864008903503418, 5.415264129638672, 5.101388454437256, 4.958906173706055, 4.814111232757568, 4.6367950439453125, 4.404570579528809, 4.374635219573975, 4.147645473480225], "kl_divergences": [0.0008567184559069574, 2.3010457880445756e-05, 0.0001438000617781654, 0.0008964836597442627, 0.001539319520816207, 0.0015287738060578704, 7.072355219861493e-05, 0.0015531739918515086, 0.41895732283592224, 0.002076938981190324, 0.05840504541993141, 0.03230045363306999], "generations": []}