{"source_layer": 24, "target_layer": 26, "sigmas": [7.131784439086914, 6.041946887969971, 5.365189552307129, 5.07363748550415, 4.911873817443848, 4.511002063751221, 4.4206929206848145, 4.224832534790039, 4.176510334014893, 3.9852428436279297, 3.941396951675415, 3.8572192192077637], "kl_divergences": [0.0006225514225661755, 0.015631960704922676, 0.0016424487112089992, 0.014804401434957981, 0.061195384711027145, 0.014553338289260864, 0.00016379948647227138, 0.015094532631337643, 0.0009090264793485403, 0.0002777639892883599, 0.007657279260456562, 0.001393101760186255], "generations": []}