{"source_layer": 24, "target_layer": 27, "sigmas": [8.820730209350586, 6.934533596038818, 6.851503372192383, 6.129310607910156, 5.956301212310791, 5.742264270782471, 5.4725213050842285, 5.140892505645752, 5.020850658416748, 4.858035087585449, 4.611944675445557, 4.366062164306641], "kl_divergences": [0.0007881715428084135, 0.12859687209129333, 0.35781776905059814, 0.00026137210079468787, 0.21485747396945953, 0.0004941780935041606, 0.02241070382297039, 0.037995778024196625, 0.014081456698477268, 0.0019518183544278145, 0.0005163306486792862, 0.023367146030068398], "generations": []}