{"source_layer": 24, "target_layer": 35, "sigmas": [51.22515869140625, 28.996253967285156, 27.16841697692871, 24.26189613342285, 22.590669631958008, 20.644092559814453, 19.072134017944336, 18.026762008666992, 17.52679443359375, 17.155521392822266, 16.01197052001953, 15.790069580078125], "kl_divergences": [0.04370858147740364, 5.524345760932192e-05, 0.0015432899817824364, 0.0015178186586126685, 0.001983193913474679, 0.018995804712176323, 0.007130088284611702, 0.04442887008190155, 0.0009078255970962346, 0.0009902676101773977, 0.0010995955672115088, 0.013950001448392868], "generations": []}