{"source_layer": 24, "target_layer": 30, "sigmas": [14.39686393737793, 13.653580665588379, 11.409638404846191, 10.293109893798828, 9.833686828613281, 9.552719116210938, 8.894450187683105, 8.719294548034668, 8.272467613220215, 7.848410129547119, 7.695025444030762, 7.286575794219971], "kl_divergences": [0.0015546065988019109, 0.00322955590672791, 0.0011987215839326382, 0.0014095588121563196, 0.0020626878831535578, 0.00620674341917038, 0.010181363672018051, 0.0009681469528004527, 0.0003119453031104058, 0.00033754113246686757, 0.001959635177627206, 0.0017647536005824804], "generations": []}