{"source_layer": 25, "target_layer": 27, "sigmas": [6.8238091468811035, 5.393928527832031, 4.957154273986816, 4.8852620124816895, 4.715394496917725, 4.505752086639404, 4.288270473480225, 4.216220378875732, 3.8935084342956543, 3.7593295574188232, 3.489901304244995, 3.350837230682373], "kl_divergences": [7.536228076787665e-05, 0.014688096009194851, 0.00019885219808202237, 0.0010327610652893782, 0.0010500327916815877, 0.008926506154239178, 0.0015808218158781528, 0.008644103072583675, 0.0009043560130521655, 0.0005103934090584517, 1.8013342923950404e-05, 0.0006613754667341709], "generations": []}