{"source_layer": 25, "target_layer": 28, "sigmas": [8.167786598205566, 6.449973106384277, 5.975538730621338, 5.497241973876953, 5.3416008949279785, 5.267451286315918, 5.203744888305664, 4.780190944671631, 4.63563346862793, 4.431916236877441, 4.320424556732178, 4.198612213134766], "kl_divergences": [0.0004303801106289029, 0.10088948160409927, 0.00021491775987669826, 0.06346873939037323, 0.000808754819445312, 0.008861294947564602, 0.0029488271102309227, 0.0005530372145585716, 0.0003660613438114524, 0.001190461334772408, 0.0002513043873477727, 0.0033953769598156214], "generations": []}