{"source_layer": 25, "target_layer": 29, "sigmas": [9.956440925598145, 8.0131254196167, 7.327303886413574, 6.824358940124512, 6.345507621765137, 6.238493919372559, 6.098513126373291, 5.756776332855225, 5.650477409362793, 5.502319812774658, 5.217589378356934, 5.032851219177246], "kl_divergences": [0.00020029261941090226, 0.001493739546276629, 0.00022864641505293548, 0.0010387938236817718, 0.00035669535282067955, 0.0016949533019214869, 0.0018145829671993852, 0.00365385040640831, 0.0015593108255416155, 0.0032722942996770144, 0.000951309222728014, 0.010351443663239479], "generations": []}