{"source_layer": 25, "target_layer": 26, "sigmas": [5.803703308105469, 4.620030879974365, 3.821760892868042, 3.6839890480041504, 3.606081485748291, 3.4944472312927246, 3.432220220565796, 2.9921252727508545, 2.9732532501220703, 2.7975096702575684, 2.6856935024261475, 2.627741575241089], "kl_divergences": [0.00020625253091566265, 7.629708852618933e-05, 0.0009340767282992601, 0.00018404389265924692, 0.0004297562700230628, 1.6699026673450135e-05, 7.391288818325847e-05, 0.0012805997394025326, 0.00014222475874703377, 0.00015240754873957485, 3.676419146358967e-05, 0.0004939122009091079], "generations": []}