{"source_layer": 25, "target_layer": 30, "sigmas": [11.496679306030273, 10.542531967163086, 9.103312492370605, 8.450292587280273, 7.677192687988281, 7.335195541381836, 7.117180347442627, 6.88820219039917, 6.8501081466674805, 6.369680404663086, 6.175601959228516, 5.930667400360107], "kl_divergences": [0.00035288024810142815, 0.005227008834481239, 0.02574199065566063, 0.0008988215704448521, 0.006501495372503996, 0.005640879739075899, 0.0034712471533566713, 0.002650615992024541, 0.002029819181188941, 0.001940521295182407, 0.0009415916865691543, 0.00033528273343108594], "generations": []}