{"source_layer": 25, "target_layer": 32, "sigmas": [14.678041458129883, 12.528482437133789, 11.22489070892334, 11.018120765686035, 9.988604545593262, 9.717872619628906, 9.455521583557129, 8.989668846130371, 8.490010261535645, 8.035271644592285, 7.658064365386963, 7.015905857086182], "kl_divergences": [0.0012888744240626693, 0.27526426315307617, 0.00014696795551571995, 0.00349196745082736, 0.3185146152973175, 0.00010756867413874716, 0.013692978769540787, 0.003413599217310548, 0.00030248466646298766, 0.003821260528638959, 0.0003778468817472458, 0.00038330655661411583], "generations": []}