{"source_layer": 25, "target_layer": 35, "sigmas": [42.495487213134766, 25.208675384521484, 22.53706932067871, 19.480953216552734, 18.654064178466797, 16.831546783447266, 15.67521858215332, 15.628755569458008, 14.815025329589844, 14.453408241271973, 13.825752258300781, 12.901421546936035], "kl_divergences": [0.016690485179424286, 1.9042046915274113e-05, 0.0026506485883146524, 0.15617820620536804, 0.0005640268791466951, 0.0018497378332540393, 0.0006079623126424849, 0.0009258856298401952, 0.00028378001297824085, 0.04438477382063866, 0.0012847979087382555, 0.0003778925456572324], "generations": []}