{"source_layer": 25, "target_layer": 34, "sigmas": [19.295148849487305, 18.891687393188477, 16.97882080078125, 15.176277160644531, 13.99828815460205, 13.251928329467773, 12.846946716308594, 11.947037696838379, 11.722493171691895, 10.907258987426758, 10.58512020111084, 9.819892883300781], "kl_divergences": [0.00048192485701292753, 0.026923153549432755, 0.0013884918298572302, 0.01226271502673626, 0.00815693661570549, 0.014093630947172642, 0.23546716570854187, 8.59735591802746e-05, 0.0008294209255836904, 0.0011079692048951983, 0.00016860425239428878, 0.016426604241132736], "generations": []}