{"source_layer": 25, "target_layer": 33, "sigmas": [16.2272891998291, 13.811239242553711, 12.405374526977539, 12.275917053222656, 11.298274040222168, 10.754548072814941, 10.390727043151855, 10.108433723449707, 9.136792182922363, 8.996552467346191, 8.70197582244873, 8.557514190673828], "kl_divergences": [0.001369863050058484, 0.18743102252483368, 0.00017720225150696933, 0.00020188525377307087, 0.006404781714081764, 0.0007694897940382361, 0.0010696237441152334, 0.0008827196434140205, 0.0019466547528281808, 0.0006952880066819489, 0.0010505452519282699, 0.00047956951311789453], "generations": []}