{"source_layer": 26, "target_layer": 28, "sigmas": [6.126231670379639, 5.014071464538574, 4.572115898132324, 4.343653678894043, 4.020607948303223, 3.848275661468506, 3.7126801013946533, 3.5474469661712646, 3.379521131515503, 3.325908899307251, 3.321743965148926, 3.2128031253814697], "kl_divergences": [0.0007126990240067244, 0.001255229813978076, 8.577686094213277e-05, 0.020657461136579514, 0.0012931061210110784, 0.005492612719535828, 0.00896694976836443, 0.0006334891077131033, 0.0004104803374502808, 0.0013615379575639963, 0.0001375681022182107, 0.000400868128053844], "generations": []}