{"source_layer": 26, "target_layer": 29, "sigmas": [8.57791519165039, 6.319330215454102, 6.1603851318359375, 5.348442554473877, 5.186147212982178, 5.054159164428711, 4.824869632720947, 4.635064601898193, 4.413209915161133, 4.341723918914795, 4.086905002593994, 4.024385452270508], "kl_divergences": [0.00024899240816012025, 0.0018947378266602755, 0.0234273262321949, 0.0018953375983983278, 0.002309317933395505, 0.0011909155873581767, 0.0011011137394234538, 0.003368947422131896, 0.0004377015575300902, 0.001095317187719047, 0.00048449222231283784, 0.0015189307741820812], "generations": []}