{"source_layer": 26, "target_layer": 27, "sigmas": [4.5475850105285645, 4.141356945037842, 3.7676894664764404, 3.4097704887390137, 3.2039806842803955, 3.062378168106079, 2.9947643280029297, 2.8812265396118164, 2.7876474857330322, 2.758456230163574, 2.707871913909912, 2.568121910095215], "kl_divergences": [0.0009298234945163131, 0.001411839621141553, 0.0008857445209287107, 0.00027188495732843876, 7.63765856390819e-05, 0.0020169017370790243, 0.0002466747828293592, 0.0004942618543282151, 7.259906851686537e-05, 0.00018474558601155877, 4.613418423105031e-05, 2.6915773560176603e-05], "generations": []}