{"source_layer": 26, "target_layer": 35, "sigmas": [39.19320297241211, 22.649694442749023, 20.123062133789062, 16.81833839416504, 15.775141716003418, 14.198190689086914, 13.946474075317383, 13.790531158447266, 13.243650436401367, 12.180627822875977, 11.069159507751465, 11.030632019042969], "kl_divergences": [0.000936343742068857, 0.00012660218635573983, 0.00012838492693845183, 0.005606420338153839, 0.0010031855199486017, 0.0003724409034475684, 0.001432123826816678, 0.001448916387744248, 0.0055458806455135345, 0.004962584935128689, 0.0016477602766826749, 0.0003859970311168581], "generations": []}