{"source_layer": 26, "target_layer": 34, "sigmas": [17.268840789794922, 15.832053184509277, 14.246989250183105, 12.51650333404541, 12.271748542785645, 11.177069664001465, 10.601980209350586, 10.22801399230957, 9.907590866088867, 9.18161392211914, 8.861473083496094, 8.33477783203125], "kl_divergences": [0.000169854931300506, 0.0006544492789544165, 0.011638685129582882, 0.0011381658259779215, 0.09263309091329575, 0.00829668715596199, 0.044246379286050797, 0.0009140585898421705, 0.0006243789102882147, 0.0009681544033810496, 0.009111160412430763, 0.0003108163073193282], "generations": []}