{"source_layer": 26, "target_layer": 32, "sigmas": [12.424151420593262, 9.832292556762695, 9.744386672973633, 9.077155113220215, 8.642971992492676, 8.368059158325195, 7.692587852478027, 7.305819034576416, 7.036954879760742, 6.638378620147705, 6.3225789070129395, 6.307182312011719], "kl_divergences": [0.0002665805513970554, 0.0005396027117967606, 0.2172074317932129, 0.016102192923426628, 0.0006605799426324666, 0.06333474814891815, 0.005502169020473957, 0.00012733058247249573, 0.000779487076215446, 0.0003097479639109224, 0.029084280133247375, 0.0016849094536155462], "generations": []}