{"source_layer": 26, "target_layer": 33, "sigmas": [13.655723571777344, 11.041487693786621, 10.84101390838623, 10.450511932373047, 9.610396385192871, 9.411246299743652, 8.481081008911133, 8.238861083984375, 8.027799606323242, 7.83876895904541, 7.194764614105225, 7.1742987632751465], "kl_divergences": [0.0009903666796162724, 0.06405134499073029, 0.09384530782699585, 0.0007513075252063572, 0.02062983810901642, 0.006363812834024429, 0.0008820748189464211, 0.00022453982091974467, 0.0015073015820235014, 0.0011777833569794893, 0.0010354372207075357, 0.02066832222044468], "generations": []}