{"source_layer": 26, "target_layer": 30, "sigmas": [9.812822341918945, 8.101801872253418, 7.584262847900391, 7.374320983886719, 6.16182804107666, 6.0156049728393555, 5.848964214324951, 5.698452949523926, 5.481478691101074, 5.350423812866211, 5.070829391479492, 4.82880163192749], "kl_divergences": [0.00030945902108214796, 0.006777675356715918, 0.007768760435283184, 0.0012637594481930137, 0.002043109154328704, 0.02059001475572586, 0.00020560556731652468, 0.0012924198526889086, 0.0006971687544137239, 9.966436482500285e-05, 0.001186830224469304, 0.00017490307800471783], "generations": []}