{"source_layer": 26, "target_layer": 31, "sigmas": [11.265867233276367, 9.1604585647583, 8.75468921661377, 8.467658996582031, 7.4329118728637695, 7.336239337921143, 6.918390274047852, 6.674139499664307, 6.420389652252197, 6.086297512054443, 5.834224700927734, 5.638347625732422], "kl_divergences": [0.00040683720726519823, 0.06130351126194, 0.002032449236139655, 0.00048547840560786426, 0.001827623462304473, 0.0015416668029502034, 0.0006912822718732059, 0.0057262517511844635, 0.0006092260591685772, 0.0004983344697393477, 0.0005770116113126278, 0.0010034089209511876], "generations": []}