{"source_layer": 27, "target_layer": 29, "sigmas": [8.945539474487305, 5.52235746383667, 4.7981791496276855, 4.298798561096191, 4.193607807159424, 4.025280952453613, 3.8388919830322266, 3.5290727615356445, 3.4470419883728027, 3.3314385414123535, 3.2289481163024902, 3.1470351219177246], "kl_divergences": [7.051062129903585e-05, 0.00019412873371038586, 0.00024684093659743667, 0.004566127434372902, 0.0013320720754563808, 0.005564163904637098, 0.0020088450983166695, 0.0003884095640387386, 0.000179276816197671, 0.0004487569385673851, 0.00013225115253590047, 0.00012563494965434074], "generations": []}