{"source_layer": 27, "target_layer": 28, "sigmas": [4.157624244689941, 3.387517213821411, 3.213630199432373, 3.1476128101348877, 3.0712995529174805, 2.9922244548797607, 2.8994762897491455, 2.8253142833709717, 2.729072332382202, 2.641242265701294, 2.617791175842285, 2.5583739280700684], "kl_divergences": [0.0002823934191837907, 0.000968238222412765, 0.0305985938757658, 0.0002425883722025901, 1.9502023860695772e-05, 0.00043377341353334486, 1.898884534057288e-06, 0.00046958954771980643, 0.0005380244692787528, 0.0003743909765034914, 0.0001689180644461885, 2.895884790632408e-05], "generations": []}