{"source_layer": 27, "target_layer": 33, "sigmas": [14.107287406921387, 9.856780052185059, 8.84260368347168, 8.448029518127441, 8.058664321899414, 7.719268798828125, 7.333144187927246, 6.786808013916016, 6.475988388061523, 6.334910869598389, 6.187620162963867, 5.920001029968262], "kl_divergences": [0.00025219834060408175, 0.00020974154176656157, 8.823403913993388e-05, 0.00137217971496284, 0.030711278319358826, 0.003449466312304139, 0.0003986147930845618, 0.00632530078291893, 0.0004272964724805206, 0.0010304615134373307, 0.003534432966262102, 4.3162930523976684e-05], "generations": []}