{"source_layer": 27, "target_layer": 34, "sigmas": [16.385753631591797, 14.862544059753418, 12.52458667755127, 10.744840621948242, 9.454822540283203, 9.359895706176758, 9.202488899230957, 8.989752769470215, 8.563578605651855, 7.959522724151611, 7.320536136627197, 7.159825801849365], "kl_divergences": [1.7098511307267472e-05, 5.50176264368929e-05, 0.0020446465350687504, 0.0013230491895228624, 0.0015268230345100164, 0.0009511492098681629, 0.0010956323239952326, 0.008905459195375443, 4.2528485209913924e-05, 0.0009359281393699348, 0.0001496910845162347, 0.00015783779963385314], "generations": []}