{"source_layer": 27, "target_layer": 32, "sigmas": [12.979928970336914, 8.848402976989746, 8.0072660446167, 7.430136680603027, 7.010879993438721, 6.7845940589904785, 6.392692565917969, 6.146018028259277, 5.803198337554932, 5.629000663757324, 5.487621307373047, 5.24204158782959], "kl_divergences": [0.00011112375796074048, 0.0014400036307051778, 0.0003571378474589437, 0.06637544184923172, 0.02077956683933735, 0.0004671272181440145, 0.0022334835957735777, 0.00022324493329506367, 0.021538229659199715, 0.002363992389291525, 0.00011660639574984089, 0.000387094245525077], "generations": []}