{"source_layer": 27, "target_layer": 30, "sigmas": [10.17354965209961, 7.039153099060059, 5.997740745544434, 5.468526840209961, 5.304703712463379, 5.101816177368164, 4.909992218017578, 4.712845325469971, 4.516915321350098, 4.293727397918701, 4.214187145233154, 3.855020523071289], "kl_divergences": [4.06330764235463e-05, 0.00036253847065381706, 0.01154166366904974, 0.06513462960720062, 0.0005363817908801138, 0.0011782284127548337, 0.001950570265762508, 0.0005169609212316573, 0.003495777491480112, 8.296578016597778e-05, 0.0002028400922426954, 0.00035459085484035313], "generations": []}