{"source_layer": 27, "target_layer": 31, "sigmas": [11.705303192138672, 8.176726341247559, 6.816888809204102, 6.594063758850098, 6.43998384475708, 6.054152488708496, 5.755160331726074, 5.594050884246826, 5.201104164123535, 5.054461479187012, 4.933746814727783, 4.6575727462768555], "kl_divergences": [6.184858648339286e-05, 0.0005862334510311484, 0.000690532149747014, 0.0012945950729772449, 0.005013958550989628, 0.005022856872528791, 0.00029227547929622233, 0.0005129514611326158, 0.0010257769608870149, 0.0009674743632785976, 0.0005978901754133403, 3.863677920890041e-05], "generations": []}