{"source_layer": 27, "target_layer": 35, "sigmas": [36.5523567199707, 20.683412551879883, 20.509798049926758, 15.346418380737305, 14.34438419342041, 12.829025268554688, 12.214897155761719, 11.356422424316406, 10.987513542175293, 10.370327949523926, 9.901823043823242, 9.387475967407227], "kl_divergences": [0.013402030803263187, 2.010061143664643e-05, 0.00012243969831615686, 0.0018417988903820515, 0.0001808094239095226, 0.0001240564597537741, 0.0001208410831168294, 0.0009254145552404225, 0.0032278476282954216, 0.00014634666149504483, 0.000511071237269789, 0.0004383609921205789], "generations": []}