{"source_layer": 28, "target_layer": 29, "sigmas": [7.681326389312744, 4.685309410095215, 3.8262994289398193, 3.6920602321624756, 3.5126945972442627, 3.2178473472595215, 3.180471658706665, 2.9786484241485596, 2.900442600250244, 2.840911626815796, 2.7059478759765625, 2.646728038787842], "kl_divergences": [0.00017244993068743497, 0.00013706400932278484, 8.42034860397689e-05, 2.9383594664977863e-05, 0.0007405381184071302, 1.9134133253828622e-05, 2.5270303012803197e-05, 1.3976574336993508e-05, 5.562768274103291e-05, 0.0002155438414774835, 1.9811081074294634e-05, 1.2177602911833674e-05], "generations": []}