{"source_layer": 28, "target_layer": 32, "sigmas": [11.445889472961426, 7.8644022941589355, 7.0052690505981445, 6.120981693267822, 6.010339260101318, 5.688605308532715, 5.347754955291748, 5.112470626831055, 4.940889358520508, 4.727505207061768, 4.653641223907471, 4.425980567932129], "kl_divergences": [0.0008572142105549574, 0.0023627744521945715, 0.000170027298736386, 0.00450513232499361, 0.0004910327843390405, 0.0004048974660690874, 0.0015826104208827019, 0.0008401155355386436, 0.0005895229405723512, 0.00037834435352124274, 0.0073100971058011055, 0.0003564379585441202], "generations": []}