{"source_layer": 28, "target_layer": 33, "sigmas": [12.699243545532227, 8.806377410888672, 7.877963066101074, 7.205209732055664, 6.893775463104248, 6.476304054260254, 5.923946380615234, 5.66709041595459, 5.549384117126465, 5.450445652008057, 5.131158828735352, 4.815809726715088], "kl_divergences": [0.00017214407853316516, 0.00028237508377060294, 3.2580919651081786e-05, 0.0011651174863800406, 0.00018270818691235036, 0.00041373600834049284, 0.0003854913229588419, 0.001840063720010221, 0.00035653155646286905, 0.005523146130144596, 0.0034044538624584675, 0.00010714492236729711], "generations": []}