{"source_layer": 28, "target_layer": 34, "sigmas": [15.068411827087402, 13.85210132598877, 11.145990371704102, 9.043989181518555, 8.641921043395996, 8.180545806884766, 7.908264636993408, 7.72183895111084, 6.969821929931641, 6.767723083496094, 6.612626075744629, 6.356608867645264], "kl_divergences": [0.0008816301706247032, 1.6335259715560824e-05, 0.00020804873201996088, 0.0017743367934599519, 0.00016230357869062573, 0.0022699821274727583, 0.004795948043465614, 0.00048532013897784054, 0.00012886688637081534, 0.0008071763440966606, 0.00010188427404500544, 0.0021251069847494364], "generations": []}