{"source_layer": 28, "target_layer": 30, "sigmas": [8.889171600341797, 6.011758327484131, 5.288429260253906, 4.90863037109375, 4.5210347175598145, 4.170567989349365, 4.142603397369385, 3.9388277530670166, 3.710301160812378, 3.550248146057129, 3.408637046813965, 3.2451369762420654], "kl_divergences": [0.00011851602175738662, 0.00032358590397052467, 0.0003480039304122329, 7.769554940750822e-05, 8.49324424052611e-05, 0.00014165144239086658, 6.423900049412623e-05, 0.000235527113545686, 0.0013586417771875858, 0.00013045882224105299, 8.20708301034756e-05, 0.0009453474776819348], "generations": []}