{"source_layer": 28, "target_layer": 35, "sigmas": [33.941688537597656, 18.81989860534668, 18.715604782104492, 13.708637237548828, 12.788538932800293, 12.030306816101074, 11.462194442749023, 9.832184791564941, 9.505661964416504, 8.989343643188477, 8.935545921325684, 8.380572319030762], "kl_divergences": [0.0008112963405437768, 5.660735405399464e-05, 3.9885380829218775e-05, 3.1394789402838796e-05, 0.00012135202996432781, 5.648013757308945e-05, 0.0002494858345016837, 0.00015566643560305238, 0.0005970390047878027, 0.0001495122123742476, 0.0004872918943874538, 2.7943699024035595e-05], "generations": []}