{"source_layer": 28, "target_layer": 31, "sigmas": [10.37074089050293, 7.150917053222656, 5.943811416625977, 5.707706451416016, 5.398941993713379, 5.050175666809082, 4.940743446350098, 4.618268013000488, 4.421905994415283, 4.327758312225342, 4.140096187591553, 3.827852964401245], "kl_divergences": [0.00031355200917460024, 0.0007154796039685607, 5.1395258196862414e-05, 0.006023847963660955, 7.328070932999253e-05, 0.002464343560859561, 0.0005860512028448284, 0.023926865309476852, 8.426465501543134e-05, 0.0025251691695302725, 0.00018046156037598848, 0.00015820360567886382], "generations": []}