{"source_layer": 29, "target_layer": 33, "sigmas": [9.213213920593262, 7.414612770080566, 6.735893249511719, 6.452807426452637, 5.513500690460205, 5.330590724945068, 5.003544807434082, 4.738862037658691, 4.608259201049805, 4.533266544342041, 4.257054328918457, 4.082153797149658], "kl_divergences": [0.00022655187058262527, 1.7116595699917525e-05, 7.940469367895275e-05, 0.004268040880560875, 0.0010100069921463728, 0.000751183892134577, 0.0001472008298151195, 0.00011934374924749136, 0.00723963463678956, 0.00014667579671368003, 1.6375899576814845e-05, 8.62716042320244e-05], "generations": []}