{"source_layer": 29, "target_layer": 34, "sigmas": [12.8711519241333, 11.488868713378906, 9.573680877685547, 8.180437088012695, 7.433195114135742, 7.056092739105225, 6.931214332580566, 6.4925312995910645, 6.209955215454102, 5.946596622467041, 5.526535511016846, 5.03096866607666], "kl_divergences": [0.00013086454418953508, 0.0008581016445532441, 5.315308953868225e-05, 0.00010767012281576172, 0.0005936396191827953, 3.3588945370865986e-05, 0.0009941118769347668, 0.000250580080319196, 7.957386696944013e-05, 0.00012041896843584254, 0.0008789207204245031, 0.004644488915801048], "generations": []}