{"source_layer": 29, "target_layer": 35, "sigmas": [31.500099182128906, 17.0529842376709, 14.671663284301758, 12.583130836486816, 11.617141723632812, 10.948649406433105, 9.441377639770508, 8.646324157714844, 8.41486930847168, 7.650662899017334, 7.391348361968994, 7.307009220123291], "kl_divergences": [0.006761628668755293, 3.760572872124612e-05, 1.275891645491356e-05, 0.00012733432231470942, 1.3561875675804913e-05, 8.014108061615843e-06, 2.0400327684910735e-06, 8.101188723230734e-05, 0.00029090381576679647, 0.0004717439878731966, 2.1345544155337848e-05, 5.533216244657524e-05], "generations": []}