{"source_layer": 29, "target_layer": 32, "sigmas": [7.713769912719727, 6.371582508087158, 6.0602827072143555, 5.485007286071777, 5.007153511047363, 4.773284912109375, 4.514667987823486, 4.337295055389404, 4.126641273498535, 3.8649115562438965, 3.705782890319824, 3.431630849838257], "kl_divergences": [0.0003733167832251638, 0.00021481045405380428, 0.00025480258045718074, 0.0007662549032829702, 0.006533569190651178, 0.0011899549281224608, 0.031212808564305305, 0.00029741477919742465, 0.00031499809119850397, 0.009009146131575108, 3.7868965591769665e-05, 0.0006425051833502948], "generations": []}