{"source_layer": 29, "target_layer": 30, "sigmas": [4.7378716468811035, 4.431129455566406, 4.186011791229248, 3.785555362701416, 3.491737127304077, 3.2775607109069824, 3.036935329437256, 2.9416956901550293, 2.863297939300537, 2.6533925533294678, 2.553237199783325, 2.480245590209961], "kl_divergences": [0.0008202121825888753, 0.00010646888404153287, 0.00018668924167286605, 0.00011228119547013193, 3.980689507443458e-05, 2.8002585167996585e-05, 0.0009496880229562521, 0.00012634298764169216, 0.0001900514616863802, 6.143068458186463e-05, 1.8860791897168383e-05, 0.00013149059668648988], "generations": []}