{"source_layer": 29, "target_layer": 31, "sigmas": [6.409801483154297, 5.270267486572266, 5.155305862426758, 4.993587970733643, 4.556095123291016, 4.24320650100708, 4.220507621765137, 3.942307949066162, 3.4633591175079346, 3.3220245838165283, 3.0185587406158447, 2.988048553466797], "kl_divergences": [0.0033136263955384493, 0.0015757317887619138, 0.0022870502434670925, 0.0002280193439219147, 0.0008422959363088012, 0.017726227641105652, 2.4477578335790895e-05, 7.539281068602577e-05, 0.0007892086287029088, 0.00047420355258509517, 0.00039347223355434835, 1.791717659216374e-05], "generations": []}