{"source_layer": 30, "target_layer": 31, "sigmas": [5.534641742706299, 3.819312572479248, 3.284813642501831, 3.1292481422424316, 3.037672758102417, 2.674196243286133, 2.575495481491089, 2.479177236557007, 2.4496548175811768, 2.439005136489868, 2.3856773376464844, 2.34368634223938], "kl_divergences": [0.00015564697969239205, 0.04150649160146713, 1.6536603652639315e-05, 5.1885825087083504e-05, 0.00015405885642394423, 0.00024177458544727415, 1.041530049405992e-05, 7.399587047984824e-06, 0.00020527688320726156, 3.9210808608913794e-05, 1.1119705050077755e-05, 1.6026149296521908e-06], "generations": []}