{"source_layer": 30, "target_layer": 32, "sigmas": [7.053507328033447, 4.851917743682861, 4.198171615600586, 3.982621669769287, 3.4984779357910156, 3.400987386703491, 3.262970447540283, 3.2116613388061523, 3.001939296722412, 2.927982807159424, 2.816960573196411, 2.74922251701355], "kl_divergences": [0.00010405841749161482, 0.00037148274714127183, 0.000446991907665506, 0.0008034363272599876, 6.684736581519246e-05, 0.0001765899796737358, 5.173065801500343e-05, 0.00016297293768730015, 6.149842374725267e-05, 1.90612263395451e-05, 0.0001082004455383867, 1.136443461291492e-05], "generations": []}