{"source_layer": 30, "target_layer": 34, "sigmas": [11.7489652633667, 10.425634384155273, 9.32715129852295, 6.902337551116943, 6.457919120788574, 6.081559181213379, 5.603096008300781, 5.078773021697998, 4.698104381561279, 4.571744441986084, 4.426055431365967, 4.23535680770874], "kl_divergences": [0.00013845876674167812, 0.0002808978606481105, 8.662841537443455e-07, 8.798341150395572e-05, 0.00029191034263931215, 2.0727073206217028e-05, 0.00016210379544645548, 1.2646722097997554e-05, 1.0759943052107701e-06, 0.00042507817852310836, 0.00012398816761560738, 0.00037640982191078365], "generations": []}