{"source_layer": 30, "target_layer": 33, "sigmas": [8.577275276184082, 6.207156181335449, 5.084798336029053, 4.654065132141113, 4.289480209350586, 4.1061625480651855, 3.8731796741485596, 3.761674404144287, 3.5367448329925537, 3.400402307510376, 3.2971651554107666, 3.127544403076172], "kl_divergences": [0.00028626658604480326, 3.238018962292699e-06, 2.5606259441701695e-06, 0.00015277262718882412, 0.007301028817892075, 0.0007490396383218467, 5.502144631464034e-05, 4.310458098188974e-05, 0.0001394409773638472, 6.614898302359506e-05, 5.205657726037316e-05, 0.0002494342625141144], "generations": []}