{"source_layer": 30, "target_layer": 35, "sigmas": [28.230621337890625, 15.720086097717285, 13.127464294433594, 11.679967880249023, 10.530801773071289, 9.449618339538574, 8.31667709350586, 7.845249652862549, 7.5168890953063965, 6.851742267608643, 6.346796035766602, 6.165952682495117], "kl_divergences": [0.0036375748459249735, 5.6786939239827916e-05, 1.2862446965300478e-05, 1.9936922399210744e-05, 2.8063979698345065e-05, 8.851186066749506e-06, 1.3157400644558948e-05, 8.356557373190299e-05, 9.349637366540264e-06, 5.7740813645068556e-05, 1.8582244592835195e-05, 1.382605387334479e-05], "generations": []}