{"source_layer": 31, "target_layer": 35, "sigmas": [27.440902709960938, 21.377756118774414, 12.20536994934082, 10.2617826461792, 9.598800659179688, 9.253662109375, 8.315572738647461, 7.386927604675293, 7.238714218139648, 6.389071464538574, 6.152465343475342, 5.992385387420654], "kl_divergences": [0.003095310879871249, 9.024571772897616e-05, 5.0839982577599585e-05, 3.1895092433842365e-06, 2.8392374588293023e-05, 1.546330349810887e-05, 5.572280133492313e-05, 0.00013642312842421234, 5.159315696801059e-05, 1.9147655621054582e-05, 8.103388609015383e-06, 1.6953028534771875e-05], "generations": []}