{"source_layer": 31, "target_layer": 34, "sigmas": [17.029409408569336, 9.54372787475586, 7.632229804992676, 6.815770149230957, 6.015693187713623, 5.568207263946533, 5.4129204750061035, 4.665262222290039, 4.307443141937256, 4.219427108764648, 4.102618217468262, 3.709960699081421], "kl_divergences": [2.0774348740815185e-05, 4.985354462405667e-05, 9.934708941727877e-05, 7.656227353436407e-06, 0.0004999761586077511, 1.809748209780082e-05, 1.8315011402592063e-05, 1.5614061339874752e-05, 2.5274248400819488e-05, 0.0001764614717103541, 2.878334817069117e-05, 2.0760897314175963e-05], "generations": []}