{"source_layer": 31, "target_layer": 33, "sigmas": [7.746194362640381, 5.288791656494141, 5.1153035163879395, 4.33354377746582, 4.100081920623779, 3.515836000442505, 3.4185829162597656, 3.1008617877960205, 3.0704753398895264, 2.942190170288086, 2.877200126647949, 2.8049614429473877], "kl_divergences": [0.0005369319696910679, 6.703849066980183e-05, 1.6867196563907783e-06, 0.0001527124404674396, 1.9583545508794487e-05, 1.5794470527907833e-05, 1.5833631550776772e-05, 1.9826973584713414e-05, 1.0401764484413434e-05, 9.673261047282722e-06, 2.3747070372337475e-05, 5.542281724046916e-05], "generations": []}