{"source_layer": 31, "target_layer": 32, "sigmas": [5.465929985046387, 3.580418348312378, 3.3280932903289795, 3.2501606941223145, 3.072861909866333, 2.794579029083252, 2.760218858718872, 2.6012680530548096, 2.528407096862793, 2.2969393730163574, 2.2625465393066406, 2.198357582092285], "kl_divergences": [0.00037425916525535285, 6.421603757189587e-05, 1.8241596990264952e-05, 5.5658929341007024e-05, 5.602352030109614e-05, 2.480800731063937e-06, 7.391307121906721e-07, 2.4064729586825706e-05, 1.2599430192494765e-05, 1.2813566172553692e-05, 2.2458623789134435e-05, 7.484381512767868e-06], "generations": []}