{"source_layer": 32, "target_layer": 34, "sigmas": [17.378177642822266, 10.037857055664062, 7.076423168182373, 6.137264251708984, 5.485477924346924, 5.116377830505371, 4.675098896026611, 4.356128215789795, 3.996133327484131, 3.7610127925872803, 3.690107583999634, 3.514925241470337], "kl_divergences": [0.0001071495353244245, 5.0180606194771826e-05, 5.6015247537288815e-05, 6.025292805134086e-06, 5.8079109294340014e-05, 7.282797014340758e-06, 3.934053165721707e-05, 4.6256169298430905e-05, 1.2575340406328905e-05, 4.654757503885776e-05, 6.715686322422698e-05, 4.295437247492373e-05], "generations": []}