{"source_layer": 32, "target_layer": 35, "sigmas": [26.6210880279541, 21.150232315063477, 12.452058792114258, 9.718746185302734, 8.931560516357422, 8.381301879882812, 7.552435398101807, 7.0180745124816895, 6.181997299194336, 6.016613483428955, 5.703005790710449, 5.47493839263916], "kl_divergences": [0.0005524943117052317, 0.00013058986223768443, 7.411020988001837e-07, 1.2506563507486135e-05, 1.5652325600967743e-05, 1.3881864902032248e-07, 1.2165013686171733e-05, 0.00013731316721532494, 2.406163275736617e-06, 6.69205910526216e-05, 4.41493693870143e-06, 7.737970918242354e-06], "generations": []}