{"source_layer": 32, "target_layer": 33, "sigmas": [6.6381330490112305, 4.985040664672852, 3.6693618297576904, 3.6270933151245117, 3.103492021560669, 2.7336912155151367, 2.6270360946655273, 2.5233139991760254, 2.4126179218292236, 2.377791166305542, 2.361175775527954, 2.3206377029418945], "kl_divergences": [0.0004939217469654977, 2.0709092495962977e-05, 9.344152931589633e-05, 6.729602318955585e-05, 1.001165401248727e-05, 0.0001017114263959229, 1.945932672242634e-05, 2.5065244699362665e-05, 4.6358156396308914e-05, 4.807551249541575e-06, 3.521726466715336e-05, 8.386075933231041e-05], "generations": []}