{"source_layer": 33, "target_layer": 35, "sigmas": [28.57232093811035, 24.491031646728516, 15.963007926940918, 8.861104011535645, 8.473369598388672, 7.828531265258789, 7.1143951416015625, 7.003119945526123, 5.923989295959473, 5.88218879699707, 5.647105693817139, 5.445127487182617], "kl_divergences": [0.002712760353460908, 2.2396727217710577e-05, 3.042273601749912e-05, 1.632757061997836e-06, 1.8121230823453516e-05, 4.512726718530757e-06, 8.049931784626096e-05, 4.6293509512906894e-05, 1.2217006769787986e-05, 1.3123367352818605e-05, 1.881267235148698e-05, 1.816951044020243e-05], "generations": []}