{"source_layer": 33, "target_layer": 34, "sigmas": [19.191268920898438, 15.8018217086792, 6.55277681350708, 5.681161880493164, 4.640619277954102, 4.332221031188965, 4.175879001617432, 3.9207966327667236, 3.7390928268432617, 3.5026841163635254, 3.326418161392212, 3.2178382873535156], "kl_divergences": [2.9514352718251757e-05, 0.00037525055813603103, 1.8298130726179807e-06, 1.3786328963760752e-05, 2.5271513095503906e-06, 9.145985018221836e-07, 5.5803993745939806e-05, 1.2954113117302768e-05, 4.2432740883668885e-05, 1.2429544767655898e-05, 4.6184227358025964e-06, 1.4198342796589714e-05], "generations": []}