{"source_layer": 34, "target_layer": 35, "sigmas": [25.30808448791504, 16.539770126342773, 10.487641334533691, 7.315209865570068, 6.281172752380371, 5.913641452789307, 5.200409412384033, 4.145165920257568, 3.836893320083618, 3.6720120906829834, 3.625896692276001, 3.4900407791137695], "kl_divergences": [0.001883647171780467, 0.0003288405714556575, 1.4222088793758303e-05, 1.0356169696024153e-05, 1.1525897747333147e-07, 0.00014027912402525544, 1.8404169168206863e-05, 3.2252257824438857e-06, 2.8144662792328745e-05, 4.2664545617299154e-05, 3.8057551137171686e-05, 0.00014205802290234715], "generations": []}