{"source_layer": 5, "target_layer": 19, "sigmas": [23.144474029541016, 22.117586135864258, 19.1678524017334, 18.338783264160156, 17.138790130615234, 16.881587982177734, 16.36734962463379, 15.846917152404785, 14.651576042175293, 14.01089096069336, 13.53990650177002, 13.318552017211914], "kl_divergences": [0.0012308817822486162, 0.1817031055688858, 0.0002723850484471768, 0.012808549217879772, 0.0016226783627644181, 0.0016191748436540365, 0.0014560066629201174, 0.0015583811327815056, 0.0015931811649352312, 0.0012817102251574397, 0.0017079205717891455, 0.0016104698879644275], "generations": []}