{"source_layer": 6, "target_layer": 10, "sigmas": [12.647611618041992, 11.015993118286133, 10.208270072937012, 9.90510082244873, 9.028470993041992, 8.897675514221191, 8.617049217224121, 8.202795028686523, 8.032434463500977, 7.482033729553223, 7.153006553649902, 6.854073524475098], "kl_divergences": [0.00619015097618103, 0.03690670058131218, 0.0013747916091233492, 0.0015427269972860813, 0.43213072419166565, 0.0013768038479611278, 0.0007010421832092106, 0.0015919741708785295, 0.0016122475499287248, 0.001420860644429922, 0.005037674680352211, 0.000914700620342046], "generations": []}