{"source_layer": 6, "target_layer": 12, "sigmas": [12.350667953491211, 11.666282653808594, 10.949743270874023, 10.083284378051758, 9.740540504455566, 9.346999168395996, 8.729998588562012, 8.427003860473633, 8.064234733581543, 7.88690185546875, 7.650585174560547, 7.3007493019104], "kl_divergences": [0.0035949982702732086, 0.03567385673522949, 0.0015309401787817478, 0.0020453345496207476, 0.0016231720801442862, 0.005667666904628277, 0.0016369925579056144, 0.004528774414211512, 0.0014975854428485036, 0.004958244040608406, 0.12055212259292603, 0.0003683636023197323], "generations": []}