{"source_layer": 6, "target_layer": 14, "sigmas": [17.91874885559082, 15.080587387084961, 13.884291648864746, 13.70763111114502, 13.362616539001465, 12.489097595214844, 12.274142265319824, 11.677155494689941, 11.098010063171387, 10.598474502563477, 9.952519416809082, 9.577467918395996], "kl_divergences": [0.020167097449302673, 0.10854973644018173, 0.001047988422214985, 0.001801823265850544, 0.0015357178635895252, 0.0007558879442512989, 0.03157121688127518, 0.0020118900574743748, 8.609326323494315e-05, 0.04104594513773918, 0.0013476177118718624, 0.017773617058992386], "generations": []}