{"source_layer": 6, "target_layer": 33, "sigmas": [217.0352020263672, 92.96369934082031, 90.282470703125, 87.09185791015625, 83.9129409790039, 76.11956787109375, 72.61347198486328, 66.9130859375, 62.06917953491211, 59.94419479370117, 58.407432556152344, 54.86885452270508], "kl_divergences": [0.0746564045548439, 0.0007213325588963926, 0.0015818652464076877, 0.0005142479203641415, 0.002309792209416628, 0.05023917555809021, 0.000341722130542621, 0.0016183125553652644, 0.1777411252260208, 0.0015637179603800178, 0.0015806762967258692, 0.0015102882171049714], "generations": []}