{"source_layer": 7, "target_layer": 11, "sigmas": [11.844212532043457, 10.052401542663574, 9.689566612243652, 9.358781814575195, 8.474603652954102, 8.21764087677002, 7.734525680541992, 7.482790470123291, 7.19246768951416, 6.996993064880371, 6.745540618896484, 6.582862854003906], "kl_divergences": [0.0039424835704267025, 0.009435108862817287, 0.002950591268017888, 0.011150051839649677, 0.0015149732353165746, 0.002136538503691554, 0.0029709499794989824, 0.020268600434064865, 0.009153866209089756, 0.001018643844872713, 0.0005738523905165493, 0.0002785712422337383], "generations": []}