{"source_layer": 7, "target_layer": 8, "sigmas": [8.312615394592285, 6.177994728088379, 5.275851249694824, 4.8982625007629395, 4.727850437164307, 4.535035610198975, 4.427770137786865, 4.241982936859131, 4.089404582977295, 3.956321954727173, 3.829404354095459, 3.695807695388794], "kl_divergences": [0.0013660003896802664, 0.0019539794884622097, 0.001717551494948566, 0.002394286682829261, 0.0006884316098876297, 0.0014715192373842, 0.001624268013983965, 0.00355400238186121, 0.0016124967951327562, 0.0009411758510395885, 0.0016330472426488996, 0.1260458528995514], "generations": []}