{"source_layer": 8, "target_layer": 10, "sigmas": [9.5825777053833, 7.795139789581299, 7.658499717712402, 6.683789253234863, 6.238692283630371, 6.074942588806152, 5.744503498077393, 5.526841640472412, 5.208731174468994, 5.151570796966553, 4.962806224822998, 4.902939796447754], "kl_divergences": [0.0030645057559013367, 0.0013832629192620516, 0.002197077265009284, 0.0015759061789140105, 0.02981933392584324, 0.000998994568362832, 0.0015090416418388486, 0.012502592988312244, 0.00229097087867558, 0.001578821917064488, 0.06557485461235046, 0.1477097123861313], "generations": []}