{"source_layer": 8, "target_layer": 12, "sigmas": [9.107274055480957, 8.291679382324219, 8.115086555480957, 7.850047588348389, 7.158918380737305, 6.859778881072998, 6.692436695098877, 6.40769624710083, 6.100249767303467, 5.817142486572266, 5.568537712097168, 5.242895126342773], "kl_divergences": [0.004219522699713707, 0.1644408106803894, 0.0023910589516162872, 0.0023309483658522367, 0.0016033510910347104, 0.0029799367766827345, 0.001544480212032795, 0.0016103314701467752, 0.0005067327292636037, 0.00020552850037347525, 0.000881719752214849, 0.00109102891292423], "generations": []}