{"source_layer": 8, "target_layer": 15, "sigmas": [15.420947074890137, 12.640165328979492, 11.338136672973633, 11.224729537963867, 10.927923202514648, 10.45973014831543, 10.187826156616211, 9.773017883300781, 9.033943176269531, 8.565847396850586, 8.259171485900879, 8.033921241760254], "kl_divergences": [0.0016885369550436735, 0.14924418926239014, 0.14968974888324738, 0.0007632947526872158, 0.0017649903893470764, 0.001508559798821807, 0.0015950220404192805, 0.0003339010290801525, 0.0009478789288550615, 0.0016127978451550007, 0.0013035163283348083, 0.2095937281847], "generations": []}