{"source_layer": 8, "target_layer": 17, "sigmas": [15.035359382629395, 13.168888092041016, 11.816558837890625, 11.484354019165039, 10.74927043914795, 10.340060234069824, 9.849639892578125, 9.710014343261719, 9.485139846801758, 9.140667915344238, 8.649545669555664, 8.240089416503906], "kl_divergences": [0.00037898976006545126, 0.0031559544149786234, 0.018187373876571655, 0.19583629071712494, 0.004445151425898075, 0.00039581299643032253, 0.0018577731680124998, 0.0016163111431524158, 0.001431636163033545, 0.0016090258723124862, 0.0015115556307137012, 0.0013871801784262061], "generations": []}