{"source_layer": 8, "target_layer": 9, "sigmas": [6.834595680236816, 6.006129264831543, 5.628285884857178, 5.395541191101074, 5.012617111206055, 4.548888206481934, 4.298216342926025, 4.12062931060791, 4.030643939971924, 3.8605027198791504, 3.7371082305908203, 3.679236888885498], "kl_divergences": [0.0014555087545886636, 0.0009636065806262195, 0.0014753320720046759, 0.0015510329976677895, 0.0011660739546641707, 0.0008721339982002974, 0.004277663305401802, 0.0013293836964294314, 0.08221842348575592, 0.0013839277671650052, 0.0012256362242624164, 0.0015512378886342049], "generations": []}