{"source_layer": 9, "target_layer": 11, "sigmas": [6.825323104858398, 6.614969730377197, 5.8893256187438965, 5.323776721954346, 5.058350563049316, 4.762098789215088, 4.648090839385986, 4.413281440734863, 4.37460470199585, 4.24078369140625, 4.17011833190918, 3.9080467224121094], "kl_divergences": [0.0025914942380040884, 0.0007401074981316924, 0.0013196567306295037, 0.0018741918029263616, 0.00987295713275671, 0.001765354652889073, 0.0015323566040024161, 0.006497379392385483, 0.09630727022886276, 0.0006792045896872878, 0.002350930357351899, 0.0016036275774240494], "generations": []}