{"source_layer": 9, "target_layer": 12, "sigmas": [6.915887832641602, 6.704466342926025, 6.546658515930176, 6.096112251281738, 6.008541584014893, 5.528593063354492, 5.135304927825928, 5.040200233459473, 4.967098712921143, 4.823607921600342, 4.569570541381836, 4.450973033905029], "kl_divergences": [0.0014109034091234207, 0.3831985294818878, 0.0022991395089775324, 0.22731584310531616, 0.009632522240281105, 0.0020206053741276264, 0.0006588075775653124, 0.0015719215152785182, 0.004308934789150953, 0.0017764758085832, 0.0010897285537794232, 0.0016090997960418463], "generations": []}