{"source_layer": 10, "target_layer": 18, "sigmas": [12.985651016235352, 12.019685745239258, 10.371026992797852, 10.156438827514648, 9.09499740600586, 8.632442474365234, 8.295449256896973, 7.9554853439331055, 7.626888275146484, 7.5557756423950195, 7.275931358337402, 6.902760982513428], "kl_divergences": [0.12295803427696228, 0.1434260457754135, 0.04679371416568756, 0.04162176698446274, 0.09153252840042114, 0.08402831852436066, 0.019605513662099838, 0.007452607154846191, 0.0024271418806165457, 0.052413735538721085, 0.3351357579231262, 0.03552287817001343], "generations": []}