{"source_layer": 11, "target_layer": 20, "sigmas": [13.88880729675293, 13.334485054016113, 12.731452941894531, 11.594352722167969, 11.356842041015625, 10.263057708740234, 9.674554824829102, 9.296610832214355, 9.055547714233398, 8.614171028137207, 8.057815551757812, 7.249547004699707], "kl_divergences": [0.01145373284816742, 0.01826152391731739, 0.22302642464637756, 0.0512898825109005, 0.1137181892991066, 0.003006137441843748, 0.29281923174858093, 0.11581747233867645, 0.006482873577624559, 0.024569150060415268, 0.0021316050551831722, 0.1508898138999939], "generations": []}