{"source_layer": 12, "target_layer": 16, "sigmas": [10.645867347717285, 9.51686954498291, 8.27584171295166, 8.045878410339355, 7.494825839996338, 7.029443264007568, 6.694962024688721, 6.607842922210693, 6.382658004760742, 6.252646446228027, 6.020163536071777, 5.892462730407715], "kl_divergences": [0.015254219062626362, 0.3208777606487274, 0.005188542418181896, 0.17145952582359314, 0.01878473348915577, 0.06973455101251602, 0.05819205939769745, 0.004370152950286865, 0.01952672190964222, 0.24310287833213806, 0.031508684158325195, 0.10226714611053467], "generations": []}