{"source_layer": 13, "target_layer": 16, "sigmas": [9.002331733703613, 7.849238395690918, 6.371437072753906, 5.978508472442627, 5.72313928604126, 5.568668842315674, 5.432166576385498, 5.364171028137207, 5.17241907119751, 5.066287517547607, 4.901372909545898, 4.692324161529541], "kl_divergences": [0.3638608753681183, 0.0008479481330141425, 0.01932610385119915, 0.0438903346657753, 0.21612295508384705, 0.057150136679410934, 0.04864929988980293, 0.03619036078453064, 0.018550947308540344, 0.020367592573165894, 0.026453860104084015, 0.1140340119600296], "generations": []}