{"source_layer": 16, "target_layer": 17, "sigmas": [7.383299827575684, 5.799278259277344, 5.174654006958008, 4.945685863494873, 4.4875640869140625, 4.068260192871094, 4.008186340332031, 3.8475420475006104, 3.7014026641845703, 3.605668783187866, 3.5278329849243164, 3.514390707015991], "kl_divergences": [0.22077010571956635, 0.019822273403406143, 0.00774180144071579, 0.11339400708675385, 0.029497850686311722, 0.059085968881845474, 0.03801747038960457, 0.04533101245760918, 0.018292982131242752, 0.005356426350772381, 0.12969569861888885, 0.14808739721775055], "generations": []}