{"source_layer": 20, "target_layer": 21, "sigmas": [5.332488536834717, 5.217283725738525, 4.690150260925293, 4.041311740875244, 4.021402835845947, 3.812655448913574, 3.6456382274627686, 3.5422096252441406, 3.498150110244751, 3.335869550704956, 3.273148775100708, 3.252347230911255], "kl_divergences": [0.12618254125118256, 0.044618673622608185, 0.00117912283167243, 0.0069316537119448185, 0.011276105418801308, 0.02482101134955883, 0.02232404798269272, 0.004122069105505943, 0.029918288812041283, 0.0004088236019015312, 0.008895899169147015, 0.003182078246027231], "generations": []}