{"source_layer": 21, "target_layer": 22, "sigmas": [10.908761024475098, 6.481736660003662, 5.919488906860352, 5.006561279296875, 4.906435966491699, 4.798405170440674, 4.618718147277832, 4.418497085571289, 4.02335786819458, 3.921055793762207, 3.7908127307891846, 3.639254093170166], "kl_divergences": [0.0008775963797233999, 0.002237508073449135, 0.006287869065999985, 0.0419950857758522, 0.22068896889686584, 0.00230762199498713, 0.2200710028409958, 0.1129862442612648, 0.020174622535705566, 0.0646442100405693, 0.1563725471496582, 0.030888905748724937], "generations": []}