{"source_layer": 22, "target_layer": 31, "sigmas": [32.34041213989258, 29.56903648376465, 24.5601749420166, 20.638322830200195, 19.13689422607422, 17.390470504760742, 16.556339263916016, 15.955374717712402, 15.367108345031738, 15.160907745361328, 14.274266242980957, 13.803496360778809], "kl_divergences": [0.12780603766441345, 0.3208502531051636, 0.03504573181271553, 0.3207557797431946, 0.013673844747245312, 0.006941653322428465, 0.08450628072023392, 0.24507269263267517, 0.02928808517754078, 0.3567800223827362, 0.06397145241498947, 0.20975807309150696], "generations": []}