{"source_layer": 23, "target_layer": 30, "sigmas": [22.258405685424805, 20.093534469604492, 16.94146728515625, 15.780451774597168, 13.599226951599121, 12.33747386932373, 11.645011901855469, 11.208517074584961, 10.660154342651367, 10.08427619934082, 9.928999900817871, 9.352638244628906], "kl_divergences": [0.09889710694551468, 0.22242985665798187, 0.02318032644689083, 0.04803687334060669, 0.036183975636959076, 0.045113008469343185, 0.04512660577893257, 0.04736505448818207, 0.08954405784606934, 0.012372329831123352, 0.2196141928434372, 0.005695899482816458], "generations": []}