{"source_layer": 24, "target_layer": 25, "sigmas": [5.052853107452393, 4.718313217163086, 4.47764778137207, 3.929917097091675, 3.5865306854248047, 3.511507034301758, 3.4202609062194824, 3.266153335571289, 3.187293767929077, 3.068852663040161, 2.94486665725708, 2.9311037063598633], "kl_divergences": [0.08553218096494675, 0.06795657426118851, 0.003908725455403328, 0.009086661040782928, 0.017030125483870506, 0.006117421668022871, 0.017017828300595284, 0.016755681484937668, 0.000981674063950777, 0.0008039542590267956, 0.004238973371684551, 0.003941528499126434], "generations": []}