{"source_layer": 24, "target_layer": 27, "sigmas": [8.966069221496582, 8.12028694152832, 7.80941104888916, 6.692067623138428, 6.107113838195801, 5.650338649749756, 5.461843967437744, 5.261594295501709, 5.081399440765381, 5.022397041320801, 4.801157474517822, 4.670587062835693], "kl_divergences": [0.02302687242627144, 0.04501107707619667, 0.07133089751005173, 0.0007927867118269205, 0.00626786146312952, 0.004809029400348663, 0.010627656243741512, 0.015951644629240036, 0.010704095475375652, 0.0032729068771004677, 0.018893171101808548, 0.00034745814627967775], "generations": []}