{"source_layer": 24, "target_layer": 26, "sigmas": [7.489081859588623, 7.024350643157959, 5.9050068855285645, 5.391810894012451, 4.681854724884033, 4.549766540527344, 4.345498561859131, 4.246792316436768, 4.058708667755127, 3.8742711544036865, 3.8403313159942627, 3.620964527130127], "kl_divergences": [0.08414411544799805, 0.08584708720445633, 0.00546891987323761, 0.007285973057150841, 0.008985965512692928, 0.0040064663626253605, 0.0034279150422662497, 0.03144177794456482, 0.0006702795508317649, 1.9846452232741285e-06, 0.01675841212272644, 0.009038968943059444], "generations": []}