{"source_layer": 24, "target_layer": 35, "sigmas": [61.188507080078125, 32.956851959228516, 29.602426528930664, 27.132402420043945, 23.353187561035156, 19.95975112915039, 19.115568161010742, 18.105533599853516, 17.72222328186035, 17.03708839416504, 16.607318878173828, 16.00691795349121], "kl_divergences": [0.042663753032684326, 0.016692424193024635, 0.0010186010040342808, 0.2211957424879074, 0.042234156280756, 0.10189880430698395, 0.20053158700466156, 0.01742907054722309, 0.3085123300552368, 0.053908564150333405, 0.06128241866827011, 0.0033692228607833385], "generations": []}