{"source_layer": 24, "target_layer": 34, "sigmas": [26.101343154907227, 24.8465633392334, 22.02700424194336, 19.047121047973633, 17.35778045654297, 16.094919204711914, 15.370126724243164, 14.230579376220703, 13.459671974182129, 12.60828971862793, 12.304938316345215, 11.521871566772461], "kl_divergences": [0.060874633491039276, 0.007329358719289303, 0.03295859321951866, 0.027150874957442284, 0.04502011090517044, 0.06287757307291031, 0.09614083170890808, 0.04322577267885208, 0.03247037157416344, 0.0431315079331398, 0.020456494763493538, 0.08256795257329941], "generations": []}