{"source_layer": 24, "target_layer": 32, "sigmas": [21.087779998779297, 15.8219633102417, 15.11315631866455, 14.231854438781738, 13.400835990905762, 11.859591484069824, 11.563319206237793, 11.080669403076172, 10.523653984069824, 9.956953048706055, 9.529960632324219, 8.836612701416016], "kl_divergences": [0.1597815603017807, 0.08454401046037674, 0.006667658686637878, 0.045211244374513626, 0.06342176347970963, 0.029057426378130913, 0.025339001789689064, 0.028726723045110703, 0.078892782330513, 0.4340243935585022, 0.055479779839515686, 0.2194034606218338], "generations": []}