{"source_layer": 25, "target_layer": 26, "sigmas": [6.2728495597839355, 4.411101341247559, 4.184088706970215, 3.7394137382507324, 3.493669033050537, 3.3888771533966064, 3.1312026977539062, 3.056859254837036, 2.9264235496520996, 2.886935234069824, 2.7961950302124023, 2.7313272953033447], "kl_divergences": [0.003904407611116767, 0.04409601166844368, 0.0011475261999294162, 0.0021055256947875023, 0.0027895064558833838, 0.016818903386592865, 0.003065581899136305, 0.0060700224712491035, 0.02838641218841076, 0.016689609736204147, 0.0028214319609105587, 0.0037715421058237553], "generations": []}