{"source_layer": 25, "target_layer": 29, "sigmas": [12.187020301818848, 10.160209655761719, 8.773919105529785, 7.8419318199157715, 7.400491237640381, 6.631525993347168, 6.422139644622803, 6.200071334838867, 5.854148864746094, 5.584219455718994, 5.47133731842041, 5.069505214691162], "kl_divergences": [0.3377634882926941, 0.0007678913534618914, 0.002114189090207219, 0.003779071383178234, 0.017700903117656708, 0.010728459805250168, 0.0037810096982866526, 0.004241228103637695, 0.04243636503815651, 0.016844123601913452, 0.0009297590586356819, 6.811979983467609e-05], "generations": []}