{"source_layer": 25, "target_layer": 27, "sigmas": [7.21414852142334, 6.990710735321045, 5.245432376861572, 5.050332069396973, 4.750560760498047, 4.532115459442139, 4.383868217468262, 4.318192005157471, 4.162046432495117, 3.9880435466766357, 3.7534842491149902, 3.458956480026245], "kl_divergences": [0.007224014028906822, 0.031282469630241394, 0.010346573777496815, 0.044196777045726776, 0.026493344455957413, 0.01671891286969185, 0.028925366699695587, 0.004621465690433979, 0.00026063178665935993, 0.0006205012323334813, 0.004192355088889599, 0.001252033282071352], "generations": []}