{"source_layer": 25, "target_layer": 28, "sigmas": [8.90004825592041, 8.299220085144043, 6.528414249420166, 5.718705654144287, 5.317802429199219, 5.224331855773926, 5.018417835235596, 4.923867225646973, 4.721724510192871, 4.518454551696777, 4.275018215179443, 4.104844093322754], "kl_divergences": [0.11088917404413223, 0.0062630195170640945, 0.01731340028345585, 0.013511154800653458, 0.017258230596780777, 0.002011154079809785, 0.00911944080144167, 0.015022358857095242, 0.00463519524782896, 0.016819661483168602, 0.01046663522720337, 0.0005513911601155996], "generations": []}