{"source_layer": 25, "target_layer": 31, "sigmas": [14.966930389404297, 12.14981746673584, 11.209466934204102, 10.260967254638672, 9.41440200805664, 8.960293769836426, 8.470300674438477, 8.307451248168945, 8.018396377563477, 7.820516109466553, 7.197769641876221, 6.818556785583496], "kl_divergences": [0.09235547482967377, 0.01134865079075098, 0.02201104909181595, 0.0349101647734642, 0.006448603235185146, 0.10555986315011978, 0.018030932173132896, 0.004140986129641533, 0.08356669545173645, 0.0277831070125103, 0.005131295882165432, 0.08346263319253922], "generations": []}