{"source_layer": 25, "target_layer": 35, "sigmas": [54.111602783203125, 28.948144912719727, 26.086017608642578, 23.537818908691406, 19.813751220703125, 16.895170211791992, 16.214189529418945, 15.880158424377441, 14.597454071044922, 14.499818801879883, 14.32047176361084, 12.996646881103516], "kl_divergences": [0.004754032474011183, 0.004141001962125301, 0.001780010061338544, 0.030306119471788406, 0.0034847112838178873, 0.0010460334597155452, 0.010674985125660896, 0.0037972931750118732, 0.1510329246520996, 0.014630311168730259, 0.0009598447359167039, 0.0279422365128994], "generations": []}