{"source_layer": 25, "target_layer": 33, "sigmas": [20.451759338378906, 14.63668155670166, 13.715302467346191, 13.042305946350098, 11.28654956817627, 10.869443893432617, 10.825642585754395, 10.335826873779297, 9.860350608825684, 9.446528434753418, 9.171610832214355, 7.914859294891357], "kl_divergences": [0.1602220982313156, 0.019806446507573128, 0.006745240651071072, 0.019819270819425583, 0.08460547775030136, 0.33864104747772217, 0.04391509294509888, 0.04219953715801239, 0.03484722226858139, 0.0748993456363678, 0.17696473002433777, 0.0008852886967360973], "generations": []}