{"source_layer": 25, "target_layer": 30, "sigmas": [13.482391357421875, 11.343408584594727, 9.883185386657715, 8.562150955200195, 8.385666847229004, 7.472677230834961, 7.295764923095703, 7.012441635131836, 6.839446544647217, 6.436694622039795, 6.1743245124816895, 5.845527172088623], "kl_divergences": [0.08712049573659897, 0.0012554378481581807, 0.0020043435506522655, 0.003712358884513378, 0.03319802135229111, 0.012201342731714249, 0.006649899296462536, 0.04203876480460167, 0.016923923045396805, 0.015167446807026863, 0.016807623207569122, 0.043396592140197754], "generations": []}