{"source_layer": 25, "target_layer": 32, "sigmas": [18.719511032104492, 13.22972297668457, 12.78451156616211, 12.080678939819336, 10.57824420928955, 10.272412300109863, 9.897214889526367, 9.315150260925293, 8.389131546020508, 7.891329288482666, 7.879994869232178, 7.600948333740234], "kl_divergences": [0.06377885490655899, 0.01164502277970314, 0.012362228706479073, 0.029475808143615723, 0.005697191692888737, 0.04746861010789871, 0.018858134746551514, 0.08398483693599701, 0.04931526258587837, 0.04303837567567825, 0.004254711791872978, 0.018086237832903862], "generations": []}