{"source_layer": 26, "target_layer": 28, "sigmas": [7.652358055114746, 5.934319972991943, 4.590718746185303, 4.499061107635498, 4.380118370056152, 4.013378143310547, 3.965221881866455, 3.9050722122192383, 3.5837225914001465, 3.4123597145080566, 3.3915414810180664, 3.273601770401001], "kl_divergences": [0.10808871686458588, 0.007023907732218504, 0.017279090359807014, 0.011643809266388416, 0.001372546423226595, 0.0033037899993360043, 0.0037728978786617517, 0.001608581398613751, 0.0038042841479182243, 7.823298801667988e-05, 0.0038715125992894173, 0.0011461458634585142], "generations": []}