{"source_layer": 26, "target_layer": 27, "sigmas": [6.083484172821045, 4.212893486022949, 4.01010274887085, 3.7931156158447266, 3.5859506130218506, 3.3942348957061768, 3.1629581451416016, 3.00536847114563, 2.969667434692383, 2.828848123550415, 2.660266876220703, 2.620225191116333], "kl_divergences": [0.012113036587834358, 0.01977323368191719, 0.04267594963312149, 0.002985222265124321, 0.009579282253980637, 4.020740743726492e-05, 0.0038874102756381035, 0.0037488180678337812, 0.00925931241363287, 0.0039023878052830696, 0.0034736001398414373, 0.0038253809325397015], "generations": []}