{"source_layer": 26, "target_layer": 29, "sigmas": [10.538596153259277, 9.171063423156738, 6.936273574829102, 6.376224517822266, 6.127763271331787, 5.783609867095947, 5.399143218994141, 4.897754669189453, 4.709935188293457, 4.585977077484131, 4.444155216217041, 4.222894191741943], "kl_divergences": [0.2459590584039688, 0.004153846763074398, 0.004867686424404383, 0.0035133780911564827, 0.0011674434645101428, 0.004866987932473421, 0.0011223413748666644, 0.0008085653535090387, 0.0032145739533007145, 0.0011912710033357143, 0.006177770905196667, 0.003761494532227516], "generations": []}