{"source_layer": 26, "target_layer": 35, "sigmas": [48.66228485107422, 26.493328094482422, 24.486602783203125, 19.61739730834961, 18.000106811523438, 15.360156059265137, 14.73559856414795, 14.037307739257812, 12.960953712463379, 12.785340309143066, 12.29406452178955, 11.744476318359375], "kl_divergences": [0.004177280701696873, 0.00382428546436131, 0.02247685007750988, 0.012663450092077255, 0.016919312998652458, 0.0011584670282900333, 0.003943418152630329, 0.016728157177567482, 0.014007980935275555, 0.004071755800396204, 0.009652113541960716, 0.004215970169752836], "generations": []}