{"source_layer": 26, "target_layer": 32, "sigmas": [15.86034870147705, 12.252341270446777, 11.51456069946289, 10.180548667907715, 9.013067245483398, 8.809139251708984, 8.560654640197754, 8.123909950256348, 7.462274074554443, 6.905993938446045, 6.709651470184326, 6.448556900024414], "kl_divergences": [0.02559678629040718, 0.0009270345326513052, 0.004033667966723442, 0.03497285768389702, 0.0025617224164307117, 0.04474305361509323, 0.0063220732845366, 0.04445040971040726, 0.009037863463163376, 0.0012996478471904993, 0.0004573280457407236, 0.0634603500366211], "generations": []}