{"source_layer": 26, "target_layer": 34, "sigmas": [20.170616149902344, 19.707117080688477, 16.66997718811035, 14.339323043823242, 13.151276588439941, 12.260292053222656, 10.433710098266602, 10.25863265991211, 9.932376861572266, 9.589987754821777, 8.835776329040527, 8.729680061340332], "kl_divergences": [0.01947246864438057, 0.08421865850687027, 0.004149012733250856, 0.006769895553588867, 0.004873167723417282, 0.0021506736520677805, 0.0013723390875384212, 0.004677486605942249, 0.08415324240922928, 0.1678428202867508, 0.027602696791291237, 0.010451904498040676], "generations": []}