{"source_layer": 26, "target_layer": 31, "sigmas": [12.871729850769043, 11.116920471191406, 9.336029052734375, 8.791971206665039, 7.993976593017578, 7.770628452301025, 7.386331558227539, 7.282171249389648, 7.043758392333984, 6.326574802398682, 6.16669225692749, 5.56597900390625], "kl_divergences": [0.2524014115333557, 0.009667975828051567, 0.00412364536896348, 0.002111026318743825, 0.0056719910353422165, 0.0006347672315314412, 0.0045807575806975365, 0.009105748496949673, 0.0037064531352370977, 0.042210664600133896, 0.0006834238884039223, 0.02776782400906086], "generations": []}