{"source_layer": 26, "target_layer": 33, "sigmas": [17.469196319580078, 13.446885108947754, 12.376181602478027, 11.3103666305542, 9.770123481750488, 9.551873207092285, 9.15963363647461, 8.93841552734375, 8.574804306030273, 8.071013450622559, 7.545670509338379, 7.250570774078369], "kl_divergences": [0.023430660367012024, 0.0008407821878790855, 0.004096462856978178, 0.013591029681265354, 0.05480584874749184, 0.003798284102231264, 0.052816953510046005, 0.019907144829630852, 0.00035346829099580646, 0.010376141406595707, 0.14060522615909576, 0.04228602349758148], "generations": []}