{"source_layer": 26, "target_layer": 30, "sigmas": [11.792559623718262, 10.232696533203125, 7.957364559173584, 7.136220932006836, 6.906662940979004, 6.460163593292236, 6.271820545196533, 5.829919338226318, 5.6486639976501465, 5.317226409912109, 5.114903450012207, 4.796376705169678], "kl_divergences": [0.04312608391046524, 0.00529496930539608, 0.010605602525174618, 0.0032530720345675945, 0.08963218331336975, 0.0018245511455461383, 0.013067031279206276, 0.004458121955394745, 0.004125597886741161, 0.003720299107953906, 0.0038437205366790295, 0.0008690234972164035], "generations": []}