{"source_layer": 27, "target_layer": 28, "sigmas": [4.409255504608154, 3.773885726928711, 3.319861888885498, 3.2587761878967285, 3.184619903564453, 3.1078386306762695, 2.9254841804504395, 2.726222038269043, 2.713770866394043, 2.6522457599639893, 2.5742599964141846, 2.50911545753479], "kl_divergences": [0.017701229080557823, 0.017253009602427483, 0.0001541132660349831, 0.003762262873351574, 7.464652298949659e-05, 0.000903224281501025, 0.0008729416877031326, 0.008851813152432442, 0.0038841019850224257, 0.0037357022520154715, 0.00039095000829547644, 0.003739684820175171], "generations": []}