{"source_layer": 27, "target_layer": 29, "sigmas": [10.939727783203125, 6.507538795471191, 5.695647239685059, 5.435317516326904, 5.331134796142578, 4.5507378578186035, 4.309825897216797, 4.025097370147705, 3.7084996700286865, 3.4350454807281494, 3.412971258163452, 3.2417821884155273], "kl_divergences": [0.0018237035255879164, 0.012912428006529808, 0.0054713948629796505, 0.10642445832490921, 0.0027806805446743965, 0.0037621408700942993, 0.0038838565815240145, 0.016828753054142, 0.008922925218939781, 0.0008725444204173982, 0.0038222456350922585, 0.003771300660446286], "generations": []}