{"source_layer": 27, "target_layer": 33, "sigmas": [16.365341186523438, 13.23142147064209, 9.901312828063965, 9.110193252563477, 8.7883939743042, 8.334150314331055, 7.861042499542236, 7.541380882263184, 7.223408222198486, 6.496992111206055, 6.328924655914307, 5.938625335693359], "kl_divergences": [0.017771238461136818, 0.005996944848448038, 0.042296770960092545, 0.020093249157071114, 0.005120836663991213, 0.02229798212647438, 0.0181354321539402, 0.04263271763920784, 0.004089927300810814, 0.04206405207514763, 0.31579065322875977, 0.009641718119382858], "generations": []}