{"source_layer": 27, "target_layer": 32, "sigmas": [14.841952323913574, 12.151460647583008, 8.9238862991333, 8.28316593170166, 8.12459659576416, 7.749589443206787, 7.138150215148926, 6.943994522094727, 6.636957168579102, 6.054425239562988, 5.773577690124512, 5.54841947555542], "kl_divergences": [0.009716596454381943, 0.00584010686725378, 0.04309336468577385, 0.005899383686482906, 0.010115918703377247, 0.030017239972949028, 0.006758809555321932, 0.00501635018736124, 0.020282158628106117, 0.010948022827506065, 0.0008341370848938823, 0.21876026690006256], "generations": []}