{"source_layer": 27, "target_layer": 34, "sigmas": [20.75286293029785, 15.923230171203613, 14.85971450805664, 12.606098175048828, 11.242076873779297, 10.069305419921875, 9.398832321166992, 9.083114624023438, 8.825286865234375, 8.311219215393066, 8.193510055541992, 6.970139026641846], "kl_divergences": [0.0040167286060750484, 0.01913422718644142, 0.00011010361777152866, 0.005237988196313381, 0.0025437648873776197, 0.0218867938965559, 0.003765040310099721, 0.004873194731771946, 0.0018736592028290033, 0.03506649658083916, 0.010639555752277374, 0.14100225269794464], "generations": []}