{"source_layer": 27, "target_layer": 31, "sigmas": [13.454034805297852, 8.610000610351562, 8.013127326965332, 7.282052993774414, 6.933122634887695, 6.778538703918457, 6.577154636383057, 6.281750679016113, 5.88975715637207, 5.476650714874268, 5.293900966644287, 4.463607311248779], "kl_divergences": [0.004928410053253174, 0.003613743232563138, 0.001561197335831821, 0.00904992874711752, 0.006385483779013157, 0.009112119674682617, 0.01768539287149906, 0.007222598418593407, 0.017953071743249893, 0.003951369784772396, 0.0009856063406914473, 0.0037426166236400604], "generations": []}