{"source_layer": 27, "target_layer": 35, "sigmas": [42.42873001098633, 27.07780647277832, 22.603116989135742, 17.651018142700195, 15.6172456741333, 14.334495544433594, 12.62214183807373, 12.130670547485352, 11.755949974060059, 11.080296516418457, 10.695104598999023, 10.243386268615723], "kl_divergences": [0.005067436955869198, 0.0005456084618344903, 0.009228575974702835, 0.00891844928264618, 0.0021315577905625105, 0.003737970720976591, 0.0013319128192961216, 0.011674432083964348, 0.0009818689431995153, 0.004917414393275976, 0.017302900552749634, 0.01907132752239704], "generations": []}