{"source_layer": 27, "target_layer": 30, "sigmas": [12.329087257385254, 7.386708736419678, 6.601184368133545, 6.226786136627197, 5.933289527893066, 5.408057689666748, 5.055476188659668, 4.8628249168396, 4.807532787322998, 4.297145366668701, 4.007791042327881, 3.877561569213867], "kl_divergences": [0.0010889021214097738, 0.015853771939873695, 0.019068114459514618, 0.003600848140195012, 0.003494993783533573, 0.017298448830842972, 0.003736116923391819, 0.003989310469478369, 0.003790247719734907, 0.027932003140449524, 0.041864246129989624, 0.00016268773470073938], "generations": []}