{"source_layer": 28, "target_layer": 29, "sigmas": [8.888312339782715, 5.666057109832764, 5.373622417449951, 4.850615978240967, 4.086827754974365, 3.9657771587371826, 3.745537519454956, 3.0649585723876953, 3.0137922763824463, 2.8850317001342773, 2.856227397918701, 2.5391857624053955], "kl_divergences": [0.004065089393407106, 0.006050585303455591, 0.0016814295668154955, 0.08922781050205231, 0.0009290429879911244, 0.000902509200386703, 0.003717547282576561, 0.008992183953523636, 0.003858736250549555, 0.041909459978342056, 0.0037373597733676434, 0.0009027523337863386], "generations": []}