{"source_layer": 28, "target_layer": 33, "sigmas": [13.582070350646973, 12.044968605041504, 8.612764358520508, 7.777274131774902, 7.675244331359863, 7.408155918121338, 7.257521152496338, 6.501053810119629, 6.14122200012207, 5.636253833770752, 5.552494049072266, 5.1105523109436035], "kl_divergences": [0.002530922181904316, 0.008597420528531075, 0.016804629936814308, 0.044607240706682205, 0.019046621397137642, 0.003025915240868926, 0.0009042003657668829, 0.018500518053770065, 0.0013069884153082967, 0.0012886294862255454, 0.02172398939728737, 0.04207770898938179], "generations": []}