{"source_layer": 28, "target_layer": 34, "sigmas": [17.280603408813477, 14.621047019958496, 13.787924766540527, 11.14784049987793, 9.867188453674316, 8.852466583251953, 8.352073669433594, 8.120795249938965, 7.92625093460083, 7.601428031921387, 7.292464733123779, 6.538750171661377], "kl_divergences": [0.0037751453928649426, 0.017811348661780357, 0.003043863922357559, 0.02248886227607727, 0.001850031316280365, 0.006307126022875309, 0.02000369131565094, 0.013009977526962757, 0.0006757237715646625, 0.011423581279814243, 0.009289726614952087, 0.003024327103048563], "generations": []}