{"source_layer": 28, "target_layer": 31, "sigmas": [11.068909645080566, 7.764842987060547, 6.82133150100708, 6.456459999084473, 6.23647928237915, 6.158260345458984, 5.705193996429443, 5.053062438964844, 5.029877662658691, 4.751618385314941, 4.570183753967285, 3.798731565475464], "kl_divergences": [0.0006393807707354426, 0.006067625246942043, 0.00030859833350405097, 0.004450494889169931, 0.0030672792345285416, 0.1064532920718193, 0.00011391390580683947, 0.004030426032841206, 0.004927198402583599, 0.003809953574091196, 0.003435299266129732, 0.0033574725966900587], "generations": []}