{"source_layer": 28, "target_layer": 30, "sigmas": [10.101046562194824, 6.328166484832764, 6.050163745880127, 5.349093437194824, 5.2830939292907715, 4.667038440704346, 4.326133728027344, 4.302338123321533, 3.8326892852783203, 3.6364567279815674, 3.4001834392547607, 3.2017033100128174], "kl_divergences": [0.004227159544825554, 0.00806245394051075, 0.004528789781033993, 0.003809545189142227, 0.0903710126876831, 0.001056640176102519, 0.0008112703799270093, 0.003735291538760066, 0.0038644899614155293, 0.0037314232904464006, 0.0038876377511769533, 0.0003873844107147306], "generations": []}