{"source_layer": 28, "target_layer": 32, "sigmas": [12.201573371887207, 11.052916526794434, 7.69722318649292, 7.139937877655029, 7.044261932373047, 6.7744011878967285, 6.592313289642334, 5.784143447875977, 5.57046365737915, 5.25408935546875, 4.911044597625732, 4.748244762420654], "kl_divergences": [0.004068330861628056, 0.010715792886912823, 0.0031537318136543036, 0.017045535147190094, 0.006366043817251921, 0.002414410002529621, 0.0013764998875558376, 0.011656491085886955, 0.0021774801425635815, 0.010798905044794083, 0.036803122609853745, 0.04219861701130867], "generations": []}