{"source_layer": 28, "target_layer": 35, "sigmas": [37.961936950683594, 23.276561737060547, 21.089521408081055, 15.770014762878418, 14.165294647216797, 13.175376892089844, 11.835234642028809, 10.85407829284668, 10.430253028869629, 10.077682495117188, 9.559664726257324, 9.069958686828613], "kl_divergences": [0.021603431552648544, 0.0038071132730692625, 0.0008813514723442495, 0.008867871947586536, 0.005626784637570381, 0.003705600742250681, 0.0005804232787340879, 7.444583752658218e-05, 0.0015497923595830798, 0.005746026523411274, 0.01712660863995552, 0.004154670052230358], "generations": []}