{"source_layer": 29, "target_layer": 30, "sigmas": [4.225554466247559, 3.898742914199829, 3.709052085876465, 3.4848906993865967, 3.27516770362854, 3.1545581817626953, 2.9727375507354736, 2.8161489963531494, 2.6101980209350586, 2.539142608642578, 2.4156155586242676, 2.3720357418060303], "kl_divergences": [0.003225134452804923, 0.003792368806898594, 0.0037630931474268436, 0.003708057338371873, 0.00025344573077745736, 0.008949393406510353, 0.0010459608165547252, 0.003770595882087946, 0.0002058471436612308, 0.0037789654452353716, 0.003738876199349761, 0.003761806059628725], "generations": []}