{"source_layer": 29, "target_layer": 32, "sigmas": [9.002744674682617, 7.302671432495117, 6.055710315704346, 5.916801929473877, 5.551909923553467, 5.035460948944092, 4.609571933746338, 4.5395402908325195, 4.133359909057617, 4.027287006378174, 3.8518967628479004, 3.743725538253784], "kl_divergences": [0.017942631617188454, 0.006333033554255962, 0.0003081292670685798, 0.00016393924306612462, 0.0033951327204704285, 0.08243623375892639, 0.004227946512401104, 0.1410711407661438, 0.0009135694708675146, 0.006330039817839861, 0.0003625506069511175, 0.016690876334905624], "generations": []}