{"source_layer": 29, "target_layer": 34, "sigmas": [13.90924072265625, 12.017986297607422, 11.668845176696777, 8.886252403259277, 8.555228233337402, 7.359091281890869, 7.193057060241699, 6.968829154968262, 6.814142227172852, 6.143156051635742, 5.802421569824219, 5.3251166343688965], "kl_divergences": [8.294134750030935e-05, 0.041882243007421494, 0.0034527641255408525, 0.003200503997504711, 0.003925827331840992, 0.004006183240562677, 0.0038015241734683514, 0.0037724922876805067, 0.0016553211025893688, 3.008318890351802e-05, 0.042033515870571136, 0.017078233882784843], "generations": []}