{"source_layer": 29, "target_layer": 35, "sigmas": [34.9858512878418, 18.785888671875, 17.768022537231445, 13.482698440551758, 12.037537574768066, 11.02202033996582, 9.98706340789795, 9.335381507873535, 9.032602310180664, 8.885581970214844, 8.63085651397705, 8.017688751220703], "kl_divergences": [0.019629720598459244, 0.0009600133053027093, 0.0037187370471656322, 0.0009875138057395816, 0.005036718212068081, 0.0016106989933177829, 6.347184535115957e-05, 0.00018053659005090594, 0.0013089608401060104, 0.00016982248052954674, 0.00023129023611545563, 0.0037520250771194696], "generations": []}