{"source_layer": 29, "target_layer": 33, "sigmas": [9.909950256347656, 8.57562255859375, 7.0702595710754395, 6.477867126464844, 6.287933826446533, 5.8812971115112305, 5.289285182952881, 4.846719741821289, 4.741159915924072, 4.6214799880981445, 4.450948238372803, 4.365494728088379], "kl_divergences": [0.005021023564040661, 0.016776787117123604, 0.0039273458532989025, 0.00018057208217214793, 0.005440406035631895, 0.0019617925863713026, 0.020613165572285652, 0.0418897345662117, 0.14089733362197876, 0.00034524942748248577, 0.003738994710147381, 0.008957822807133198], "generations": []}