{"source_layer": 29, "target_layer": 31, "sigmas": [6.698864936828613, 5.831132411956787, 4.984381675720215, 4.916568279266357, 4.719552040100098, 4.285711765289307, 3.9498002529144287, 3.5889487266540527, 3.3198494911193848, 3.206413745880127, 3.0552968978881836, 2.921231269836426], "kl_divergences": [0.002986231818795204, 0.02765510603785515, 0.0010620823595672846, 0.008860600180923939, 0.0008776993490755558, 0.0011242978507652879, 0.0037621804513037205, 0.009048028849065304, 0.000981661258265376, 0.04238284379243851, 7.544333493569866e-05, 2.9582864954136312e-05], "generations": []}