{"source_layer": 30, "target_layer": 32, "sigmas": [8.22718620300293, 6.678231716156006, 5.171117782592773, 4.675832271575928, 4.408121585845947, 3.9621410369873047, 3.8389363288879395, 3.5909583568573, 3.406299591064453, 3.2091128826141357, 3.131284475326538, 3.054429531097412], "kl_divergences": [0.018078995868563652, 0.00017148733604699373, 0.0008569677593186498, 0.003362112445756793, 4.147439176449552e-05, 0.0824710801243782, 0.08238434046506882, 1.0126372217200696e-05, 0.00016325130127370358, 0.003836860880255699, 0.008958070538938046, 0.0038109063170850277], "generations": []}