{"source_layer": 30, "target_layer": 31, "sigmas": [6.142387390136719, 5.176591873168945, 4.456095218658447, 3.261035203933716, 3.060100793838501, 2.9403538703918457, 2.6511082649230957, 2.564807176589966, 2.4899518489837646, 2.346790313720703, 2.312544107437134, 2.2841670513153076], "kl_divergences": [0.042989835143089294, 0.00011797170736826956, 0.004145333077758551, 0.00388539070263505, 0.008889568038284779, 0.008968241512775421, 0.0009553955169394612, 0.003780987346544862, 0.0008734365692362189, 0.000986616243608296, 0.003739157924428582, 7.401835318887606e-05], "generations": []}