{"source_layer": 30, "target_layer": 34, "sigmas": [12.662210464477539, 11.011346817016602, 10.16327953338623, 8.614633560180664, 7.317205905914307, 6.812098503112793, 6.429385662078857, 5.926701545715332, 5.275472164154053, 4.895343780517578, 4.837118148803711, 4.422990798950195], "kl_divergences": [0.0009540668688714504, 0.027560370042920113, 0.0020471569150686264, 0.004293628968298435, 0.0011972484644502401, 0.017030000686645508, 0.01667986996471882, 0.0009883404709398746, 0.00031480001052841544, 0.00888990517705679, 0.08284705877304077, 0.027573006227612495], "generations": []}