{"source_layer": 30, "target_layer": 35, "sigmas": [29.327260971069336, 17.328596115112305, 16.43155288696289, 12.524478912353516, 11.044392585754395, 10.556901931762695, 9.056909561157227, 8.52350902557373, 8.22045612335205, 7.553067684173584, 7.237354278564453, 7.1003193855285645], "kl_divergences": [0.004265263676643372, 0.008871407248079777, 0.0037369602359831333, 0.0037358414847403765, 0.004531406797468662, 0.0024606771767139435, 0.001139304949901998, 0.0020564631558954716, 0.008979672566056252, 0.004016852006316185, 0.0037450743839144707, 8.529105980414897e-05], "generations": []}