{"source_layer": 30, "target_layer": 33, "sigmas": [9.004146575927734, 7.933382034301758, 6.139770030975342, 5.748750686645508, 4.981770038604736, 4.552018165588379, 4.337028503417969, 4.282474517822266, 3.8937337398529053, 3.842782735824585, 3.4601099491119385, 3.3860859870910645], "kl_divergences": [0.017939016222953796, 0.008911443874239922, 0.0009594637667760253, 0.0020898659713566303, 0.001039507333189249, 0.01672491990029812, 0.14071598649024963, 0.008957208134233952, 1.2080243322998285e-05, 0.004333413206040859, 0.01673557423055172, 0.0038947868160903454], "generations": []}