{"source_layer": 31, "target_layer": 34, "sigmas": [17.60683822631836, 10.198917388916016, 7.476181983947754, 6.851490497589111, 6.026008129119873, 5.903008937835693, 5.116616249084473, 4.97615909576416, 4.704070091247559, 4.32139253616333, 4.181835174560547, 4.138767719268799], "kl_divergences": [0.00373894814401865, 0.00016232708003371954, 0.003780670929700136, 7.519762584706768e-05, 0.0009288148721680045, 0.003811754286289215, 0.003704571630805731, 0.027724359184503555, 0.0004144150298088789, 2.9917198389739497e-06, 0.00026050140149891376, 0.042091187089681625], "generations": []}