{"source_layer": 31, "target_layer": 35, "sigmas": [26.774431228637695, 23.393613815307617, 15.684210777282715, 12.090875625610352, 9.385557174682617, 8.880339622497559, 7.589480876922607, 7.438384056091309, 7.135979652404785, 6.634186744689941, 6.451140403747559, 6.2453508377075195], "kl_divergences": [0.029609739780426025, 0.0038689516950398684, 0.0037099707406014204, 0.008869451470673084, 0.003739609383046627, 0.000959965109359473, 0.003761528292670846, 1.3004362699575722e-05, 0.0008781321812421083, 0.009046914055943489, 3.106014628428966e-05, 0.003739971434697509], "generations": []}