{"source_layer": 31, "target_layer": 33, "sigmas": [7.385043621063232, 5.0812578201293945, 4.738739013671875, 4.410571098327637, 4.243358135223389, 4.222663879394531, 3.840818405151367, 3.5691375732421875, 3.5270919799804688, 3.3594648838043213, 3.1488547325134277, 3.0844569206237793], "kl_divergences": [0.003744601970538497, 0.003809975925832987, 0.0008823915850371122, 0.00010156711505260319, 0.030857713893055916, 0.006080458872020245, 0.010340445674955845, 0.0037400780711323023, 0.008995838463306427, 8.308056567329913e-05, 0.0037375143729150295, 0.0008968514739535749], "generations": []}