{"source_layer": 31, "target_layer": 32, "sigmas": [5.165542125701904, 4.067295551300049, 3.810288906097412, 3.775421380996704, 3.6868045330047607, 3.6343986988067627, 3.1406655311584473, 2.913620948791504, 2.8196518421173096, 2.7040929794311523, 2.57534122467041, 2.4968271255493164], "kl_divergences": [0.0009013428934849799, 2.993359521497041e-05, 6.579537875950336e-05, 0.003732206067070365, 0.14098703861236572, 0.04209160804748535, 0.0037391912192106247, 0.0010425312211737037, 0.003742111613973975, 0.0037780948914587498, 0.008969162590801716, 0.0038269665092229843], "generations": []}