{"source_layer": 32, "target_layer": 34, "sigmas": [18.166105270385742, 11.157941818237305, 7.092390060424805, 6.093737602233887, 5.5317792892456055, 5.027645587921143, 4.642674922943115, 4.183126449584961, 3.927133321762085, 3.7607924938201904, 3.6195671558380127, 3.538632869720459], "kl_divergences": [0.0001611826301086694, 8.308539690915495e-05, 0.003738892264664173, 0.008919469080865383, 0.008851172402501106, 0.003762240754440427, 0.008851383812725544, 0.0038010624703019857, 8.147676999215037e-05, 0.0037976191379129887, 0.00018075037223752588, 0.0037435623817145824], "generations": []}