{"source_layer": 32, "target_layer": 35, "sigmas": [24.901199340820312, 22.997291564941406, 16.39212417602539, 11.790971755981445, 9.102681159973145, 8.344856262207031, 7.137787818908691, 6.769873142242432, 6.435617923736572, 6.211184024810791, 5.778999328613281, 5.399875640869141], "kl_divergences": [0.0004631801857613027, 0.00110236881300807, 0.0037352307699620724, 0.0037390177603811026, 0.0037388033233582973, 0.003801511600613594, 0.000959874945692718, 0.00890748668462038, 0.003709537908434868, 0.003731615375727415, 0.0010358878644183278, 0.008956560865044594], "generations": []}