{"source_layer": 32, "target_layer": 33, "sigmas": [6.349714756011963, 4.006513595581055, 3.8358943462371826, 3.536633253097534, 3.2396931648254395, 2.795874834060669, 2.4550020694732666, 2.415466547012329, 2.3762564659118652, 2.3111305236816406, 2.270826816558838, 2.1854045391082764], "kl_divergences": [5.839360528625548e-05, 0.0009602158097550273, 0.00376184843480587, 0.0038545681163668633, 0.00016090121062006801, 0.0037354493979364634, 0.0037396238185465336, 0.003739020088687539, 0.0001534902403363958, 0.008911713026463985, 0.008950288407504559, 0.0009607486426830292], "generations": []}