{"source_layer": 33, "target_layer": 34, "sigmas": [21.402881622314453, 17.661203384399414, 6.564347267150879, 6.133451461791992, 4.642004489898682, 4.535608768463135, 4.145729064941406, 3.8500425815582275, 3.6080126762390137, 3.4232823848724365, 3.350515604019165, 3.2223715782165527], "kl_divergences": [0.0002831268357113004, 0.00039609131636098027, 0.0037392573431134224, 0.0037082594353705645, 0.0038009670097380877, 0.008889255113899708, 0.00373902078717947, 0.003762000473216176, 0.00026091159088537097, 0.0008965095039457083, 0.003739497624337673, 0.0037894248962402344], "generations": []}