{"source_layer": 33, "target_layer": 35, "sigmas": [31.81708335876465, 25.37113380432129, 18.43867301940918, 10.583101272583008, 8.520625114440918, 8.34730339050293, 6.967701435089111, 6.473296165466309, 6.208715438842773, 5.822622299194336, 5.597697734832764, 5.452153205871582], "kl_divergences": [0.00928548350930214, 0.00039579824078828096, 0.009636519476771355, 0.0037974321749061346, 0.0009028140339069068, 0.0009599783224985003, 0.003887333208695054, 0.0167350172996521, 0.003761716652661562, 0.008907429873943329, 0.003739364678040147, 7.39239330869168e-05], "generations": []}