{"source_layer": 34, "target_layer": 35, "sigmas": [22.298030853271484, 17.1124210357666, 10.784132957458496, 9.204853057861328, 6.431685924530029, 5.708944797515869, 5.122687816619873, 4.1688313484191895, 4.091241359710693, 3.827012538909912, 3.732851982116699, 3.59344482421875], "kl_divergences": [0.009169084019958973, 0.00929265096783638, 0.0037986747920513153, 7.391237159026787e-05, 0.0038011923898011446, 0.003708492498844862, 7.393017585854977e-05, 0.00376235693693161, 7.390995597233996e-05, 2.005618989642244e-05, 0.0009535047574900091, 0.0009598240139894187], "generations": []}