{"source_layer": 9, "target_layer": 11, "sigmas": [6.281596660614014, 5.531203269958496, 5.341043949127197, 5.286936283111572, 4.935420989990234, 4.683534622192383, 4.410580635070801, 4.29864501953125, 4.160653114318848, 4.067115306854248, 3.8604001998901367, 3.8227336406707764], "kl_divergences": [0.027103761211037636, 0.031241148710250854, 0.13662558794021606, 0.16196590662002563, 0.2777436375617981, 0.11696674674749374, 0.2345096319913864, 0.06439849734306335, 0.0827343687415123, 0.01924995519220829, 0.004329110961407423, 0.2219659388065338], "generations": []}