{"source_layer": 9, "target_layer": 12, "sigmas": [7.340847492218018, 6.747613430023193, 5.890627861022949, 5.786497116088867, 5.387322902679443, 5.357567310333252, 5.1686177253723145, 4.8464155197143555, 4.760016441345215, 4.635345458984375, 4.358179569244385, 4.296112537384033], "kl_divergences": [0.14631274342536926, 0.028101444244384766, 0.08877802640199661, 0.03506253659725189, 0.016865162178874016, 0.0486183799803257, 0.018374307081103325, 0.19649498164653778, 0.16154851019382477, 0.005724262446165085, 0.017175063490867615, 0.0024060469586402178], "generations": []}