{"source_layer": 19, "target_layer": 21, "sigmas": [10.71655559539795, 8.379648208618164, 7.182546615600586, 6.553698539733887, 6.393342971801758, 6.14756441116333, 5.809110164642334, 5.543887138366699, 5.4541120529174805, 5.1509809494018555, 5.122893810272217, 4.870856285095215], "kl_divergences": [0.004391110967844725, 0.005080954171717167, 0.0017349922563880682, 0.002052533673122525, 0.0008983784355223179, 0.0018265453400090337, 0.0011777961626648903, 0.0011952199274674058, 0.06643863022327423, 0.0025384521577507257, 0.23022961616516113, 0.3053179681301117], "generations": []}