{"source_layer": 20, "target_layer": 23, "sigmas": [14.196486473083496, 12.697541236877441, 10.594026565551758, 9.567611694335938, 9.438440322875977, 8.959063529968262, 8.697077751159668, 8.40125846862793, 8.04712200164795, 7.818280220031738, 7.621568202972412, 6.886247158050537], "kl_divergences": [0.002132860943675041, 0.003109656972810626, 0.004043317399919033, 0.010553115978837013, 0.017002683132886887, 0.20593714714050293, 0.01839795708656311, 0.004074272233992815, 0.005979652516543865, 0.03793847933411598, 0.0016970844008028507, 0.0011175753315910697], "generations": []}