{"source_layer": 21, "target_layer": 22, "sigmas": [9.542234420776367, 8.863542556762695, 6.4676361083984375, 6.354011535644531, 5.806240558624268, 5.591794967651367, 5.207705497741699, 4.875342845916748, 4.757552623748779, 4.678994655609131, 4.423624038696289, 4.164017200469971], "kl_divergences": [0.0014700116589665413, 0.0014351899735629559, 0.007156551815569401, 0.0011426493292674422, 0.007055862806737423, 0.0027496626134961843, 0.00019945326494053006, 0.08039121329784393, 0.012130830436944962, 0.14783285558223724, 0.000552477955352515, 0.0016394003760069609], "generations": []}