{"source_layer": 22, "target_layer": 27, "sigmas": [19.190135955810547, 15.966340065002441, 14.060608863830566, 13.108549118041992, 11.875640869140625, 11.677984237670898, 11.108966827392578, 10.652040481567383, 10.34482192993164, 10.117504119873047, 9.967541694641113, 9.734855651855469], "kl_divergences": [0.003882801393046975, 0.42419540882110596, 0.0018670113058760762, 0.0028657105285674334, 0.018237676471471786, 0.01374945230782032, 0.0010951075237244368, 0.04445096105337143, 0.0015440158313140273, 0.09738798439502716, 0.009993191808462143, 0.0022566632833331823], "generations": []}