{"source_layer": 22, "target_layer": 25, "sigmas": [12.448204040527344, 10.556244850158691, 9.258221626281738, 8.871439933776855, 8.646973609924316, 7.828461647033691, 7.499051570892334, 7.111833095550537, 7.099608421325684, 6.988136291503906, 6.83237886428833, 6.588024616241455], "kl_divergences": [0.039352018386125565, 0.0033801705576479435, 0.004237777087837458, 0.003595681395381689, 0.026604916900396347, 0.008828460238873959, 0.06382621079683304, 0.0008603514288552105, 0.004703742451965809, 0.005383617244660854, 0.002273725811392069, 0.005545296240597963], "generations": []}