{"source_layer": 22, "target_layer": 24, "sigmas": [10.089652061462402, 8.365130424499512, 7.773649215698242, 6.994570255279541, 6.797458171844482, 6.459579944610596, 6.257840156555176, 6.01304817199707, 5.760560989379883, 5.540288925170898, 5.336783409118652, 4.976029396057129], "kl_divergences": [0.01697869785130024, 0.0010821855394169688, 0.0018709348514676094, 0.0010016041342169046, 0.003674571868032217, 0.0025328253395855427, 0.003772131400182843, 0.006608356721699238, 0.006449022796005011, 0.01722203753888607, 0.0025248080492019653, 0.0015538885490968823], "generations": []}