{"source_layer": 22, "target_layer": 28, "sigmas": [22.86552619934082, 19.71467399597168, 16.85074806213379, 15.535147666931152, 14.119084358215332, 13.747157096862793, 13.247041702270508, 12.77133846282959, 12.613078117370605, 11.989806175231934, 11.56934642791748, 11.251288414001465], "kl_divergences": [0.0801188200712204, 0.22195756435394287, 0.01816541515290737, 0.002903066109865904, 0.00537154683843255, 0.0011828746646642685, 0.006566060706973076, 0.00103372847661376, 0.0021628662943840027, 0.009031420573592186, 0.003037269925698638, 0.0014176520053297281], "generations": []}