{"source_layer": 22, "target_layer": 23, "sigmas": [6.328589916229248, 5.4740891456604, 5.159112930297852, 5.005565643310547, 4.85831356048584, 4.694144248962402, 4.460913181304932, 4.160547256469727, 4.123736381530762, 4.004310607910156, 3.8903417587280273, 3.61090350151062], "kl_divergences": [0.016853032633662224, 0.0026177293621003628, 0.0024783131666481495, 0.025857938453555107, 0.00044631821219809353, 0.02325417846441269, 0.009337983094155788, 0.001689723925665021, 0.0036596208810806274, 0.0018732991302385926, 0.0012243614764884114, 0.0012965711066499352], "generations": []}