{"source_layer": 22, "target_layer": 35, "sigmas": [97.33252716064453, 58.7962532043457, 45.55661392211914, 42.74717330932617, 41.61116027832031, 38.53363800048828, 34.0571174621582, 33.00864028930664, 31.072011947631836, 30.387516021728516, 28.09807014465332, 26.047801971435547], "kl_divergences": [0.009858520701527596, 0.004065115470439196, 0.004181666765362024, 0.05115871876478195, 0.04424535483121872, 0.1951231211423874, 0.004044794477522373, 0.005626015365123749, 0.012261697091162205, 0.23168432712554932, 0.0034461445175111294, 0.047776959836483], "generations": []}