{"source_layer": 23, "target_layer": 28, "sigmas": [15.94768238067627, 12.892717361450195, 12.002188682556152, 11.75855827331543, 10.586647987365723, 10.506505012512207, 10.276143074035645, 9.951836585998535, 9.807004928588867, 9.531583786010742, 8.676251411437988, 8.586339950561523], "kl_divergences": [0.0008417184581048787, 0.06116718426346779, 0.011694337241351604, 0.0025761506985872984, 0.004399926867336035, 0.004834976512938738, 0.11802695691585541, 0.004477064125239849, 0.0019893876742571592, 0.008032974787056446, 0.0009589190012775362, 0.0011611850932240486], "generations": []}