{"source_layer": 23, "target_layer": 25, "sigmas": [8.77575397491455, 7.130712032318115, 6.6537041664123535, 6.399158477783203, 6.06053352355957, 6.040619373321533, 5.672307968139648, 5.391017913818359, 5.27881383895874, 5.0379958152771, 4.939946174621582, 4.776031017303467], "kl_divergences": [0.00880650244653225, 0.0005984290619380772, 0.015991369262337685, 0.0015587534289807081, 0.0037661632522940636, 0.007037553004920483, 0.015888500958681107, 0.002710403874516487, 0.03622967004776001, 0.003282116958871484, 0.0010920609347522259, 0.009475542232394218], "generations": []}