{"source_layer": 23, "target_layer": 29, "sigmas": [18.345060348510742, 15.727006912231445, 14.660727500915527, 14.23017692565918, 13.2719087600708, 12.420249938964844, 11.969686508178711, 11.703998565673828, 11.525845527648926, 10.559489250183105, 10.293028831481934, 9.910987854003906], "kl_divergences": [0.0030604959465563297, 0.15042930841445923, 0.004194431006908417, 0.08270145952701569, 0.15571442246437073, 0.008009122684597969, 0.0012812829809263349, 0.0009356096852570772, 0.0014509458560496569, 0.03279155120253563, 0.0031577427871525288, 0.0003088094817940146], "generations": []}