{"source_layer": 23, "target_layer": 27, "sigmas": [12.918473243713379, 10.683502197265625, 10.083551406860352, 9.687262535095215, 9.23968505859375, 9.047449111938477, 8.61196231842041, 8.282066345214844, 8.004990577697754, 7.909326553344727, 7.466197967529297, 7.077194690704346], "kl_divergences": [0.000839784974232316, 0.009168188087642193, 0.039138250052928925, 0.07261444628238678, 0.010952550917863846, 0.06562534719705582, 0.0071990638971328735, 0.005280753597617149, 0.0014373768353834748, 0.0014210926601663232, 0.0007631404441781342, 0.0020374779123812914], "generations": []}