{"source_layer": 23, "target_layer": 24, "sigmas": [7.62974214553833, 6.257612705230713, 5.8545331954956055, 4.7488508224487305, 4.563175678253174, 4.310549259185791, 4.232995510101318, 4.099888801574707, 4.055914402008057, 3.8332626819610596, 3.7409825325012207, 3.386678695678711], "kl_divergences": [0.00038098794175311923, 0.0068496521562337875, 0.002005901886150241, 0.014732045121490955, 0.0032506738789379597, 0.0006611984572373331, 0.0016691674245521426, 0.0015870159259065986, 0.0012856910470873117, 0.0003244482504669577, 0.039179377257823944, 0.00012727369903586805], "generations": []}