{"source_layer": 23, "target_layer": 26, "sigmas": [10.624577522277832, 8.401426315307617, 8.25158405303955, 7.7840256690979, 7.570723056793213, 7.336304187774658, 7.184348106384277, 6.697232723236084, 6.559974193572998, 6.328154563903809, 6.007246494293213, 5.773553848266602], "kl_divergences": [0.004268225748091936, 0.03234194219112396, 0.01743028312921524, 0.08338408172130585, 0.030582036823034286, 0.002478539478033781, 0.0016305041499435902, 0.007377554662525654, 0.0008047444862313569, 0.0013887619134038687, 0.0017705900827422738, 0.0006048684590496123], "generations": []}