{"source_layer": 23, "target_layer": 30, "sigmas": [27.498165130615234, 21.203800201416016, 18.6894588470459, 16.292917251586914, 15.273399353027344, 14.655112266540527, 14.368866920471191, 13.182998657226562, 12.83330249786377, 12.451738357543945, 12.215547561645508, 12.051156997680664], "kl_divergences": [0.016470681875944138, 0.002457756781950593, 0.22267861664295197, 0.011850390583276749, 0.08739592134952545, 0.0010239827679470181, 0.002648415043950081, 0.019670557230710983, 0.009535512886941433, 0.003236265853047371, 0.02513948827981949, 0.0014894386986270547], "generations": []}