{"source_layer": 23, "target_layer": 31, "sigmas": [30.208280563354492, 23.7730655670166, 21.8675594329834, 19.43321990966797, 17.037460327148438, 16.73570442199707, 15.82010555267334, 15.492334365844727, 14.921146392822266, 14.314474105834961, 13.859116554260254, 12.891622543334961], "kl_divergences": [0.07655813544988632, 0.005030691158026457, 0.10864277929067612, 0.0049007972702383995, 0.0029661182779818773, 0.010885135270655155, 0.0014472424518316984, 0.0034724180586636066, 0.12344621866941452, 0.005827571265399456, 0.004282101523131132, 0.0010119798826053739], "generations": []}