{"source_layer": 23, "target_layer": 34, "sigmas": [40.82953643798828, 34.86957931518555, 29.83053207397461, 28.587207794189453, 24.85687255859375, 23.61933708190918, 22.718307495117188, 22.242202758789062, 20.69902229309082, 20.45644187927246, 19.58799934387207, 19.09953498840332], "kl_divergences": [0.00524111045524478, 0.00985233299434185, 0.020871002227067947, 0.0023961588740348816, 0.0013124638935551047, 0.013771490193903446, 0.0028017517179250717, 0.0038142127450555563, 0.002793913008645177, 0.0013734670355916023, 0.001692426623776555, 0.0028226522263139486], "generations": []}