{"source_layer": 23, "target_layer": 35, "sigmas": [76.31564331054688, 43.404842376708984, 37.60536193847656, 35.27765655517578, 32.830963134765625, 31.222686767578125, 28.223297119140625, 26.782135009765625, 25.98573875427246, 24.47855567932129, 22.819692611694336, 21.80600357055664], "kl_divergences": [0.00880264863371849, 0.002648521214723587, 0.13196521997451782, 0.004862102214246988, 0.2737724483013153, 0.008483524434268475, 0.003903944045305252, 0.0026620677672326565, 0.008264893665909767, 0.00820960197597742, 0.0022942235227674246, 0.0007777864229865372], "generations": []}