{"source_layer": 24, "target_layer": 29, "sigmas": [13.524646759033203, 11.718374252319336, 11.074409484863281, 10.19955062866211, 9.636982917785645, 9.256199836730957, 9.029410362243652, 8.806370735168457, 8.515425682067871, 8.072250366210938, 7.915309906005859, 7.492208003997803], "kl_divergences": [0.004854320548474789, 0.046846821904182434, 0.0028124002274125814, 0.002319354796782136, 0.0005875644274055958, 0.0005375914042815566, 0.001976738451048732, 0.009366599842905998, 0.0013811258831992745, 0.001773879979737103, 0.001102075562812388, 0.0018442121800035238], "generations": []}