{"source_layer": 24, "target_layer": 27, "sigmas": [9.089658737182617, 7.703176021575928, 7.148125648498535, 6.94708776473999, 6.6398468017578125, 6.506131649017334, 6.21057653427124, 5.978705883026123, 5.6612091064453125, 5.598920822143555, 5.289463996887207, 5.23901891708374], "kl_divergences": [0.0007407994708046317, 0.012595860287547112, 0.0006059698644094169, 0.001807382213883102, 0.002667645923793316, 0.00046063080662861466, 0.0009579501929692924, 0.008389631286263466, 0.0006451683002524078, 0.0004024739610031247, 0.005896311718970537, 0.002038637874647975], "generations": []}