{"source_layer": 24, "target_layer": 25, "sigmas": [5.120882987976074, 4.306472301483154, 4.066827297210693, 3.954000473022461, 3.820963144302368, 3.745681047439575, 3.5614912509918213, 3.4876909255981445, 3.4465160369873047, 3.3180503845214844, 3.3085265159606934, 3.220292329788208], "kl_divergences": [0.0001187948219012469, 0.00031070600380189717, 0.001075120409950614, 0.001166671048849821, 0.00257398234680295, 0.003345135133713484, 0.00016524511738680303, 0.0006291210884228349, 0.002649681642651558, 9.464235336054116e-05, 9.267398127121851e-05, 0.000244360591750592], "generations": []}