{"source_layer": 24, "target_layer": 26, "sigmas": [7.238282680511475, 5.908457279205322, 5.820014476776123, 5.717761993408203, 5.365363597869873, 5.1491265296936035, 4.697793006896973, 4.48915958404541, 4.371328830718994, 4.296250343322754, 4.245919704437256, 4.155169486999512], "kl_divergences": [0.00012814039655495435, 0.0008725645020604134, 0.04731635004281998, 0.0005074837245047092, 0.0021136458963155746, 0.0005232699331827462, 0.00022379396250471473, 0.0020406171679496765, 0.003917024005204439, 0.0005544540472328663, 0.001044060685671866, 0.0004318713035900146], "generations": []}