{"source_layer": 24, "target_layer": 28, "sigmas": [11.168351173400879, 9.294424057006836, 8.585777282714844, 8.062593460083008, 7.877784729003906, 7.6638264656066895, 7.311408996582031, 7.194685935974121, 6.8894147872924805, 6.778799057006836, 6.65410852432251, 6.26125431060791], "kl_divergences": [0.002338660880923271, 0.037958063185214996, 0.0016946938121691346, 0.0068876841105520725, 0.0031569956336170435, 0.00037539313780143857, 0.0003784661821555346, 0.0005790512077510357, 0.003499068086966872, 0.0016435523284599185, 0.01292972732335329, 0.00029860041104257107], "generations": []}