{"source_layer": 24, "target_layer": 31, "sigmas": [24.659515380859375, 18.00472068786621, 15.527206420898438, 13.476934432983398, 12.654659271240234, 12.457223892211914, 12.078662872314453, 11.48820686340332, 11.359689712524414, 10.95184326171875, 10.710580825805664, 10.030882835388184], "kl_divergences": [0.010312875732779503, 0.008903799578547478, 0.03026287630200386, 0.01942981593310833, 0.0012665672693401575, 0.0006623478257097304, 0.0014724918873980641, 0.07921066135168076, 0.0015846670139580965, 0.002222585491836071, 0.015310477465391159, 0.0008913990459404886], "generations": []}