{"source_layer": 24, "target_layer": 34, "sigmas": [32.89193344116211, 24.777450561523438, 23.420581817626953, 22.552963256835938, 18.943761825561523, 18.340702056884766, 17.978933334350586, 17.448820114135742, 16.47153091430664, 16.240022659301758, 15.180781364440918, 14.127351760864258], "kl_divergences": [0.07654964923858643, 0.0016456391895189881, 0.004811760038137436, 0.008844314143061638, 0.016252348199486732, 0.0005751989083364606, 0.0010550961596891284, 0.001711003016680479, 0.002716854214668274, 0.0008756684837862849, 0.005307835526764393, 0.0026637883856892586], "generations": []}