{"source_layer": 24, "target_layer": 32, "sigmas": [27.584575653076172, 19.856185913085938, 17.474998474121094, 15.50232982635498, 14.879944801330566, 13.990803718566895, 13.833916664123535, 13.286293029785156, 12.86978816986084, 12.333269119262695, 11.753990173339844, 11.32121467590332], "kl_divergences": [0.05149293690919876, 0.011796198785305023, 0.0013086349936202168, 0.1427796334028244, 0.10302887856960297, 0.0018963749753311276, 0.0015097438590601087, 0.04400407895445824, 0.0011040507815778255, 0.0017282033804804087, 0.001672209007665515, 0.0016390298260375857], "generations": []}