{"source_layer": 24, "target_layer": 33, "sigmas": [28.769834518432617, 21.16175079345703, 18.74477767944336, 16.711116790771484, 15.589405059814453, 15.171059608459473, 14.804638862609863, 14.188459396362305, 13.558914184570312, 13.174812316894531, 12.873930931091309, 12.247857093811035], "kl_divergences": [0.06223352998495102, 0.08927788585424423, 0.0015925209736451507, 0.004621272906661034, 0.0966467335820198, 0.0021596800070255995, 0.0029177642427384853, 0.0015571461990475655, 0.0011645841877907515, 0.003660187590867281, 0.0012659444473683834, 0.007014773320406675], "generations": []}