{"source_layer": 24, "target_layer": 30, "sigmas": [22.495588302612305, 15.72856616973877, 13.277443885803223, 11.696708679199219, 11.335600852966309, 10.823095321655273, 10.715741157531738, 10.093219757080078, 9.822742462158203, 9.377949714660645, 9.102706909179688, 8.793769836425781], "kl_divergences": [0.010336260311305523, 0.007160431705415249, 0.002319025807082653, 0.02160055935382843, 0.00032610748894512653, 0.0004456588358152658, 0.002288973890244961, 0.0016582582611590624, 0.001305353594943881, 0.0014040871756151319, 0.0010052843717858195, 0.001971940044313669], "generations": []}