{"source_layer": 24, "target_layer": 35, "sigmas": [61.9722900390625, 32.6927490234375, 30.68667984008789, 28.62337875366211, 25.682891845703125, 23.93539047241211, 22.4981689453125, 21.563339233398438, 19.68784523010254, 19.497974395751953, 18.744853973388672, 16.638450622558594], "kl_divergences": [0.0023512456100434065, 0.0034615802578628063, 0.010297229513525963, 0.003531868103891611, 0.0048524984158575535, 0.008137769997119904, 0.0013401976320892572, 0.017184657976031303, 0.0011944888392463326, 0.0005772349541075528, 0.0019427587976679206, 0.0018435794627293944], "generations": []}