{"source_layer": 25, "target_layer": 27, "sigmas": [7.314312934875488, 5.845644950866699, 5.374410152435303, 5.309718132019043, 4.809540271759033, 4.56065034866333, 4.478002548217773, 4.240135669708252, 4.156887531280518, 4.026421546936035, 3.938107967376709, 3.788332462310791], "kl_divergences": [0.00028087003738619387, 0.0003487093490548432, 0.0003451614174991846, 0.006873280741274357, 0.0033098061103373766, 0.0018771607428789139, 0.00025645337882451713, 0.00037499950849451125, 0.0001345325290458277, 0.0007768349023535848, 0.0007930397405289114, 0.002147009829059243], "generations": []}