{"source_layer": 25, "target_layer": 28, "sigmas": [8.882497787475586, 6.974649429321289, 6.739003658294678, 6.438987731933594, 5.943166732788086, 5.696295738220215, 5.5040364265441895, 5.293464183807373, 5.112078666687012, 4.9668426513671875, 4.893488883972168, 4.808577060699463], "kl_divergences": [0.000513600476551801, 0.001374717801809311, 0.01673959568142891, 0.0007673464133404195, 0.0007047652034088969, 0.002656279830262065, 0.00048472508206032217, 0.004336677026003599, 0.0007394996355287731, 0.00028307895991019905, 0.00027113500982522964, 0.0005201072781346738], "generations": []}