{"source_layer": 25, "target_layer": 29, "sigmas": [10.956552505493164, 9.154912948608398, 8.249780654907227, 8.176154136657715, 7.689527988433838, 7.284414291381836, 7.083302021026611, 6.919262886047363, 6.490854263305664, 6.376752853393555, 6.258532524108887, 5.681445598602295], "kl_divergences": [0.0005024455022066832, 0.005035579204559326, 0.0008868370787240565, 0.0015295237535610795, 0.0008999270503409207, 0.0021785099525004625, 0.0003843786253128201, 0.0005840774974785745, 0.0008981970604509115, 0.0006534227286465466, 0.000963106460403651, 0.0027752432506531477], "generations": []}