{"source_layer": 25, "target_layer": 26, "sigmas": [6.1043548583984375, 4.152377605438232, 4.0124711990356445, 3.756178140640259, 3.4654903411865234, 3.4313149452209473, 3.2582156658172607, 3.219024658203125, 3.10909366607666, 3.009915590286255, 2.90433669090271, 2.804094076156616], "kl_divergences": [0.00019717554096132517, 0.0029241691809147596, 0.0003217225894331932, 8.088733738986775e-05, 0.00026712354156188667, 0.00019644309941213578, 0.0003370667982380837, 0.0002613078977447003, 0.0006193392910063267, 0.00018545245984569192, 0.00013884471263736486, 0.00024292968737427145], "generations": []}