{"source_layer": 25, "target_layer": 35, "sigmas": [52.30699157714844, 27.390371322631836, 25.702245712280273, 24.364700317382812, 22.361549377441406, 19.375320434570312, 18.300247192382812, 17.23360824584961, 16.000503540039062, 15.165311813354492, 14.630638122558594, 14.110453605651855], "kl_divergences": [0.0020204640459269285, 0.0015884655294939876, 0.011744383722543716, 0.002529656980186701, 0.006818959955126047, 0.02367408573627472, 0.0020838098134845495, 0.0008144216262735426, 0.00520004378631711, 0.013880845159292221, 0.0004038186161778867, 0.0011549631599336863], "generations": []}