{"source_layer": 25, "target_layer": 31, "sigmas": [19.924354553222656, 14.477520942687988, 11.683456420898438, 11.280503273010254, 10.200507164001465, 9.741455078125, 9.452919006347656, 9.183662414550781, 8.83564281463623, 8.627418518066406, 8.296367645263672, 8.227656364440918], "kl_divergences": [0.00595270236954093, 0.0017847924027591944, 0.0016432631528005004, 0.0029581282287836075, 0.004707394167780876, 0.006053956225514412, 0.0011539180995896459, 0.07143963128328323, 0.0007385821081697941, 0.009054187685251236, 0.0006580639164894819, 0.001374206505715847], "generations": []}