{"source_layer": 25, "target_layer": 30, "sigmas": [18.27597427368164, 12.750419616699219, 9.894523620605469, 9.602071762084961, 8.689109802246094, 8.579041481018066, 8.126781463623047, 7.917686939239502, 7.697921276092529, 7.6590399742126465, 7.255337715148926, 6.994319915771484], "kl_divergences": [0.005334833171218634, 0.0019117023330181837, 0.026155347004532814, 0.0009747102740220726, 0.0012545896461233497, 0.003833309281617403, 0.001094624400138855, 0.002200087998062372, 0.00382431922480464, 0.001090112840756774, 0.0013038001488894224, 0.00041054197936318815], "generations": []}