{"source_layer": 25, "target_layer": 34, "sigmas": [26.39618682861328, 20.816743850708008, 19.71521759033203, 18.840044021606445, 16.5076847076416, 15.853242874145508, 14.208695411682129, 14.024551391601562, 13.431979179382324, 12.75428581237793, 11.807043075561523, 11.41783618927002], "kl_divergences": [0.022924423217773438, 0.006814979482442141, 0.0012239784700796008, 0.0014705765061080456, 0.001122347661294043, 0.004675356205552816, 0.0010278720874339342, 0.014220601879060268, 0.002366130007430911, 0.0018421085551381111, 0.0020329710096120834, 0.001100492780096829], "generations": []}