{"source_layer": 25, "target_layer": 32, "sigmas": [22.091154098510742, 15.892398834228516, 13.493406295776367, 12.783040046691895, 12.276986122131348, 11.830279350280762, 10.873971939086914, 10.59145736694336, 10.013605117797852, 9.968338012695312, 9.390073776245117, 8.776041984558105], "kl_divergences": [0.007989790290594101, 0.009844649583101273, 0.0013916640309616923, 0.003817869583144784, 0.0019176033092662692, 0.00292979646474123, 0.0013522645458579063, 0.012736635282635689, 0.0014569718623533845, 0.001042086980305612, 0.0002864463021978736, 0.00015390421322081238], "generations": []}