{"source_layer": 25, "target_layer": 33, "sigmas": [23.083829879760742, 17.009693145751953, 14.7271089553833, 13.882131576538086, 12.772466659545898, 12.54857063293457, 11.500267028808594, 11.310505867004395, 10.869756698608398, 10.83920669555664, 10.2806978225708, 10.004352569580078], "kl_divergences": [0.012839690782129765, 0.0031528559047728777, 0.0010777638526633382, 0.00231946655549109, 0.0632077306509018, 0.003685516072437167, 0.0008782707736827433, 0.0017252860125154257, 0.018403643742203712, 0.002775287488475442, 0.0006665276596322656, 0.0011028184089809656], "generations": []}