{"source_layer": 26, "target_layer": 29, "sigmas": [9.103226661682129, 7.685120582580566, 6.973640441894531, 6.635565757751465, 6.336004734039307, 5.906152725219727, 5.820632457733154, 5.4947896003723145, 5.099221229553223, 4.922645568847656, 4.868162631988525, 4.756489276885986], "kl_divergences": [0.0002762757649179548, 0.0025612651370465755, 0.0002646574575919658, 0.0008246985380537808, 0.002106646541506052, 0.0010274536907672882, 0.0012941417517140508, 0.0002932504576165229, 0.0008576317341066897, 0.00031787148327566683, 0.0005535387899726629, 0.00416672695428133], "generations": []}