{"source_layer": 26, "target_layer": 27, "sigmas": [5.407504081726074, 4.18745231628418, 3.8085129261016846, 3.717851400375366, 3.517728090286255, 3.3662309646606445, 3.346297264099121, 3.2601418495178223, 3.2392592430114746, 3.1762490272521973, 3.1382181644439697, 3.0203542709350586], "kl_divergences": [0.0002548774646129459, 0.00031280648545362055, 0.00027658065664581954, 0.0005248154047876596, 0.00026595668168738484, 0.00020053783373441547, 0.00033449986949563026, 0.00022119451023172587, 0.00010547040437813848, 0.00010197615483775735, 0.0003498411679174751, 0.00012797075032722205], "generations": []}