{"source_layer": 26, "target_layer": 28, "sigmas": [6.552208423614502, 5.719085216522217, 5.144847869873047, 4.928121566772461, 4.5844221115112305, 4.327780723571777, 4.154611110687256, 4.105008602142334, 4.032783031463623, 3.989889621734619, 3.871718645095825, 3.83386492729187], "kl_divergences": [0.00030387318111024797, 0.0007774992845952511, 0.004489447455853224, 0.0006890023942105472, 0.0021218573674559593, 0.00023113860515877604, 5.790456634713337e-05, 0.00038681173464283347, 9.067192149814218e-05, 0.0006225239485502243, 0.0005339193157851696, 0.0008925976580940187], "generations": []}