{"source_layer": 26, "target_layer": 35, "sigmas": [44.362266540527344, 24.515199661254883, 22.27928924560547, 20.540937423706055, 19.660308837890625, 17.210718154907227, 16.09742546081543, 15.115628242492676, 14.094893455505371, 13.604238510131836, 13.152655601501465, 12.190900802612305], "kl_divergences": [0.0005000292439945042, 0.00023872559540905058, 0.002204716671258211, 0.005430775694549084, 0.0007384067284874618, 0.0009889232460409403, 0.0010524538811296225, 0.012649448588490486, 0.0005074996151961386, 0.012898407876491547, 0.0024633475113660097, 0.00014346414536703378], "generations": []}