{"source_layer": 26, "target_layer": 34, "sigmas": [22.191688537597656, 18.229747772216797, 16.639223098754883, 15.1504545211792, 14.399259567260742, 13.598447799682617, 12.564119338989258, 11.940995216369629, 11.577138900756836, 11.098649024963379, 10.12588119506836, 9.346704483032227], "kl_divergences": [0.012858728878200054, 0.0003439202846493572, 0.00030946973129175603, 0.0007255972013808787, 0.0013434458523988724, 0.0010293371742591262, 0.000944271101616323, 0.044924065470695496, 0.0004985034465789795, 0.0005229515372775495, 0.00016682456771377474, 0.0004298108397051692], "generations": []}