{"source_layer": 26, "target_layer": 30, "sigmas": [15.526704788208008, 10.433427810668945, 8.428716659545898, 7.914673328399658, 7.4728102684021, 7.050588607788086, 6.80735445022583, 6.464113712310791, 6.355156421661377, 6.136402130126953, 5.747030258178711, 5.712213039398193], "kl_divergences": [0.011644790880382061, 0.00041876689647324383, 0.00015941097808536142, 0.0010336744599044323, 0.005002858117222786, 0.0018676569452509284, 0.001930413069203496, 0.0014405932743102312, 0.0006929138908162713, 0.0004733132373075932, 0.002542339963838458, 0.0008480968535877764], "generations": []}