{"source_layer": 26, "target_layer": 33, "sigmas": [19.569965362548828, 14.044462203979492, 12.548849105834961, 11.45893383026123, 11.366782188415527, 10.623712539672852, 10.020094871520996, 9.60637378692627, 9.349152565002441, 9.15163803100586, 8.396002769470215, 8.341761589050293], "kl_divergences": [0.006814520340412855, 0.0005226048524491489, 0.02207118459045887, 0.0050699408166110516, 0.0018422524444758892, 0.03233487159013748, 0.0005450166063383222, 0.000173231543158181, 0.004076042212545872, 0.0005819556536152959, 0.001471820054575801, 0.0012036387342959642], "generations": []}