{"source_layer": 26, "target_layer": 32, "sigmas": [18.7707576751709, 13.073091506958008, 11.336793899536133, 10.965166091918945, 10.446117401123047, 9.97491455078125, 9.263799667358398, 8.779945373535156, 8.48984432220459, 8.124239921569824, 7.676907539367676, 7.242491722106934], "kl_divergences": [0.006944854743778706, 0.0012730477610602975, 0.002452785847708583, 0.011697580106556416, 0.007723849732428789, 0.025135183706879616, 0.0006082655745558441, 0.0006452908855862916, 0.00041053860331885517, 0.001013310276903212, 0.000300979008898139, 0.0004894731682725251], "generations": []}