{"source_layer": 26, "target_layer": 31, "sigmas": [16.98508644104004, 11.937283515930176, 9.910059928894043, 9.289660453796387, 8.553201675415039, 8.444046020507812, 7.868419647216797, 7.674623489379883, 7.452931880950928, 6.92842960357666, 6.874705791473389, 6.2784423828125], "kl_divergences": [0.0055856299586594105, 0.00026852174778468907, 0.000892253068741411, 0.012619342654943466, 0.0005689326208084822, 0.002133921254426241, 0.0005371349398046732, 0.002331262454390526, 0.0020820596255362034, 0.002825820818543434, 0.0007137323846109211, 0.000658622826449573], "generations": []}