{"source_layer": 27, "target_layer": 28, "sigmas": [4.5943779945373535, 3.7234413623809814, 3.3785758018493652, 3.2307562828063965, 3.19126033782959, 3.1198558807373047, 3.0065925121307373, 2.996042013168335, 2.832423686981201, 2.7992630004882812, 2.7308449745178223, 2.6375811100006104], "kl_divergences": [0.00013549385766964406, 2.9795379305141978e-05, 4.800813621841371e-05, 9.355891961604357e-05, 0.00017993769142776728, 0.0002529023040551692, 0.000330396433128044, 0.0001318442082265392, 0.00036869649193249643, 0.000326423323713243, 0.0001629615289857611, 0.00018463276501279324], "generations": []}