{"source_layer": 27, "target_layer": 29, "sigmas": [9.49081802368164, 5.722780704498291, 5.280904769897461, 4.982570171356201, 4.724407196044922, 4.589201927185059, 4.2660651206970215, 4.108376502990723, 3.8730340003967285, 3.825671672821045, 3.6496171951293945, 3.5242674350738525], "kl_divergences": [0.00014352683501783758, 0.0006608685944229364, 0.0010577078210189939, 0.00021948439825791866, 0.00027803750708699226, 0.0029367601964622736, 0.00021935143740847707, 0.0001524650870123878, 0.001407720148563385, 0.000921788509003818, 0.00011041972175007686, 0.0006201611831784248], "generations": []}