{"source_layer": 27, "target_layer": 35, "sigmas": [37.548362731933594, 22.412792205810547, 21.53961944580078, 16.850345611572266, 15.887142181396484, 15.700041770935059, 13.850194931030273, 12.842795372009277, 12.343219757080078, 11.84184455871582, 10.881922721862793, 9.911608695983887], "kl_divergences": [0.0009402062278240919, 5.6781598686939105e-05, 0.0002604205801617354, 0.0001986627612495795, 0.002367840614169836, 0.002033472526818514, 0.0002548943448346108, 0.0004304375615902245, 0.001011374406516552, 4.748819992528297e-05, 0.0005560797872021794, 0.0005374481552280486], "generations": []}