{"source_layer": 27, "target_layer": 32, "sigmas": [14.077887535095215, 13.398162841796875, 9.167318344116211, 8.49431324005127, 8.107845306396484, 8.001104354858398, 7.113903522491455, 6.9101481437683105, 6.599644660949707, 6.299510955810547, 6.145699977874756, 5.655771732330322], "kl_divergences": [0.0012867231853306293, 0.002994056325405836, 0.00031161573133431375, 0.0018283454701304436, 0.0015195505693554878, 0.0005080007249489427, 0.0005445644492283463, 0.002088465727865696, 0.0002894762437790632, 0.0006302251713350415, 0.000632513256277889, 0.00048528151819482446], "generations": []}