{"source_layer": 27, "target_layer": 30, "sigmas": [11.472127914428711, 10.69810962677002, 7.0151896476745605, 5.689927577972412, 5.615362167358398, 5.457002639770508, 5.08345890045166, 4.850922107696533, 4.735376834869385, 4.571994781494141, 4.546211242675781, 4.263031959533691], "kl_divergences": [0.003782423445954919, 0.00029187643667683005, 4.4579937821254134e-05, 0.0004970659501850605, 0.00041138342930935323, 0.0007269616471603513, 0.0001847075327532366, 0.001341178547590971, 0.00035552046028897166, 0.0004363061161711812, 0.0007551203016191721, 7.36317306291312e-05], "generations": []}