{"source_layer": 27, "target_layer": 34, "sigmas": [17.586706161499023, 16.230899810791016, 15.62718391418457, 12.323549270629883, 12.106669425964355, 10.739923477172852, 10.600521087646484, 9.49564266204834, 9.468269348144531, 8.880011558532715, 8.636358261108398, 8.132745742797852], "kl_divergences": [0.0004217391542624682, 0.0029900819063186646, 0.00015752317267470062, 7.459303014911711e-05, 0.0004977755597792566, 0.0008629701915197074, 0.0014285000506788492, 0.0007965917466208339, 0.00014344761439133435, 0.00023352258722297847, 0.00287012942135334, 7.459861080860719e-05], "generations": []}