{"source_layer": 27, "target_layer": 33, "sigmas": [14.92413330078125, 14.05608081817627, 10.218999862670898, 9.263069152832031, 8.930933952331543, 8.754337310791016, 8.068609237670898, 7.573095798492432, 7.372715950012207, 7.20474100112915, 7.022174835205078, 6.710729598999023], "kl_divergences": [0.0009056306444108486, 0.0035255872644484043, 0.003249068045988679, 0.0008315407321788371, 0.0021528543438762426, 0.0008150876965373755, 0.009149971418082714, 0.00020809438137803227, 0.001614479348063469, 0.0010677534155547619, 0.0006075053825043142, 0.00018844648730009794], "generations": []}