{"source_layer": 27, "target_layer": 31, "sigmas": [12.745514869689941, 12.15703296661377, 8.256309509277344, 6.955644607543945, 6.670428276062012, 6.44925594329834, 6.041008949279785, 5.904621601104736, 5.722310543060303, 5.631756782531738, 5.27777099609375, 5.081669807434082], "kl_divergences": [0.001213810290209949, 0.0007467143004760146, 0.00014332932187244296, 0.0002531057398300618, 0.0006415122770704329, 0.00023381052596960217, 0.002114711795002222, 0.00021248766279313713, 0.00045070413034409285, 0.0017961616395041347, 0.0003914821136277169, 0.0006810452323406935], "generations": []}