{"source_layer": 28, "target_layer": 29, "sigmas": [8.27652645111084, 4.819847106933594, 4.321713447570801, 3.8175532817840576, 3.652567148208618, 3.447096109390259, 3.4441606998443604, 3.231767177581787, 3.0952095985412598, 2.969064235687256, 2.9331557750701904, 2.678697109222412], "kl_divergences": [0.0004407829255796969, 0.00010809042578330263, 0.0005767140537500381, 0.00012946504284627736, 0.0002412618778180331, 6.347944145090878e-05, 0.0005094874068163335, 0.00023003930982667953, 0.00020039766968693584, 0.00010632711928337812, 0.00020848476560786366, 0.00015893761883489788], "generations": []}