{"source_layer": 28, "target_layer": 31, "sigmas": [11.39110279083252, 10.23781967163086, 6.875003814697266, 5.896592617034912, 5.692166805267334, 5.178865432739258, 4.984215259552002, 4.895983695983887, 4.766513824462891, 4.409580230712891, 4.369330883026123, 4.1054511070251465], "kl_divergences": [0.0005955590750090778, 0.0035856934264302254, 0.00013047191896475852, 3.2761687180027366e-05, 0.00012128234084229916, 0.0011968831531703472, 0.004625295754522085, 0.0007767638890072703, 0.00032854563323780894, 0.0005686554941348732, 0.0015065737534314394, 0.0006721407407894731], "generations": []}