{"source_layer": 28, "target_layer": 33, "sigmas": [13.5805025100708, 11.722515106201172, 8.806724548339844, 7.7851643562316895, 7.685959815979004, 6.946089744567871, 6.622738838195801, 6.0991716384887695, 5.997737884521484, 5.810179710388184, 5.481345176696777, 5.3573760986328125], "kl_divergences": [0.0005194768309593201, 0.001266435836441815, 0.00013037922326475382, 0.0026665048208087683, 0.007205348461866379, 0.0003048056678380817, 0.0046402644366025925, 9.648029663367197e-05, 0.00042687830864451826, 0.0006331697222776711, 0.0008051501354202628, 0.00020816241158172488], "generations": []}