{"source_layer": 28, "target_layer": 35, "sigmas": [32.875946044921875, 21.091955184936523, 19.773914337158203, 15.396824836730957, 13.760261535644531, 13.116667747497559, 12.741071701049805, 11.931999206542969, 10.525459289550781, 9.799019813537598, 9.52156925201416, 9.255577087402344], "kl_divergences": [0.0012163276551291347, 0.00011608162458287552, 3.593820656533353e-05, 5.47108102182392e-05, 0.002038273261860013, 0.0003313124179840088, 0.00047464092494919896, 0.00011943325807806104, 0.00043626734986901283, 0.0017302079359069467, 0.0007074907189235091, 0.00021146118524484336], "generations": []}