{"source_layer": 28, "target_layer": 30, "sigmas": [9.979743957519531, 9.187291145324707, 5.760993480682373, 5.037034034729004, 4.58793830871582, 4.2528395652771, 4.203366279602051, 4.143945693969727, 4.017721176147461, 3.919203519821167, 3.674518585205078, 3.5821609497070312], "kl_divergences": [0.0016175430500879884, 0.0001381760521326214, 0.00023319621686823666, 5.627551581710577e-05, 0.00010043426300399005, 0.00021186248341109604, 0.0027603027410805225, 0.00042967518675141037, 3.603482764447108e-05, 0.0001561366516398266, 9.252166637452319e-05, 8.996372343972325e-05], "generations": []}