{"source_layer": 28, "target_layer": 34, "sigmas": [16.043725967407227, 14.755817413330078, 13.502375602722168, 11.415828704833984, 9.776494026184082, 9.079916000366211, 8.717758178710938, 8.362327575683594, 7.912813186645508, 7.627781867980957, 7.113042831420898, 6.7739033699035645], "kl_divergences": [0.0007898414041846991, 0.00015154028369579464, 0.0017169923521578312, 0.00031358865089714527, 0.00015851110219955444, 0.00041814844007603824, 0.00022783284657634795, 0.0011416950728744268, 0.0006165538216009736, 0.003061555325984955, 0.0005797026678919792, 0.0006078311707824469], "generations": []}