{"source_layer": 28, "target_layer": 32, "sigmas": [12.600552558898926, 11.131245613098145, 7.791285514831543, 7.28178071975708, 6.913256645202637, 6.30215311050415, 5.881492614746094, 5.648583889007568, 5.431722164154053, 5.186074256896973, 5.1545915603637695, 4.948791980743408], "kl_divergences": [0.0018042328301817179, 0.002297628205269575, 0.0008210396044887602, 0.001266026054508984, 6.449241482187063e-05, 0.002736169146373868, 0.003106413409113884, 0.00016302705626003444, 0.00011410563456593081, 0.0003844831371679902, 0.00035388811375014484, 0.000780625210609287], "generations": []}