{"source_layer": 29, "target_layer": 33, "sigmas": [9.46584701538086, 7.605306625366211, 7.035501003265381, 6.666773319244385, 5.997716426849365, 5.604244709014893, 5.551331996917725, 5.279778957366943, 5.022768497467041, 4.831387042999268, 4.708791732788086, 4.321015357971191], "kl_divergences": [0.00016253167996183038, 7.723757153144106e-05, 0.0008714328869245946, 0.00013961920922156423, 0.0013231264892965555, 0.0001579500240040943, 0.00010209718311671168, 4.019283733214252e-05, 0.003244437277317047, 0.0001103531540138647, 0.00074908381793648, 0.0018065494950860739], "generations": []}