{"source_layer": 29, "target_layer": 31, "sigmas": [6.837666034698486, 5.5252814292907715, 5.30042028427124, 5.0717010498046875, 4.483099460601807, 4.29202938079834, 4.221375942230225, 3.9019525051116943, 3.6562981605529785, 3.5766544342041016, 3.5046799182891846, 3.290860891342163], "kl_divergences": [0.00016057254106272012, 0.00020016708003822714, 9.248571586795151e-05, 0.00013423472410067916, 0.0004130004672333598, 0.0007239463157020509, 0.0022695492953062057, 0.0005115700769238174, 0.0009577094460837543, 0.0001978373184101656, 0.0027356906794011593, 0.0002848935255315155], "generations": []}