{"source_layer": 29, "target_layer": 34, "sigmas": [14.046697616577148, 12.333436012268066, 10.272317886352539, 9.407718658447266, 8.055496215820312, 7.443284511566162, 7.426518440246582, 7.054135799407959, 6.9045538902282715, 6.844444274902344, 6.26840353012085, 6.166948318481445], "kl_divergences": [7.937680493341759e-05, 0.00020295714784879237, 8.469977183267474e-05, 0.00039492297219112515, 0.00039916703826747835, 0.0010690183844417334, 6.886885239509866e-05, 0.00023480862728320062, 0.00020718805899377912, 0.000317281112074852, 0.00028703457792289555, 0.00011348954285494983], "generations": []}