{"source_layer": 29, "target_layer": 30, "sigmas": [5.076272487640381, 4.310297012329102, 4.061520576477051, 3.683539390563965, 3.609891891479492, 3.43587327003479, 3.1458330154418945, 3.0829896926879883, 2.9950814247131348, 2.8932085037231445, 2.7636826038360596, 2.573256015777588], "kl_divergences": [0.00012735725613310933, 0.0001531011948827654, 0.0001714458630885929, 0.00012868236808571965, 0.00022181689564604312, 0.0007241900311782956, 0.0008546668686904013, 0.0004029839183203876, 0.0001897090405691415, 0.0002831434831023216, 0.0004907260299660265, 3.532331174938008e-05], "generations": []}