{"source_layer": 29, "target_layer": 32, "sigmas": [8.2491455078125, 6.70777702331543, 6.42263650894165, 6.059794902801514, 5.6834001541137695, 5.059178352355957, 4.977435111999512, 4.714681625366211, 4.505842685699463, 4.461462497711182, 4.303566932678223, 3.8869688510894775], "kl_divergences": [0.00029178275144658983, 0.0011797324987128377, 0.00012340422836132348, 0.000323480082442984, 0.0010117560159415007, 9.848389163380489e-05, 0.00017249179654754698, 0.0002527281758375466, 0.001329913386143744, 0.0017595607787370682, 0.00031371304066851735, 0.0003068994265049696], "generations": []}