{"source_layer": 29, "target_layer": 35, "sigmas": [30.133386611938477, 18.256866455078125, 16.505643844604492, 13.70927619934082, 12.025537490844727, 11.630952835083008, 10.92424488067627, 9.280092239379883, 8.896949768066406, 8.675424575805664, 8.403512954711914, 8.117603302001953], "kl_divergences": [0.001391514204442501, 7.245537562994286e-05, 0.00011320438352413476, 3.362678398843855e-05, 1.7595846657059155e-05, 9.537922596791759e-05, 0.00013261413550935686, 0.00015587675443384796, 0.00015223753871396184, 0.00017058657249435782, 0.0023306021466851234, 0.00010293128434568644], "generations": []}