{"source_layer": 30, "target_layer": 34, "sigmas": [12.624679565429688, 11.435379981994629, 9.565316200256348, 7.284631252288818, 6.925563812255859, 6.710755348205566, 6.126873016357422, 5.843507766723633, 5.606522083282471, 5.409778118133545, 5.025132656097412, 4.3623199462890625], "kl_divergences": [6.576089072041214e-05, 0.00015205219096969813, 8.00386187620461e-05, 6.32383453194052e-05, 3.17177691613324e-05, 3.3135769626824185e-05, 6.124262290541083e-05, 0.00036216084845364094, 1.5830355550860986e-05, 0.00017297147132921964, 7.902875222498551e-05, 8.396356861339882e-05], "generations": []}