{"source_layer": 30, "target_layer": 35, "sigmas": [25.691543579101562, 16.560293197631836, 15.04990291595459, 12.786460876464844, 11.249574661254883, 9.554197311401367, 8.64690113067627, 8.513809204101562, 8.224721908569336, 7.914379119873047, 6.9560747146606445, 6.906402111053467], "kl_divergences": [0.001164766843430698, 3.79723496735096e-05, 0.00025891020777635276, 1.4742408893653192e-05, 3.9902104617794976e-05, 8.482996781822294e-05, 0.00013237935490906239, 0.0001687153708189726, 2.3662170860916376e-05, 9.725444397190586e-05, 0.00043191283475607634, 2.689370376174338e-05], "generations": []}