{"source_layer": 30, "target_layer": 33, "sigmas": [9.193422317504883, 6.243374824523926, 5.142003536224365, 5.0889997482299805, 4.766641616821289, 4.43019962310791, 4.239023685455322, 3.97400164604187, 3.791938066482544, 3.6818296909332275, 3.55305552482605, 3.5259368419647217], "kl_divergences": [8.666695794090629e-05, 0.0001605908910278231, 3.444786125328392e-05, 0.000687584572006017, 3.8503309042425826e-05, 0.00020511029288172722, 4.1987521399278194e-05, 0.0003114242572337389, 0.0006080109160393476, 0.0003031375235877931, 0.00046937944716773927, 0.00031100056366994977], "generations": []}