{"source_layer": 30, "target_layer": 31, "sigmas": [6.422628879547119, 3.742659091949463, 3.6055612564086914, 3.421457290649414, 3.120526075363159, 3.0082828998565674, 2.778215169906616, 2.6439146995544434, 2.573739767074585, 2.5010921955108643, 2.433633327484131, 2.295381546020508], "kl_divergences": [0.00013052349095232785, 0.0001086444390239194, 0.00016441910702269524, 0.002502674935385585, 0.0005075003718957305, 0.0012020095018669963, 0.00027846061857417226, 4.129812077735551e-05, 4.6734639909118414e-05, 4.451756103662774e-05, 2.2612319298787042e-05, 5.243129999144003e-05], "generations": []}