{"source_layer": 30, "target_layer": 32, "sigmas": [7.842406272888184, 4.966899394989014, 4.749403953552246, 4.410540580749512, 4.119396686553955, 3.8830723762512207, 3.4578216075897217, 3.247150421142578, 3.1772217750549316, 3.0513768196105957, 2.9819560050964355, 2.9425251483917236], "kl_divergences": [0.00015993302804417908, 0.0002737997565418482, 0.0005012547480873764, 0.00011568623449420556, 3.4179633075837046e-05, 0.00014710752293467522, 4.849722608923912e-05, 2.3618980776518583e-05, 0.00017673632828518748, 0.0024907072074711323, 0.00011457448999863118, 0.0001512407325208187], "generations": []}