{"source_layer": 31, "target_layer": 35, "sigmas": [25.283231735229492, 22.198362350463867, 13.444169998168945, 10.847454071044922, 10.169672966003418, 9.148606300354004, 8.406317710876465, 7.8701934814453125, 7.465950012207031, 6.9290771484375, 6.4396209716796875, 6.315162658691406], "kl_divergences": [0.0009283259860239923, 0.0009648206178098917, 1.611150764802005e-05, 1.7274438505410217e-05, 2.897034391935449e-05, 2.035664874711074e-05, 3.913092223228887e-05, 3.792133793467656e-05, 7.490836287615821e-05, 0.00010701984137995169, 3.2460531656397507e-05, 1.081944446923444e-05], "generations": []}