{"source_layer": 31, "target_layer": 33, "sigmas": [8.306933403015137, 5.389364242553711, 5.051345348358154, 4.200446128845215, 4.145695686340332, 3.996821880340576, 3.478219747543335, 3.242117404937744, 3.1751699447631836, 3.055009126663208, 2.9602317810058594, 2.855483293533325], "kl_divergences": [7.586219726363197e-05, 9.408476034877822e-05, 2.0806786778848618e-05, 0.00023369105474557728, 5.8232082665199414e-05, 0.00018847108003683388, 0.00019852217519655824, 6.228768324945122e-05, 2.5562556402292103e-05, 4.5179793232819065e-05, 4.319924846640788e-05, 2.4271383153973147e-05], "generations": []}