{"source_layer": 31, "target_layer": 32, "sigmas": [5.74807071685791, 4.193150043487549, 3.799376964569092, 3.5007870197296143, 3.160889148712158, 3.0262393951416016, 2.9455697536468506, 2.7078680992126465, 2.50881290435791, 2.495793342590332, 2.44895339012146, 2.3334786891937256], "kl_divergences": [5.359202259569429e-05, 5.043499550083652e-05, 0.00040056020952761173, 3.126640513073653e-05, 1.8135038772015832e-05, 4.9221940571442246e-05, 3.9676353480899706e-05, 4.2438547097845e-05, 0.0002804752148222178, 4.9966591177508235e-05, 3.357371315360069e-05, 1.3787219359073788e-05], "generations": []}