{"source_layer": 31, "target_layer": 34, "sigmas": [18.110788345336914, 9.403759956359863, 7.697871685028076, 6.759294509887695, 6.4410400390625, 6.158407688140869, 5.633410930633545, 4.986679553985596, 4.8996405601501465, 4.723287105560303, 4.554086685180664, 4.393459320068359], "kl_divergences": [5.664481795975007e-05, 5.650517050526105e-05, 0.00011241988249821588, 4.395355063024908e-05, 0.00017496180953457952, 1.3898160432290751e-05, 6.519914313685149e-05, 1.801976941351313e-05, 0.000160747513291426, 6.795040098950267e-05, 3.6763896787306294e-05, 0.00014254111738409847], "generations": []}