{"source_layer": 32, "target_layer": 35, "sigmas": [24.980140686035156, 21.448198318481445, 13.333501815795898, 10.697731971740723, 9.217423439025879, 8.182546615600586, 7.230329513549805, 7.086919784545898, 6.875326633453369, 6.184624671936035, 6.064527988433838, 5.854765892028809], "kl_divergences": [0.000263644615188241, 0.0015908562345430255, 1.997245999518782e-05, 7.935014582471922e-05, 2.5601171728339978e-05, 0.00016247901658061892, 2.382458478678018e-05, 3.257525168010034e-05, 0.0003279020602349192, 6.922634929651394e-05, 3.923520853277296e-05, 1.3861781553714536e-05], "generations": []}