{"source_layer": 32, "target_layer": 33, "sigmas": [6.914433479309082, 4.674126625061035, 3.6865603923797607, 3.6507513523101807, 3.313120126724243, 3.1886188983917236, 2.805370807647705, 2.6918764114379883, 2.5502994060516357, 2.346066951751709, 2.3021340370178223, 2.294001817703247], "kl_divergences": [6.567501986864954e-05, 1.1171753612870816e-05, 4.0778548282105476e-05, 5.545245221583173e-05, 4.3658234062604606e-05, 4.6157383621903136e-05, 3.8178841350600123e-05, 1.4153168194752652e-05, 5.072768544778228e-05, 3.7135927414055914e-05, 3.7267920561134815e-05, 3.471720265224576e-05], "generations": []}