{"source_layer": 32, "target_layer": 34, "sigmas": [18.49325942993164, 10.101227760314941, 7.230037212371826, 5.888818740844727, 5.692710876464844, 5.452417373657227, 5.192127227783203, 4.720570087432861, 4.275879859924316, 4.154560565948486, 4.003767013549805, 3.848564863204956], "kl_divergences": [6.734890484949574e-05, 6.56917745800456e-06, 3.106161602772772e-05, 8.902813715394586e-05, 3.1631348974769935e-05, 3.416095205466263e-05, 1.787122710084077e-05, 7.409750833176076e-05, 3.17546546284575e-05, 1.8327929865336046e-05, 6.465853948611766e-05, 9.009116183733568e-05], "generations": []}