{"source_layer": 33, "target_layer": 35, "sigmas": [27.464014053344727, 24.69601821899414, 16.36574935913086, 9.664292335510254, 8.654004096984863, 7.986805438995361, 7.095744609832764, 6.735650062561035, 6.573819637298584, 6.070186614990234, 5.735688209533691, 5.54421329498291], "kl_divergences": [6.645203393418342e-05, 0.000955074792727828, 0.0008562960429117084, 1.6166553905350156e-05, 3.287070649093948e-05, 0.00016135320765897632, 7.048387487884611e-06, 4.276954859960824e-05, 5.816757038701326e-06, 4.2247746023349464e-05, 5.827665881952271e-05, 8.786426406004466e-06], "generations": []}