{"source_layer": 33, "target_layer": 34, "sigmas": [20.966291427612305, 16.625823974609375, 6.5926361083984375, 6.10516357421875, 5.21429967880249, 4.582424640655518, 4.532845497131348, 4.255664348602295, 4.155923843383789, 3.9356112480163574, 3.4883453845977783, 3.407569169998169], "kl_divergences": [4.185419311397709e-05, 0.00021949670917820185, 2.778144698822871e-05, 9.894801769405603e-05, 3.616499816416763e-05, 7.777888095006347e-05, 7.86353848525323e-05, 7.408915553241968e-05, 4.56585839856416e-05, 2.8387197744450532e-05, 5.888300438527949e-05, 2.6184614398516715e-05], "generations": []}