{"source_layer": 34, "target_layer": 35, "sigmas": [22.34006690979004, 16.094396591186523, 10.432700157165527, 8.31045150756836, 6.5105390548706055, 5.6108503341674805, 5.042129039764404, 4.238504886627197, 4.032036781311035, 3.74747371673584, 3.701158285140991, 3.6545567512512207], "kl_divergences": [0.002612554933875799, 0.0002844122354872525, 1.3740300346398726e-05, 8.30732096801512e-05, 1.693942249403335e-05, 3.583270881790668e-05, 0.00014343371731229126, 8.785277896095067e-05, 2.4240340280812234e-05, 2.5146919142571278e-05, 5.143350426806137e-05, 9.168381438939832e-06], "generations": []}