{"source_layer": 9, "target_layer": 10, "sigmas": [6.8150858879089355, 6.0243144035339355, 5.016561508178711, 4.793863773345947, 4.623585224151611, 4.292342662811279, 4.155394077301025, 4.083171844482422, 3.95477294921875, 3.873913526535034, 3.73403000831604, 3.6274611949920654], "kl_divergences": [0.3289217948913574, 0.16223430633544922, 0.00024879828561097383, 0.03183060511946678, 0.02519894205033779, 0.0007588416337966919, 0.2961815595626831, 0.08265578746795654, 0.06863906979560852, 0.00040366966277360916, 0.0004960810765624046, 0.01796588860452175], "generations": []}