{"source_layer": 11, "target_layer": 31, "sigmas": [149.24044799804688, 92.3355484008789, 87.78360748291016, 67.2641830444336, 58.403995513916016, 53.64116287231445, 50.522315979003906, 48.225303649902344, 46.70195007324219, 44.48735046386719, 42.9552001953125, 39.4851188659668], "kl_divergences": [12.188958168029785, 3.205373525619507, 0.03804481029510498, 3.674997568130493, 0.7384462952613831, 0.3058716058731079, 0.4665197730064392, 2.0339515209198, 0.1831057071685791, 0.38637807965278625, 0.5901721119880676, 0.6023705005645752], "generations": [{"v": 0, "s": 0, "text": "We are given the word **\"strawberry\"** and asked to find how many times the **letter 'r'** appears in it.\n\n### Step 1: Write down the word\nThe word is:  \n**strawberry**\n\n### Step 2: Count the number of 'r's\nWe'll go through each letter in the word and count how many times the letter **'r'** appears.\n\nLet's write the word again and count the 'r's:\n\n**s t r a w b e r r y**\n\nNow, let's go through each letter one by one:\n\n1. s \u2192 not 'r'\n2. t \u2192 not 'r'\n3. r \u2192 **1**\n4. a \u2192 not 'r'\n5. w \u2192 not 'r'\n6. b \u2192 not 'r'\n7. e \u2192 not 'r'\n8. r \u2192 **2**\n9. r \u2192 **3**\n10. y \u2192 not 'r'\n\nSo, the letter **'r'** appears **3 times**.\n\n### \u2705 Final Answer:\n$$\n\\boxed{3}\n$$"}, {"v": 1, "s": 0, "text": "To find how many times the letter **'r'** appears in the word **'strawberry'**, we'll follow these steps:\n\n---\n\n### Step 1: Write out the word\nThe word is: **strawberry**\n\nLet\u2019s write it out with letters:\n\n**s t r a w b e r r y**\n\nNow, we\u2019ll go through each letter and count the number of times **'r'** appears.\n\n---\n\n### Step 2: Count the 'r's\n\nLet\u2019s go letter by letter:\n\n1. **s** \u2013 not an 'r'\n2. **t** \u2013 not an 'r'\n3. **r** \u2013 **1**\n4. **a** \u2013 not an 'r'\n5. **w** \u2013 not an 'r'\n6. **b** \u2013 not an 'r'\n7. **e** \u2013 not an 'r'\n8. **r** \u2013 **2**\n9. **r** \u2013 **3**\n10. **y** \u2013 not an 'r'\n\n---\n\n### Step 3: Total count\n\nWe found **'r'** appears **3** times.\n\n---\n\n### \u2705 Final Answer:\n**3 times**"}, {"v": 2, "s": 0, "text": "Let's look at the word **\"strawberry\"** and count how many times the letter **'r'** appears.\n\nStep by step:\n\n- **s**  \n- **t**  \n- **r** \u2705 (1st 'r')  \n- **a**  \n- **w**  \n- **b**  \n- **e**  \n- **r** \u2705 (2nd 'r')  \n- **r** \u2705 (3rd 'r')  \n- **y**\n\nSo, the letter **'r'** appears **3 times** in the word **\"strawberry\"**.\n\n**Answer: 3**"}, {"v": 3, "s": 0, "text": "To determine how many times the letter **'r'** appears in the word **'strawberry'**, follow these steps:\n\n1. **Write down the word**:  \n   **strawberry**\n\n2. **Identify the letter we are looking for**:  \n   We are looking for the letter **'r'**.\n\n3. **Count the occurrences of 'r' in the word**:\n\n   - **s**  \n   - **t**  \n   - **r**  \n   - **a**  \n   - **w**  \n   - **b**  \n   - **e**  \n   - **r**  \n   - **r**  \n   - **y**\n\n   The letter **'r'** appears in positions 3, 7, and 8.\n\n4. **Count the total occurrences**:  \n   The letter **'r'** appears **3 times**.\n\n### \u2705 Final Answer:\n**3**"}, {"v": 4, "s": 0, "text": "Let's count the letter 'r' in the word **'strawberry'** step by step:\n\n1. Write down the word: **s t r a w b e r r y**\n2. Look at each letter one by one:\n   - s\n   - t\n   - **r** (1st 'r')\n   - a\n   - w\n   - b\n   - e\n   - **r** (2nd 'r')\n   - **r** (3rd 'r')\n   - y\n\nSo, the letter **'r'** appears **3 times** in the word **'strawberry'**."}, {"v": 5, "s": 0, "text": "Let's count the number of times the letter **'r'** appears in the word **\"strawberry\"**:\n\n1. Write out the word: **s t r a w b e r r y**\n2. Look for the letter **'r'**:\n   - The **3rd letter** is **'r'**\n   - The **7th letter** is **'r'**\n   - The **8th letter** is **'r'**\n\nSo, the letter **'r'** appears **3 times** in the word **\"strawberry\"**."}, {"v": 6, "s": 0, "text": "Let's count the letter **'r'** in the word **\"strawberry\"** step by step:\n\n1. Write the word down: **strawberry**\n2. Look at each letter one by one:\n   - **s**\n   - **t**\n   - **r** \u2190 This is an **'r'**!\n   - **a**\n   - **w**\n   - **b**\n   - **e**\n   - **r** \u2190 This is another **'r'**!\n   - **r** \u2190 This is a third **'r'**!\n\nSo, we found **3** letters **'r'** in the word **\"strawberry\"**.\n\n\u2705 **Answer: 3 times**."}, {"v": 7, "s": 0, "text": "To find out how many times the letter **'r'** appears in the word **'strawberry'**, let's break it down step by step:\n\n1. **Write out the word**: **strawberry**\n2. **Look at each letter**:\n   - s\n   - t\n   - r\n   - a\n   - w\n   - b\n   - e\n   - r\n   - r\n3. **Count the number of times 'r' appears**:\n   - The letter **'r'** appears at positions 3, 7, and 8.\n\nSo, the letter **'r'** appears **3 times** in the word **'strawberry'**.\n\n**Answer: 3** \u2705"}, {"v": 8, "s": 0, "text": "Let's count the occurrences of the letter **'r'** in the word **'strawberry'**:\n\n1. **s**  \n2. **t**  \n3. **r** \u2705  \n4. **a**  \n5. **w**  \n6. **b**  \n7. **e**  \n8. **r** \u2705  \n9. **r** \u2705  \n10. **y**\n\nSo, the letter **'r'** appears **3 times** in the word **'strawberry'**."}, {"v": 9, "s": 0, "text": "Let's analyze the word **\"strawberry\"** step by step to determine how many times the letter **'r'** appears.\n\n### Step 1: Write the word out\nThe word is: **strawberry**\n\n### Step 2: Break it into individual letters\nLet's write out each letter in the word:\n\n- s\n- t\n- r\n- a\n- w\n- b\n- e\n- r\n- r\n- y\n\nSo the letters are: **s, t, r, a, w, b, e, r, r, y**\n\n### Step 3: Count the number of times the letter 'r' appears\n\nLooking at the list, we see:\n- The letter **'r'** appears **three times**.\n\n### \u2705 Final Answer:\n**3 times**."}, {"v": 10, "s": 0, "text": "Let's break this down step by step to find out how many times the letter **'r'** appears in the word **'strawberry'**.\n\n---\n\n### Step 1: Write out the word\nThe word is: **strawberry**\n\n---\n\n### Step 2: Spell it out letter by letter\nLet's write down each letter in order:\n\n- s\n- t\n- r\n- a\n- w\n- b\n- e\n- r\n- r\n- y\n\nSo the word is spelled: **s t r a w b e r r y**\n\n---\n\n### Step 3: Count the letter 'r'\n\nNow, let's look at each letter and count how many times **'r'** appears:\n\n- 1st letter: **s** \u2192 not 'r'\n- 2nd letter: **t** \u2192 not 'r'\n- 3rd letter: **r** \u2192 1\n- 4th letter: **a** \u2192 not 'r'\n- 5th letter: **w** \u2192 not 'r'\n- 6th letter: **b** \u2192 not 'r'\n- 7th letter: **e** \u2192 not 'r'\n- 8th letter: **r** \u2192 2\n- 9th letter: **r** \u2192 3\n- 10th letter: **y** \u2192 not 'r'\n\n---\n\n### Step 4: Final"}, {"v": 11, "s": 0, "text": "Let's count the number of times the letter **'r'** appears in the word **'strawberry'**.\n\n1. First, write out the word: **s t r a w b e r r y**\n2. Now, go through each letter and count the **'r'**s:\n   - s \u2192 not 'r'\n   - t \u2192 not 'r'\n   - **r** \u2192 1\n   - a \u2192 not 'r'\n   - w \u2192 not 'r'\n   - b \u2192 not 'r'\n   - e \u2192 not 'r'\n   - **r** \u2192 2\n   - **r** \u2192 3\n   - y \u2192 not 'r'\n\nSo, the letter **'r'** appears **3 times** in the word **'strawberry'**.\n\n\u2705 **Answer: 3**"}, {"v": 0, "s": 1, "text": "We are asked to find how many times the letter **'r'** appears in the word **'strawberry'**.\n\n---\n\n### Step 1: Write down the word\nThe word is:  \n**strawberry**\n\n---\n\n### Step 2: Count the occurrences of 'r'\n\nLet's go through the word letter by letter and count the number of times the letter **'r'** appears:\n\n**s** **t** **r** **a** **w** **b** **e** **r** **r** **y**\n\nNow, let's count the **'r'**s:\n\n- 1st 'r' appears at position 3\n- 2nd 'r' appears at position 8\n- 3rd 'r' appears at position 9\n\nSo, the letter **'r'** appears **3 times**.\n\n---\n\n### \u2705 Final Answer:\n$$\n\\boxed{3}\n$$"}, {"v": 1, "s": 1,