{"source_layer": 13, "target_layer": 14, "sigmas": [5.873908519744873, 5.343978404998779, 4.803586959838867, 4.694659233093262, 4.562008857727051, 4.347521781921387, 4.065194129943848, 3.936169385910034, 3.8269600868225098, 3.761052131652832, 3.6323940753936768, 3.585707426071167], "kl_divergences": [0.15610431134700775, 0.09319037944078445, 0.0013304329477250576, 0.00344798038713634, 0.01633307710289955, 0.019615765661001205, 0.019271979108452797, 0.05234411358833313, 0.006579949054867029, 0.0018555911956354976, 0.3641776442527771, 0.03385806456208229], "generations": []}