{"source_layer": 17, "target_layer": 23, "sigmas": [24.31242561340332, 19.160816192626953, 17.03717041015625, 15.897706031799316, 14.232372283935547, 13.41714859008789, 13.026556968688965, 12.665395736694336, 12.283693313598633, 11.976404190063477, 11.599989891052246, 11.054397583007812], "kl_divergences": [4.340296745300293, 1.4187959432601929, 3.2978575229644775, 3.296213150024414, 0.9349283576011658, 3.285446882247925, 3.3471808433532715, 0.2521454989910126, 3.2815520763397217, 0.029322443529963493, 0.028912493959069252, 3.287989854812622], "generations": [{"v": 0, "s": 0, "text": "To determine how many times the letter **'r'** appears in the word **'strawberry'**, we will:\n\n1. Write down the word:  \n   **strawberry**\n\n2. Count the occurrences of the letter **'r'**.\n\n---\n\n### Step 1: Break the word into letters\n\nLet's write out the word and separate each letter:\n\n**s t r a w b e r r y**\n\nNow let's count the number of **'r'**s.\n\n---\n\n### Step 2: Identify and count each 'r'\n\nLet's go through the letters one by one and count the number of **'r'**s:\n\n1. **s** \u2192 not 'r'  \n2. **t** \u2192 not 'r'  \n3. **r** \u2192 1st 'r' \u2705  \n4. **a** \u2192 not 'r'  \n5. **w** \u2192 not 'r'  \n6. **b** \u2192 not 'r'  \n7. **e** \u2192 not 'r'  \n8. **r** \u2192 2nd 'r' \u2705  \n9. **r** \u2192 3rd 'r' \u2705  \n10. **y** \u2192 not 'r'\n\nSo we have **3** 'r's.\n\n---\n\n### Final Answer:\n\nThe letter **'r'** appears **3 times** in the word **'strawberry'**.\n\n\u2705 **Answer"}, {"v": 1, "s": 0, "text": "To find how many times the letter **'r'** appears in the word **'strawberry'**, let's go through the process step by step.\n\n---\n\n### Step 1: Write out the word\nThe word is: **strawberry**\n\nLet\u2019s write it out with each letter:\n\n**s, t, r, a, w, b, e, r, r, y**\n\n---\n\n### Step 2: Count the letter 'r'\n\nNow, go through each letter and count how many times **'r'** appears:\n\n- s \u2192 not 'r'\n- t \u2192 not 'r'\n- **r** \u2192 1\n- a \u2192 not 'r'\n- w \u2192 not 'r'\n- b \u2192 not 'r'\n- e \u2192 not 'r'\n- **r** \u2192 2\n- **r** \u2192 3\n- y \u2192 not 'r'\n\n---\n\n### Step 3: Total count\nWe found **'r'** appears **3 times**.\n\n---\n\n### \u2705 Final Answer:\n**3 times**\n\nLet me know if you'd like help with similar problems!"}, {"v": 2, "s": 0, "text": "To find how many times the letter **'r'** appears in the word **\"strawberry\"**, we can follow these steps:\n\n---\n\n### **Step 1: Write down the word**\nWe start by writing out the word:\n\n**strawberry**\n\n---\n\n### **Step 2: Look at each letter one by one**\nNow, we'll go through each letter in the word and check if it's an **'r'**.\n\n- **s**\n- **t**\n- **r** \u2705\n- **a**\n- **w**\n- **b**\n- **e**\n- **r** \u2705\n- **r** \u2705\n- **y**\n\n---\n\n### **Step 3: Count the occurrences**\nWe can count the number of times we found the letter **'r'**:\n\n- 1st **'r'**\n- 2nd **'r'**\n- 3rd **'r'**\n\nThat's a total of **3** times.\n\n---\n\n### \u2705 Final Answer:\n**3**\n\nSo, the letter **'r'** appears **3 times** in the word **\"strawberry\"**."}, {"v": 3, "s": 0, "text": "To find how many times the letter 'r' appears in the word **'strawberry'**, we can count each occurrence:\n\n1. Start from the beginning of the word: **s, t, r, a, w, b, e, r, r, y**\n2. Look for the letter **'r'** in the sequence.\n\nWe see **'r'** appears **3 times**.\n\n**Answer: 3**"}, {"v": 4, "s": 0, "text": "Let's break it down:\n\nThe word is **strawberry**.\n\nFirst, let's write out the letters:\n\n**s, t, r, a, w, b, e, r, r, y**\n\nNow, let's count how many times the letter **'r'** appears:\n\n- The letter **'r'** appears **3 times**.\n\n### \u2705 Final Answer: **3**"}, {"v": 5, "s": 0, "text": "To find how many times the letter **'r'** appears in the word **'strawberry'**, let's look at each letter one by one:\n\n- s\n- t\n- r\n- a\n- w\n- b\n- e\n- r\n- r\n- y\n\nNow, count the number of **'r'** letters:\n\n1. The first **'r'** is at position 3.\n2. The second **'r'** is at position 8.\n3. The third **'r'** is at position 9.\n\nSo, the letter **'r'** appears **3 times** in the word **'strawberry'**.\n\n**Answer: 3**"}, {"v": 6, "s": 0, "text": "To determine how many times the letter 'r' appears in the word \"strawberry,\" we can follow these steps:\n\n1. **Write down the word**: strawberry\n2. **Break it into individual letters**: s, t, r, a, w, b, e, r, r, y\n3. **Count the occurrences of 'r'**:\n   - The letter 'r' appears at positions 3, 8, and 9.\n\nSo, the letter 'r' appears **3 times** in the word \"strawberry.\""}, {"v": 7, "s": 0, "text": "Let's count the number of times the letter **'r'** appears in the word **\"strawberry\"**.\n\n### Step-by-step:\nThe word is: **s - t - r - a - w - b - e - r - r - y**\n\nNow, let's look for the letter **'r'**:\n\n1. The **3rd letter** is **'r'** \u2705  \n2. The **7th letter** is **'r'** \u2705  \n3. The **8th letter** is **'r'** \u2705\n\n### Total:\nThere are **3** instances of the letter **'r'** in the word **\"strawberry\"**.\n\n### \u2705 Final Answer:\n**3**"}, {"v": 8, "s": 0, "text": "To determine how many times the letter **'r'** appears in the word **'strawberry'**, follow these steps:\n\n1. Write down the word: **strawberry**.\n2. Look at each letter one by one:\n   - s\n   - t\n   - r\n   - a\n   - w\n   - b\n   - e\n   - r\n   - r\n3. Count how many times the letter **'r'** appears.\n\nThere are **3** instances of the letter **'r'** in the word **'strawberry'**.\n\n### Final Answer: **3**"}, {"v": 9, "s": 0, "text": "Let's break it down step by step:\n\n1. Write out the word: **strawberry**\n2. Go through each letter one by one:\n   - s\n   - t\n   - r\n   - a\n   - w\n   - b\n   - e\n   - r\n   - r\n   - y\n\n3. Count the number of times the letter **'r'** appears:\n   - 1st 'r' at position 3\n   - 2nd 'r' at position 7\n   - 3rd 'r' at position 8\n\nSo, the letter **'r'** appears **3 times** in the word **'strawberry'**."}, {"v": 10, "s": 0, "text": "Let's count the letter **'r'** in the word **'strawberry'** step by step:\n\n1. **s**  \n2. **t**  \n3. **r** \u2013 **1st 'r'**  \n4. **a**  \n5. **w**  \n6. **b**  \n7. **e**  \n8. **r** \u2013 **2nd 'r'**  \n9. **r** \u2013 **3rd 'r'**\n\nSo, the letter **'r'** appears **3 times** in the word **'strawberry'**."}, {"v": 11, "s": 0, "text": "To find how many times the letter **'r'** appears in the word **'strawberry'**, follow these steps:\n\n1. **Write out the word**: strawberry\n2. **Go through each letter one by one** and count how many times **'r'** appears.\n\nLet's break it down:\n\n- s\n- t\n- r\n- a\n- w\n- b\n- e\n- r\n- r\n- y\n\nNow, count the number of **'r'** letters:\n\n- The letter **'r'** appears **3 times**.\n\n### \u2705 Answer: The letter **'r'** appears **3 times** in the word **'strawberry'**."}, {"v": 0, "s": 1, "text": "To determine how many times the letter **'r'** appears in the word **'strawberry'**, we will follow these steps:\n\n---\n\n### **Step 1: Write the word and count letters**\n\nLet\u2019s first write the word:\n\n**strawberry**\n\nNow, we will go through each letter in the word and count how many times **'r'** appears.\n\n---\n\n### **Step 2: Break the word into individual letters**\n\nLet\u2019s break down the word **strawberry** letter by letter:\n\n**s, t, r, a, w, b, e, r, r, y**\n\nNow, let\u2019s list them one by one and count the number of **'r'**s.\n\n---\n\n### **Step 3: Count the occurrences of 'r'**\n\nLet\u2019s go through the letters:\n\n1. s \u2192 not r  \n2. t \u2192 not r  \n3. **r** \u2192 count = 1  \n4. a \u2192 not r  \n5. w \u2192 not r  \n6. b \u2192 not r  \n7. e \u2192 not r  \n8. **r** \u2192 count = 2  \n9. **r** \u2192 count = 3  \n10. y \u2192 not r\n\nSo, we have **3** occurrences of the letter **'r'** in **strawberry**.\n\n---\n\n### \u2705 Final Answer:\n\n$$\n\\boxed{3}\n$$\n\nThe letter **'r'**"}, {"v": 1, "s": 1,