{"source_layer": 17, "target_layer": 35, "sigmas": [225.71633911132812, 134.75802612304688, 116.52070617675781, 93.39836883544922, 85.92079162597656, 81.57240295410156, 70.75408935546875, 67.8148422241211, 63.738914489746094, 61.927921295166016, 54.24764633178711, 48.47821807861328], "kl_divergences": [0.016563985496759415, 3.300530195236206, 0.03804485872387886, 13.63564682006836, 0.6728071570396423, 18.963665008544922, 15.323745727539062, 13.382696151733398, 0.026934385299682617, 0.7899553775787354, 1.5489221811294556, 2.7740375995635986], "generations": [{"v": 0, "s": 0, "text": "Let's count the number of times the letter **'r'** appears in the word **\"strawberry\"**.\n\nFirst, write out the word and examine each letter:\n\n**s - t - r - a - w - b - e - r - r - y**\n\nNow, count the **'r'**s:\n\n1. **r**  \n2. **r**  \n3. **r**\n\nSo, the letter **'r'** appears **3 times**.\n\n**Answer: 3** \u2705"}, {"v": 1, "s": 0, "text": "To determine how many times the letter **'r'** appears in the word **'strawberry'**, we will follow a step-by-step process:\n\n---\n\n### **Step 1: Write down the word**\nWe are given the word:\n\n$$\n\\text{strawberry}\n$$\n\n---\n\n### **Step 2: Count the occurrences of the letter 'r'**\n\nWe will go through each letter in the word and count how many times the letter **'r'** appears.\n\nLet's list out the letters one by one and look for **'r'**:\n\n$$\n\\text{strawberry} = s,\\ t,\\ r,\\ a,\\ w,\\ b,\\ e,\\ r,\\ r,\\ y\n$$\n\nNow, let's go through each character and count the number of times **'r'** appears:\n\n1. **s** \u2192 Not 'r'\n2. **t** \u2192 Not 'r'\n3. **r** \u2192 Count = 1\n4. **a** \u2192 Not 'r'\n5. **w** \u2192 Not 'r'\n6. **b** \u2192 Not 'r'\n7. **e** \u2192 Not 'r'\n8. **r** \u2192 Count = 2\n9. **r** \u2192 Count = 3\n10. **y** \u2192 Not 'r'\n\n---\n\n### **Step 3: Final count**\n\nFrom the above, we see that the letter **'r'**"}, {"v": 2, "s": 0, "text": "Let's count the letter **'r'** in the word **\"strawberry\"**.\n\nBreak down the word letter by letter:\n\n**s - t - r - a - w - b - e - r - r - y**\n\nNow, let's count the **'r'**s:\n\n1. 1st letter: **s** \u2192 not 'r'  \n2. 2nd letter: **t** \u2192 not 'r'  \n3. 3rd letter: **r** \u2192 **1**  \n4. 4th letter: **a** \u2192 not 'r'  \n5. 5th letter: **w** \u2192 not 'r'  \n6. 6th letter: **b** \u2192 not 'r'  \n7. 7th letter: **e** \u2192 not 'r'  \n8. 8th letter: **r** \u2192 **2**  \n9. 9th letter: **r** \u2192 **3**  \n10. 10th letter: **y** \u2192 not 'r'\n\nSo, the letter **'r'** appears **3 times**.\n\n\u2705 **Answer: 3** times."}, {"v": 3, "s": 0, "text": "The letter 'r' appears **2** times in the word \"strawberry\"."}, {"v": 4, "s": 0, "text": "To find how many times the letter **'r'** appears in the word **\"strawberry\"**, follow these steps:\n\n1. Write down the word: **strawberry**\n2. Count the number of times the letter **'r'** appears.\n\nLet's go through the word:\n\n- **s**  \n- **t**  \n- **r**  \n- **a**  \n- **w**  \n- **b**  \n- **e**  \n- **r**  \n- **r**  \n- **y**\n\nNow count the **'r'**s:\n\n- 1st **'r'**\n- 2nd **'r'**\n- 3rd **'r'**\n\nSo, the letter **'r'** appears **3 times**.\n\n**Answer: 3**"}, {"v": 5, "s": 0, "text": "Step 1: Write out the word: **strawberry**\n\nStep 2: Count the number of times the letter **'r'** appears.\n\n- **s**  \n- **t**  \n- **r**  \n- **a**  \n- **w**  \n- **b**  \n- **e**  \n- **r**  \n- **r**  \n- **y**\n\nThere are **3** 'r's.\n\n**Answer: 3**"}, {"v": 6, "s": 0, "text": "First, let's write out the word: **strawberry**.\n\nNow, let's count how many times the letter **'r'** appears.\n\nThe word **strawberry** has the letters: **s, t, r, a, w, b, e, r, r, y**.\n\nLooking at those letters, we can see that **'r'** appears **3 times**.\n\nSo, the answer is: **3**."}, {"v": 7, "s": 0, "text": "The word **\"strawberry\"** contains the letter **'r'**.\n\nLet's break down the word:\n\n**strawberry** = **s**, **t**, **r**, **a**, **w**, **b**, **e**, **r**, **r**, **y**\n\nNow, count the number of **'r'** letters:\n\n- The **'r'** appears at positions 3, 8, and 9.\n\nSo, the letter **'r'** appears **3 times** in the word **\"strawberry\"**.\n\n### \u2705 Final Answer: **3**"}, {"v": 8, "s": 0, "text": "Let's count how many times the letter **'r'** appears in the word **'strawberry'**.\n\nWe'll go through the word letter by letter:\n\n**s - t - r - a - w - b - e - r - r - y**\n\nNow, let's count the **'r'**s:\n\n1. **r** (position 3)\n2. **r** (position 8)\n3. **r** (position 9)\n\nSo, the letter **'r'** appears **3 times** in the word **'strawberry'**.\n\n\u2705 **Answer: 3 times**."}, {"v": 9, "s": 0, "text": "Let's break this down carefully.\n\n### Step 1: Understand the question\nYou're asking:\n\n> **How many times does the letter 'r' appear in the word 'strawberry'?**\n\nThis is a **case-sensitive** question, meaning it's asking specifically for the **letter 'r'** (not 'R').\n\n---\n\n### Step 2: Write the word and analyze it\n\n**Word:** `strawberry`\n\nLet's write the word and examine each letter:\n\n```\ns t r a w b e r r y\n```\n\nNow, we'll list all the letters and count how many times the letter **'r'** appears (case-sensitive).\n\n---\n\n### Step 3: Count the 'r's\n\nLet's go letter by letter:\n\n| Position | Letter | Is it 'r'? |\n|----------|--------|------------|\n| 1        | s      | \u274c         |\n| 2        | t      | \u274c         |\n| 3        | r      | \u2705         |\n| 4        | a      | \u274c         |\n| 5        | w      | \u274c         |\n| 6        | b      | \u274c         |\n| 7        | e      | \u274c         |\n| 8        | r      | \u2705         |\n| 9        | r      | \u2705         |\n| 10       | y      | \u274c         |\n\n---\n\n###"}, {"v": 10, "s": 0, "text": "Let's break it down step by step:\n\n1. Write out the word: **strawberry**\n2. Look at each letter one by one:\n   - s\n   - t\n   - r\n   - a\n   - w\n   - b\n   - e\n   - r\n   - r\n3. Count how many times the letter **'r'** appears:\n   - First 'r' is at position 3\n   - Second 'r' is at position 7\n   - Third 'r' is at position 8\n\nSo, the letter **'r'** appears **3 times** in the word **'strawberry'**."}, {"v": 11, "s": 0, "text": "To determine how many times the letter 'r' appears in the word **'strawberry'**, let's break it down step by step:\n\n1. Write out the word: **strawberry**\n2. Examine each letter one by one:\n   - s\n   - t\n   - r\n   - a\n   - w\n   - b\n   - e\n   - r\n   - r\n3. Count the occurrences of the letter **'r'**:\n   - The letter 'r' appears **3 times**.\n\n**Answer: 3**"}, {"v": 0, "s": 1, "text": "Let's count the number of times the letter **'r'** appears in the word **\"strawberry\"**.\n\nFirst, write out the word and check each letter:\n\n**s - t - r - a - w - b - e - r - r - y**\n\nNow, count the **'r'**s:\n\n1. **r**  \n2. **r**  \n3. **r**\n\nSo, the letter **'r'** appears **3 times**.\n\n**Answer: 3** \u2705"}, {"v": 1, "s": 1,