{"source_layer": 18, "target_layer": 29, "sigmas": [67.20262145996094, 46.6931037902832, 44.13642501831055, 36.600215911865234, 35.172977447509766, 33.30308151245117, 30.710905075073242, 28.345746994018555, 27.973512649536133, 25.554372787475586, 24.312883377075195, 22.548368453979492], "kl_divergences": [3.2799882888793945, 13.150620460510254, 0.20313890278339386, 14.40760326385498, 0.03785936161875725, 0.03804484382271767, 14.782378196716309, 0.011443858966231346, 3.2880289554595947, 3.2873713970184326, 0.0005989677738398314, 0.03801296278834343], "generations": [{"v": 0, "s": 0, "text": "To find out how many times the letter **'r'** appears in the word **'strawberry'**, we can follow these steps:\n\n### Step 1: Write down the word\nWe start by writing the word clearly:\n\n**strawberry**\n\n### Step 2: Break the word into individual letters\nWe will now list each letter one by one to check for the letter **'r'**:\n\n**s, t, r, a, w, b, e, r, r, y**\n\n### Step 3: Count the occurrences of 'r'\nNow, we go through the list and count how many times the letter **'r'** appears:\n\n- s \u2192 not 'r'\n- t \u2192 not 'r'\n- **r** \u2192 count = 1\n- a \u2192 not 'r'\n- w \u2192 not 'r'\n- b \u2192 not 'r'\n- e \u2192 not 'r'\n- **r** \u2192 count = 2\n- **r** \u2192 count = 3\n- y \u2192 not 'r'\n\n### Step 4: Final count\nAfter going through all the letters, we find that the letter **'r'** appears **3 times**.\n\n---\n\n### \u2705 Final Answer:\n**3**"}, {"v": 1, "s": 0, "text": "The letter **'r'** appears **2 times** in the word **'strawberry'**.\n\nHere's the breakdown:\n\n- **s**\n- **t**\n- **r**\n- **a**\n- **w**\n- **b**\n- **e**\n- **r**\n- **r**\n- **y**\n\nSo, **'r'** appears **2 times** in the word. \u2705"}, {"v": 2, "s": 0, "text": "Let's find out how many times the letter **'r'** appears in the word **'strawberry'**.\n\n### Step 1: Write down the word\n**strawberry**\n\n### Step 2: Break it down into individual letters\n\nLet\u2019s write out the letters one by one:\n\n**s, t, r, a, w, b, e, r, r, y**\n\nNow, let's go through each letter and count how many times **'r'** appears.\n\n### Step 3: Count the occurrences of 'r'\n\n- 1st letter: **s** \u2192 not 'r'\n- 2nd letter: **t** \u2192 not 'r'\n- 3rd letter: **r** \u2192 \u2705 1st 'r'\n- 4th letter: **a** \u2192 not 'r'\n- 5th letter: **w** \u2192 not 'r'\n- 6th letter: **b** \u2192 not 'r'\n- 7th letter: **e** \u2192 not 'r'\n- 8th letter: **r** \u2192 \u2705 2nd 'r'\n- 9th letter: **r** \u2192 \u2705 3rd 'r'\n- 10th letter: **y** \u2192 not 'r'\n\nSo, the 'r's are at positions 3, 8, and 9.\n\n### Step 4: Count them\n\nThat's **3"}, {"v": 3, "s": 0, "text": "Sure! Let's look at the word **\"strawberry\"** and count how many times the letter **'r'** appears.\n\nThe word is spelled: **s - t - r - a - w - b - e - r - r - y**\n\nLet's go through each letter:\n\n1. **s** \u2013 not 'r'\n2. **t** \u2013 not 'r'\n3. **r** \u2013 that's one 'r'\n4. **a** \u2013 not 'r'\n5. **w** \u2013 not 'r'\n6. **b** \u2013 not 'r'\n7. **e** \u2013 not 'r'\n8. **r** \u2013 that's two 'r's\n9. **r** \u2013 that's three 'r's\n10. **y** \u2013 not 'r'\n\nSo, the letter **'r'** appears **3 times** in the word **\"strawberry\"**.\n\n\u2705 **Answer: 3 times**."}, {"v": 4, "s": 0, "text": "Let's count the number of times the letter **'r'** appears in the word **'strawberry'**.\n\n### Step-by-step:\n\nThe word is: **s t r a w b e r r y**\n\nNow, let's count the **'r'**s:\n\n1. **s** \u2013 not 'r'\n2. **t** \u2013 not 'r'\n3. **r** \u2013 1st 'r'\n4. **a** \u2013 not 'r'\n5. **w** \u2013 not 'r'\n6. **b** \u2013 not 'r'\n7. **e** \u2013 not 'r'\n8. **r** \u2013 2nd 'r'\n9. **r** \u2013 3rd 'r'\n10. **y** \u2013 not 'r'\n\n### Total: **3** 'r's\n\n### \u2705 Final Answer: **3**"}, {"v": 5, "s": 0, "text": "Let's count the letter **'r'** in the word **\"strawberry\"**:\n\n- **s**  \n- **t**  \n- **r**  \n- **a**  \n- **w**  \n- **b**  \n- **e**  \n- **r**  \n- **r**  \n- **y**\n\nNow, let's count how many times **'r'** appears:\n\n- 1st: **r**  \n- 2nd: **r**  \n- 3rd: **r**\n\nSo, the letter **'r'** appears **3 times**.\n\n\u2705 **Answer: 3**"}, {"v": 6, "s": 0, "text": "Sure! Let's count the letter 'r' in the word **\"strawberry\"**.\n\nFirst, write out the word and check each letter:\n\n**s - t - r - a - w - b - e - r - r - y**\n\nNow, let's count the 'r's:\n\n1. The third letter is **r**.\n2. The eighth letter is **r**.\n3. The ninth letter is **r**.\n\nSo, the letter **'r'** appears **3 times**.\n\n**Answer: 3**."}, {"v": 7, "s": 0, "text": "Let's count the number of times the letter **'r'** appears in the word **'strawberry'**.\n\n### Step 1: Write the word out\n**strawberry**\n\n### Step 2: Count the 'r's\nLet's go through each letter:\n\n- s\n- t\n- r \u2190 1st 'r'\n- a\n- w\n- b\n- e\n- r \u2190 2nd 'r'\n- r \u2190 3rd 'r'\n\n### \u2705 Total: **3** times\n\n### \u2705 Final Answer: **3**"}, {"v": 8, "s": 0, "text": "To determine how many times the letter **'r'** appears in the word **'strawberry'**, follow these steps:\n\n1. Write down the word: **s - t - r - a - w - b - e - r - r - y**\n2. Count each occurrence of the letter **'r'**:\n   - The first **'r'** is in the third position.\n   - The second **'r'** is in the eighth position.\n   - The third **'r'** is in the ninth position.\n\nSo, the letter **'r'** appears **3 times** in the word **'strawberry'**."}, {"v": 9, "s": 0, "text": "To find how many times the letter **'r'** appears in the word **'strawberry'**, let's look at the letters:\n\n**strawberry** = s, t, r, a, w, b, e, r, r, y\n\nNow count the number of **'r'**s:\n\n- 1st 'r'  \n- 2nd 'r'  \n- 3rd 'r'  \n\nSo, the letter **'r'** appears **3 times**.\n\n**Answer: 3** \u2705"}, {"v": 10, "s": 0, "text": "Let's count the letter **'r'** in the word **\"strawberry\"** step by step:\n\n1. Write out the letters of the word:  \n   **s - t - r - a - w - b - e - r - r - y**\n\n2. Now, let's count how many times **'r'** appears:  \n   - 1st 'r'  \n   - 2nd 'r'  \n   - 3rd 'r'\n\nSo, the letter **'r'** appears **3 times**.\n\n\u2705 **Answer: 3**"}, {"v": 11, "s": 0, "text": "Let's look at the word **\"strawberry\"**.\n\nWe are looking for how many times the letter **'r'** appears.\n\nStep-by-step:\n\n1. Write out the word: **s - t - r - a - w - b - e - r - r - y**\n2. Count the number of times **'r'** appears:  \n   - The **'r'** appears at positions 3, 8, and 9.\n\nSo, the letter **'r'** appears **3 times**.\n\n### \u2705 Final Answer: **3**"}, {"v": 0, "s": 1, "text": "To find out how many times the letter **'r'** appears in the word **'strawberry'**, we can follow these steps:\n\n### Step 1: Write the word\n**strawberry**\n\n### Step 2: Look at each letter one by one\nLet's go through the word letter by letter:\n\n1. **s**\n2. **t**\n3. **r**\n4. **a**\n5. **w**\n6. **b**\n7. **e**\n8. **r**\n9. **r**\n10. **y**\n\n### Step 3: Count the occurrences of 'r'\nNow, we'll count how many times **'r'** appears in the list:\n\n- The first **'r'** is at position 3.\n- The second **'r'** is at position 8.\n- The third **'r'** is at position 9.\n\nSo, we have **3** instances of the letter **'r'**.\n\n### Final Answer:\n$$\n\\boxed{3}\n$$"}, {"v": 1, "s": 1, "text": "The letter **'r'** appears **2 times** in the word **'strawberry'**.\n\nHere's how you can count it:\n\n1. Look at each letter in the word: **s, t, r, a, w, b, e, r, r, y**\n2. Count how many times **'r'** appears: **2 times**\n\n\u2705 **Answer: 2**"}, {"v": 2, "s": 1,