{"source_layer": 19, "target_layer": 22, "sigmas": [13.431706428527832, 9.267733573913574, 8.962179183959961, 8.188654899597168, 7.7080793380737305, 7.441524982452393, 7.381392002105713, 6.9837846755981445, 6.698963642120361, 6.591009140014648, 6.327390193939209, 6.014263153076172], "kl_divergences": [0.02236923761665821, 0.03389556705951691, 0.00021288190328050405, 0.45323002338409424, 10.767436027526855, 4.060612201690674, 0.016654102131724358, 0.06989312171936035, 2.314723491668701, 0.06641333550214767, 3.2847776412963867, 0.00418868800625205], "generations": [{"v": 0, "s": 0, "text": "Let's count the letter **'r'** in the word **'strawberry'**.\n\n### Step 1: Write the word and break it down\n**strawberry**  \nBreak it into individual letters:  \n**s, t, r, a, w, b, e, r, r, y**\n\n### Step 2: Count the letter 'r'\nLooking at the letters:  \n- 1st letter: **s**  \n- 2nd letter: **t**  \n- 3rd letter: **r** \u2705  \n- 4th letter: **a**  \n- 5th letter: **w**  \n- 6th letter: **b**  \n- 7th letter: **e**  \n- 8th letter: **r** \u2705  \n- 9th letter: **r** \u2705  \n- 10th letter: **y**\n\n### Step 3: Total count\nThere are **3** instances of the letter **'r'**.\n\n### \u2705 Final Answer:\n**3** times."}, {"v": 1, "s": 0, "text": "Let's count the number of times the letter **'r'** appears in the word **'strawberry'**.\n\n### Step 1: Write out the word and identify each letter:\n**s - t - r - a - w - b - e - r - r - y**\n\n### Step 2: Look for the letter 'r':\n- 1st letter: **s** \u2192 not 'r'\n- 2nd letter: **t** \u2192 not 'r'\n- 3rd letter: **r** \u2192 count = 1\n- 4th letter: **a** \u2192 not 'r'\n- 5th letter: **w** \u2192 not 'r'\n- 6th letter: **b** \u2192 not 'r'\n- 7th letter: **e** \u2192 not 'r'\n- 8th letter: **r** \u2192 count = 2\n- 9th letter: **r** \u2192 count = 3\n- 10th letter: **y** \u2192 not 'r'\n\n### Final count:\nThere are **3** instances of the letter **'r'** in **'strawberry'**.\n\n\u2705 **Answer: 3**"}, {"v": 2, "s": 0, "text": "Let's count the occurrences of the letter **'r'** in the word **\"strawberry\"**.\n\n1. **s**  \n2. **t**  \n3. **r**  \n4. **a**  \n5. **w**  \n6. **b**  \n7. **e**  \n8. **r**  \n9. **r**  \n10. **y**\n\nNow, let's count how many times **'r'** appears:\n\n- Position 3: **r**\n- Position 8: **r**\n- Position 9: **r**\n\nSo, the letter **'r'** appears **3 times** in the word **\"strawberry\"**.\n\n### \u2705 Final Answer: **3**"}, {"v": 3, "s": 0, "text": "Let's count how many times the letter **'r'** appears in the word **'strawberry'**.\n\n### Step 1: Write out the word\n**strawberry**\n\n### Step 2: Look for the letter 'r'\nLet's go through each letter:\n\n- s  \n- t  \n- r  \n- a  \n- w  \n- b  \n- e  \n- r  \n- r  \n- y\n\n### Step 3: Count the 'r's\nWe can see that the letter **'r'** appears at positions 3, 8, and 9.\n\nSo, the letter **'r'** appears **3 times**.\n\n### \u2705 Final Answer:\n**3 times**"}, {"v": 4, "s": 0, "text": "The word **\"strawberry\"** contains the letter **'r'** **twice**.\n\nHere's the breakdown:\n\n- **s**  \n- **t**  \n- **r**  \n- **a**  \n- **w**  \n- **b**  \n- **e**  \n- **r**  \n- **r**  \n- **y**\n\nSo, the letter **'r'** appears **2 times** in the word **\"strawberry\"**."}, {"v": 5, "s": 0, "text": "Let's look at the word **\"strawberry\"** and count how many times the letter **'r'** appears.\n\n**Step-by-step:**\n\n1. Write out the word: **s - t - r - a - w - b - e - r - r - y**\n2. Identify the letter **'r'** in the word:\n   - The third letter is **'r'**\n   - The eighth letter is **'r'**\n   - The ninth letter is **'r'**\n3. Count the number of **'r'**s: **3**\n\n**Answer:** The letter **'r'** appears **3 times** in the word **\"strawberry\"**."}, {"v": 6, "s": 0, "text": "Let's count the letter **'r'** in the word **'strawberry'** step by step:\n\n1. Write out the word: **s - t - r - a - w - b - e - r - r - y**\n2. Now look for the letter **'r'**:\n   - 1st **'r'** is at position 3\n   - 2nd **'r'** is at position 8\n   - 3rd **'r'** is at position 9\n\nSo, the letter **'r'** appears **3 times**.\n\n**Answer: 3**"}, {"v": 7, "s": 0, "text": "Let's look at the word **\"strawberry\"** and count how many times the letter **'r'** appears.\n\nThe word is: **s t r a w b e r r y**\n\nNow, let's go through it letter by letter:\n\n- s \u2192 not 'r'\n- t \u2192 not 'r'\n- **r** \u2192 1\n- a \u2192 not 'r'\n- w \u2192 not 'r'\n- b \u2192 not 'r'\n- e \u2192 not 'r'\n- **r** \u2192 2\n- **r** \u2192 3\n- y \u2192 not 'r'\n\nSo, the letter **'r'** appears **3 times**.\n\n**Answer: 3** \u2705"}, {"v": 8, "s": 0, "text": "To find how many times the letter **'r'** appears in the word **\"strawberry\"**, let's go through the process step by step.\n\n---\n\n### Step 1: Write the word and analyze it\n\nThe word is:  \n**strawberry**\n\nLet's write it out and break it into individual letters:\n\n**s, t, r, a, w, b, e, r, r, y**\n\nSo the full breakdown is:  \n**s**, **t**, **r**, **a**, **w**, **b**, **e**, **r**, **r**, **y**\n\n---\n\n### Step 2: Count the number of 'r's\n\nNow, we look for the letter **'r'** in the list of letters above.\n\nFrom the breakdown:\n- The **3rd letter** is **'r'**\n- The **8th letter** is **'r'**\n- The **9th letter** is **'r'**\n\nThat\u2019s **three 'r's** in total.\n\n---\n\n### \u2705 Final Answer:\n\n**3 times** the letter 'r' appears in the word \"strawberry\"."}, {"v": 9, "s": 0, "text": "Let's count the number of times the letter **'r'** appears in the word **'strawberry'**.\n\nFirst, write out the word and identify each letter:\n\n**s t r a w b e r r y**\n\nNow, go through each letter and count the **'r'**s:\n\n1. s  \n2. t  \n3. **r**  \n4. a  \n5. w  \n6. b  \n7. e  \n8. **r**  \n9. **r**  \n10. y\n\nThere are **3** instances of the letter **'r'**.\n\n**Answer: 3**"}, {"v": 10, "s": 0, "text": "To determine how many times the letter **'r'** appears in the word **\"strawberry\"**, follow these steps:\n\n1. **Write down the word**:  \n   **s t r a w b e r r y**\n\n2. **Identify the letter 'r'**:  \n   Look through each letter in the word and count how many times **'r'** appears.\n\n   - The letters are: **s, t, r, a, w, b, e, r, r, y**\n\n3. **Count the occurrences of 'r'**:  \n   - The first **'r'** is at position 3.\n   - The second **'r'** is at position 8.\n   - The third **'r'** is at position 9.\n\nSo, the letter **'r'** appears **3 times** in the word **\"strawberry\"**.\n\n**Answer: 3**"}, {"v": 11, "s": 0, "text": "Let's count the number of times the letter **'r'** appears in the word **\"strawberry\"**.\n\n### Step-by-step:\n\n1. Write out the word: **s t r a w b e r r y**\n\n2. Go through each letter and check for **'r'**:\n   - s \u2192 no\n   - t \u2192 no\n   - **r** \u2192 yes (1)\n   - a \u2192 no\n   - w \u2192 no\n   - b \u2192 no\n   - e \u2192 no\n   - **r** \u2192 yes (2)\n   - **r** \u2192 yes (3)\n   - y \u2192 no\n\n### Total: **3** times\n\n\u2705 **Answer: 3**"}, {"v": 0, "s": 1, "text": "Let's count the number of times the letter **'r'** appears in the word **'strawberry'**.\n\n### Step 1: Write out the word and identify the letters\n**strawberry**  \nBreak it down:  \n**s, t, r, a, w, b, e, r, r, y**\n\n### Step 2: Look for the letter 'r'\nNow count how many times **'r'** appears:\n\n- 1st letter: **s** \u2192 not 'r'\n- 2nd letter: **t** \u2192 not 'r'\n- 3rd letter: **r** \u2192 \u2705 1\n- 4th letter: **a** \u2192 not 'r'\n- 5th letter: **w** \u2192 not 'r'\n- 6th letter: **b** \u2192 not 'r'\n- 7th letter: **e** \u2192 not 'r'\n- 8th letter: **r** \u2192 \u2705 2\n- 9th letter: **r** \u2192 \u2705 3\n- 10th letter: **y** \u2192 not 'r'\n\n### Step 3: Final count\nThe letter **'r'** appears **3** times.\n\n### \u2705 Answer: **3** times."}, {"v": 1, "s": 1,