{"source_layer": 23, "target_layer": 25, "sigmas": [8.57479190826416, 6.8481221199035645, 6.534051895141602, 6.173862934112549, 6.013727188110352, 5.827675819396973, 5.345209121704102, 5.141719818115234, 4.972936630249023, 4.697685718536377, 4.5376482009887695, 4.485182762145996], "kl_divergences": [0.024807747453451157, 1.5121494470804464e-05, 0.9699004888534546, 0.09989923238754272, 0.009815840050578117, 0.006636301055550575, 0.3308512568473816, 0.030334347859025, 0.06016203761100769, 0.01604769192636013, 0.006147490814328194, 0.15587294101715088], "generations": [{"v": 0, "s": 0, "text": "Let's count how many times the letter **'r'** appears in the word **'strawberry'**.\n\n1. First, write down the word: **s t r a w b e r r y**\n2. Now, go through each letter one by one and look for **'r'**:\n   - s \u2192 not 'r'\n   - t \u2192 not 'r'\n   - **r** \u2192 count = 1\n   - a \u2192 not 'r'\n   - w \u2192 not 'r'\n   - b \u2192 not 'r'\n   - e \u2192 not 'r'\n   - **r** \u2192 count = 2\n   - **r** \u2192 count = 3\n   - y \u2192 not 'r'\n\nSo, the letter **'r'** appears **3 times** in the word **'strawberry'**.\n\n**Answer: 3** \u2705"}, {"v": 1, "s": 0, "text": "Let's count the number of times the letter **'r'** appears in the word **'strawberry'**.\n\n### Step 1: Write out the word\n**strawberry**\n\n### Step 2: Identify the letters\nLet's break it down letter by letter:\n\n**s, t, r, a, w, b, e, r, r, y**\n\n### Step 3: Count the 'r's\n- 1st 'r' is at position 3\n- 2nd 'r' is at position 8\n- 3rd 'r' is at position 9\n\n### \u2705 Final Answer:\n**3 times**"}, {"v": 2, "s": 0, "text": "Let's count the number of times the letter **'r'** appears in the word **'strawberry'**.\n\n### Step 1: Write the word\n**strawberry**\n\n### Step 2: Look for the letter **'r'**\nLet's go through each letter one by one:\n\n- s\n- t\n- r\n- a\n- w\n- b\n- e\n- r\n- r\n- y\n\n### Step 3: Count the number of **'r'**s\nThere are **3** instances of the letter **'r'** in **'strawberry'**.\n\n### \u2705 Final Answer:\n**3**"}, {"v": 3, "s": 0, "text": "Let's count the number of times the letter **'r'** appears in the word **'strawberry'**.\n\n1. Write out the word: **s t r a w b e r r y**\n2. Now, go through each letter one by one and check for **'r'**:\n   - s \u2192 not 'r'\n   - t \u2192 not 'r'\n   - **r** \u2192 1st 'r'\n   - a \u2192 not 'r'\n   - w \u2192 not 'r'\n   - b \u2192 not 'r'\n   - e \u2192 not 'r'\n   - **r** \u2192 2nd 'r'\n   - **r** \u2192 3rd 'r'\n   - y \u2192 not 'r'\n\nSo, the letter **'r'** appears **3 times**.\n\n**Answer: 3**"}, {"v": 4, "s": 0, "text": "Let's count the letter **'r'** in the word **\"strawberry\"**:\n\n1. Write out the word: **s t r a w b e r r y**\n2. Look for the letter **'r'**:\n   - The third letter is **'r'**\n   - The seventh letter is **'r'**\n   - The eighth letter is **'r'**\n\nSo, the letter **'r'** appears **3 times**.\n\n**Answer: 3** \u2705"}, {"v": 5, "s": 0, "text": "Let's count the number of times the letter **'r'** appears in the word **\"strawberry\"**.\n\n1. Write out the word: **s t r a w b e r r y**\n\n2. Look for the letter **'r'**:\n   - The first **'r'** appears at the 3rd position.\n   - The second **'r'** appears at the 8th position.\n   - The third **'r'** appears at the 9th position.\n\nSo, the letter **'r'** appears **3 times** in the word **\"strawberry\"**.\n\n\u2705 **Answer: 3**"}, {"v": 6, "s": 0, "text": "Let's count the number of times the letter **'r'** appears in the word **\"strawberry\"**.\n\n1. First, write out the word: **s t r a w b e r r y**\n2. Now, look for the letter **'r'**:\n   - The 3rd letter is **'r'**\n   - The 8th letter is **'r'**\n   - The 9th letter is **'r'**\n\nSo, the letter **'r'** appears **3 times** in the word **\"strawberry\"**.\n\n\u2705 **Answer: 3**"}, {"v": 7, "s": 0, "text": "Let's count the number of times the letter **'r'** appears in the word **\"strawberry\"**.\n\nStep-by-step:\n\n1. Write out the word: **s t r a w b e r r y**\n2. Look for the letter **'r'**:\n   - The **third letter** is **r**\n   - The **seventh letter** is **r**\n   - The **eighth letter** is **r**\n\nSo, the letter **'r'** appears **3 times**.\n\n**Answer: 3**"}, {"v": 8, "s": 0, "text": "Let's count how many times the letter **'r'** appears in the word **\"strawberry\"**.\n\nFirst, write out the word and look at each letter:\n\n**s - t - r - a - w - b - e - r - r - y**\n\nNow, count the number of **'r'** letters:\n\n- The first **'r'** is at position 3.\n- The second **'r'** is at position 8.\n- The third **'r'** is at position 9.\n\nSo, the letter **'r'** appears **3 times**.\n\n**Answer: 3** \u2705"}, {"v": 9, "s": 0, "text": "Let's count the number of times the letter **'r'** appears in the word **'strawberry'**.\n\n### Step 1: Write down the word\n**strawberry**\n\n### Step 2: Look at each letter one by one\n\n- s\n- t\n- r\n- a\n- w\n- b\n- e\n- r\n- r\n- y\n\n### Step 3: Count the 'r's\n\n- 1st 'r' \u2192 1\n- 2nd 'r' \u2192 2\n- 3rd 'r' \u2192 3\n\n### \u2705 Final Answer:\n**3 times**"}, {"v": 10, "s": 0, "text": "Let's count how many times the letter **'r'** appears in the word **\"strawberry\"**.\n\n### Step 1: Write the word\n**strawberry**\n\n### Step 2: Look for the letter **'r'**\n\nBreak it down letter by letter:\n\n- s\n- t\n- r\n- a\n- w\n- b\n- e\n- r\n- r\n- y\n\nNow count the number of **'r'**s:\n\n- 1st **'r'** is at position 3\n- 2nd **'r'** is at position 7\n- 3rd **'r'** is at position 8\n\n### \u2705 Final Answer:\n**3 times**"}, {"v": 11, "s": 0, "text": "Let's count the number of times the letter **'r'** appears in the word **\"strawberry\"**.\n\n### Step-by-step:\n\n1. Write out the word: **s t r a w b e r r y**\n\n2. Now go through each letter and count how many **'r'**s there are:\n\n   - s \u2192 not 'r'\n   - t \u2192 not 'r'\n   - **r** \u2192 1\n   - a \u2192 not 'r'\n   - w \u2192 not 'r'\n   - b \u2192 not 'r'\n   - e \u2192 not 'r'\n   - **r** \u2192 2\n   - **r** \u2192 3\n   - y \u2192 not 'r'\n\n### Final count: **3**\n\n\u2705 **Answer: 3**"}, {"v": 0, "s": 1, "text": "Let's count how many times the letter **'r'** appears in the word **'strawberry'**.\n\n### Step 1: Write the word\n**strawberry**\n\n### Step 2: Break it into individual letters\ns, t, r, a, w, b, e, r, r, y\n\n### Step 3: Count the occurrences of 'r'\n- 1st **r** (position 3)\n- 2nd **r** (position 8)\n- 3rd **r** (position 9)\n\n### \u2705 Final Answer:\n**3 times**"}, {"v": 1, "s": 1, "text": "Let's find how many times the letter **'r'** appears in the word **'strawberry'**.\n\n### Step 1: Write out the word\n**strawberry**\n\n### Step 2: Look for the letter 'r'\n\nLet's go through each letter one by one:\n\n- s\n- t\n- r\n- a\n- w\n- b\n- e\n- r\n- r\n- y\n\n### Step 3: Count the 'r's\n\nWe see **'r'** appears at positions 3, 8, and 9.\n\n### \u2705 Final Answer:\n**3 times**"}, {"v": 2, "s": 1, "text": "To find how many times the letter **'r'** appears in the word **'strawberry'**, follow these steps:\n\n1. Write down the word: **strawberry**\n2. Break it into individual letters: **s, t, r, a, w, b, e, r, r, y**\n3. Count the occurrences of the letter **'r'**:\n   - First 'r' is at position 3\n   - Second 'r' is at position 8\n   - Third 'r' is at position 9\n\nSo, the letter **'r'** appears **3 times**.\n\n### \u2705 Final Answer: **3**"}, {"v": 3, "s": 1, "text": "Let's count the letter **'r'** in the word **\"strawberry\"**:\n\n1. Write out the word: **s - t - r - a - w - b - e - r - r - y**\n2. Look for the letter **'r'**:\n   - 1st **'r'** is at position 3.\n   - 2nd **'r'** is at position 8.\n   - 3rd **'r'** is at position 9.\n\nSo, the letter **'r'** appears **3 times**.\n\n**Answer: 3**"}, {"v": 4, "s": 1,