{"source_layer": 23, "target_layer": 24, "sigmas": [7.452303409576416, 6.048452377319336, 5.400390625, 5.084167003631592, 4.435981273651123, 4.390883922576904, 4.248426914215088, 4.146854877471924, 3.914102077484131, 3.602618932723999, 3.4151155948638916, 3.242457151412964], "kl_divergences": [0.060129087418317795, 0.003307559760287404, 0.6022131443023682, 1.9010257119589369e-06, 0.15587331354618073, 0.006403001025319099, 1.373899038981108e-07, 0.002162172691896558, 0.01605903171002865, 8.204682671930641e-06, 0.00330838724039495, 0.003307726001366973], "generations": [{"v": 0, "s": 0, "text": "Let's count the letter **'r'** in the word **\"strawberry\"**.\n\n1. Write out the word: **s t r a w b e r r y**\n2. Look for the letter **'r'**:\n   - The third letter is **'r'**\n   - The eighth letter is **'r'**\n   - The ninth letter is **'r'**\n\nSo, the letter **'r'** appears **3 times**.\n\n**Answer: 3** \u2705"}, {"v": 1, "s": 0, "text": "Let's count the number of times the letter **'r'** appears in the word **\"strawberry\"**.\n\nFirst, write out the word and look at each letter:\n\n**s t r a w b e r r y**\n\nNow, go through each letter and count how many **'r'**s there are:\n\n1. **s** \u2013 not 'r'\n2. **t** \u2013 not 'r'\n3. **r** \u2013 **1**\n4. **a** \u2013 not 'r'\n5. **w** \u2013 not 'r'\n6. **b** \u2013 not 'r'\n7. **e** \u2013 not 'r'\n8. **r** \u2013 **2**\n9. **r** \u2013 **3**\n10. **y** \u2013 not 'r'\n\nSo, the letter **'r'** appears **3 times**.\n\n\u2705 **Answer: 3**"}, {"v": 2, "s": 0, "text": "Let's count the occurrences of the letter **'r'** in the word **'strawberry'**.\n\nFirst, write out the word and look at each letter:\n\n**s t r a w b e r r y**\n\nNow, go through each letter and count how many times **'r'** appears:\n\n1. **s** \u2013 not 'r'\n2. **t** \u2013 not 'r'\n3. **r** \u2013 that's **1**\n4. **a** \u2013 not 'r'\n5. **w** \u2013 not 'r'\n6. **b** \u2013 not 'r'\n7. **e** \u2013 not 'r'\n8. **r** \u2013 that's **2**\n9. **r** \u2013 that's **3**\n10. **y** \u2013 not 'r'\n\nSo, the letter **'r'** appears **3 times**.\n\n**Answer: 3**"}, {"v": 3, "s": 0, "text": "Let's count the letter **'r'** in the word **\"strawberry\"** step by step:\n\n1. Write down the word: **s t r a w b e r r y**\n2. Go through each letter one by one:\n   - s \u2192 not r\n   - t \u2192 not r\n   - **r** \u2192 count 1\n   - a \u2192 not r\n   - w \u2192 not r\n   - b \u2192 not r\n   - e \u2192 not r\n   - **r** \u2192 count 2\n   - **r** \u2192 count 3\n   - y \u2192 not r\n\nSo, the letter **'r'** appears **3 times**.\n\n**Answer: 3**"}, {"v": 4, "s": 0, "text": "Let's count the number of times the letter **'r'** appears in the word **'strawberry'**.\n\n1. First, write out the word: **strawberry**\n2. Break it down letter by letter: **s, t, r, a, w, b, e, r, r, y**\n3. Now, look for the letter **'r'**:\n   - The third letter is **'r'**\n   - The eighth letter is **'r'**\n   - The ninth letter is **'r'**\n\nSo, the letter **'r'** appears **3 times**.\n\n**Answer: 3** \u2705"}, {"v": 5, "s": 0, "text": "Let's count the number of times the letter **'r'** appears in the word **\"strawberry\"**.\n\n### Step-by-step:\n\n1. Write down the word: **strawberry**\n2. Break it into individual letters:\n   - s, t, r, a, w, b, e, r, r, y\n3. Now count the number of **'r'** letters:\n   - The letter **'r'** appears **3 times**.\n\n### \u2705 Final Answer:\n**3 times**."}, {"v": 6, "s": 0, "text": "Let's count the number of times the letter **'r'** appears in the word **\"strawberry\"**.\n\n### Step 1: Write out the word\n**strawberry**\n\n### Step 2: Break it into letters\n**s, t, r, a, w, b, e, r, r, y**\n\n### Step 3: Count the 'r's\n- 1st 'r' is at position 3\n- 2nd 'r' is at position 8\n- 3rd 'r' is at position 9\n\n### \u2705 Final Answer:\n**3 times**"}, {"v": 7, "s": 0, "text": "Let's count the number of times the letter **'r'** appears in the word **'strawberry'**.\n\n1. Write out the word: **s t r a w b e r r y**\n2. Go through each letter one by one:\n   - s \u2192 not 'r'\n   - t \u2192 not 'r'\n   - r \u2192 yes, 1\n   - a \u2192 not 'r'\n   - w \u2192 not 'r'\n   - b \u2192 not 'r'\n   - e \u2192 not 'r'\n   - r \u2192 yes, 2\n   - r \u2192 yes, 3\n   - y \u2192 not 'r'\n\nSo, the letter **'r'** appears **3 times**.\n\n**Answer: 3**"}, {"v": 8, "s": 0, "text": "Let's count the number of times the letter **'r'** appears in the word **\"strawberry\"**.\n\n1. Write down the word: **s t r a w b e r r y**\n\n2. Now, go through each letter one by one and count the **'r'**s:\n\n   - s \u2192 not 'r'\n   - t \u2192 not 'r'\n   - **r** \u2192 count = 1\n   - a \u2192 not 'r'\n   - w \u2192 not 'r'\n   - b \u2192 not 'r'\n   - e \u2192 not 'r'\n   - **r** \u2192 count = 2\n   - **r** \u2192 count = 3\n   - y \u2192 not 'r'\n\nSo, the letter **'r'** appears **3 times** in the word **\"strawberry\"**.\n\n\u2705 **Answer: 3**"}, {"v": 9, "s": 0, "text": "Let's count the number of times the letter **'r'** appears in the word **'strawberry'**.\n\n### Step 1: Write the word\n**strawberry**\n\n### Step 2: Look at each letter one by one\n\n- s  \n- t  \n- r  \n- a  \n- w  \n- b  \n- e  \n- r  \n- r  \n- y\n\n### Step 3: Count the 'r's\n\nWe see **'r'** appears **3 times**.\n\n### \u2705 Final Answer: **3** times."}, {"v": 10, "s": 0, "text": "Let's count the number of times the letter **'r'** appears in the word **\"strawberry\"**.\n\n1. First, write out the word: **s t r a w b e r r y**\n2. Now, look for the letter **'r'**:\n   - The **first 'r'** is at position 3.\n   - The **second 'r'** is at position 8.\n   - The **third 'r'** is at position 9.\n\nSo, the letter **'r'** appears **3 times** in the word **\"strawberry\"**.\n\n\u2705 **Answer: 3**"}, {"v": 11, "s": 0, "text": "Let's count how many times the letter **'r'** appears in the word **\"strawberry\"**.\n\n### Step 1: Write out the word\n**strawberry**\n\n### Step 2: Look at each letter one by one\n\ns, t, r, a, w, b, e, r, r, y\n\n### Step 3: Count the number of **'r'** letters\n\n- 1st **r**\n- 2nd **r**\n- 3rd **r**\n\n### \u2705 Final Answer:\n**3** times\n\nSo, the letter **'r'** appears **3 times** in the word **\"strawberry\"**."}, {"v": 0, "s": 1, "text": "Let's count the letter **'r'** in the word **\"strawberry\"**:\n\n1. Write out the word: **s t r a w b e r r y**\n2. Look for the letter **'r'**:\n   - The **3rd letter** is **'r'**\n   - The **8th letter** is **'r'**\n   - The **9th letter** is **'r'**\n\nSo, the letter **'r'** appears **3 times**.\n\n**Answer: 3** \u2705"}, {"v": 1, "s": 1, "text": "Let's count the number of times the letter **'r'** appears in the word **'strawberry'**.\n\n### Step 1: Write out the word\n**strawberry**\n\n### Step 2: Look at each letter one by one\n\n- **s**\n- **t**\n- **r** \u2190 1st 'r'\n- **a**\n- **w**\n- **b**\n- **e**\n- **r** \u2190 2nd 'r'\n- **r** \u2190 3rd 'r'\n- **y**\n\n### Step 3: Count the 'r's\n\nThere are **3** occurrences of the letter **'r'**.\n\n### \u2705 Final Answer:\n**3**"}, {"v": 2, "s": 1, "text": "Let's count the number of times the letter **'r'** appears in the word **'strawberry'**.\n\n### Step-by-step:\n\n1. Write down the word: **strawberry**\n2. Break it into individual letters: **s, t, r, a, w, b, e, r, r, y**\n3. Count the number of **'r'** letters:\n   - 1st **'r'** is at position 3\n   - 2nd **'r'** is at position 8\n   - 3rd **'r'** is at position 9\n\n### Final Answer:\nThe letter **'r'** appears **3 times** in the word **'strawberry'**."}, {"v": 3, "s": 1,