{"source_layer": 23, "target_layer": 28, "sigmas": [15.889812469482422, 12.24233627319336, 10.774667739868164, 10.27103042602539, 10.177201271057129, 9.448430061340332, 9.359067916870117, 9.130916595458984, 8.75716781616211, 8.436811447143555, 8.188721656799316, 7.8303728103637695], "kl_divergences": [0.034494612365961075, 1.6178762912750244, 0.024805957451462746, 0.03796954080462456, 0.32989829778671265, 0.03737076744437218, 0.23565678298473358, 0.000529933487996459, 0.019616371020674706, 0.7756145000457764, 0.06059820204973221, 0.03371477499604225], "generations": [{"v": 0, "s": 0, "text": "Let's count the letter **'r'** in the word **'strawberry'** step by step:\n\n1. Write the word: **s t r a w b e r r y**\n2. Look at each letter one by one:\n   - s\n   - t\n   - **r** \u2190 1st occurrence\n   - a\n   - w\n   - b\n   - e\n   - **r** \u2190 2nd occurrence\n   - **r** \u2190 3rd occurrence\n   - y\n\nSo, the letter **'r'** appears **3 times**.\n\n**Answer: 3** \u2705"}, {"v": 1, "s": 0, "text": "Let's count the number of times the letter **'r'** appears in the word **'strawberry'**.\n\n### Step 1: Write down the word\n**strawberry**\n\n### Step 2: Look for the letter **'r'**\n\n- **s**  \n- **t**  \n- **r** \u2705  \n- **a**  \n- **w**  \n- **b**  \n- **e**  \n- **r** \u2705  \n- **r** \u2705  \n\n### Step 3: Count the number of 'r's\n\nThere are **3** instances of the letter **'r'**.\n\n### \u2705 Final Answer:\n**3**"}, {"v": 2, "s": 0, "text": "Let's count the number of times the letter **'r'** appears in the word **'strawberry'**.\n\n### Step-by-step:\n\n1. Write the word: **s t r a w b e r r y**\n2. Look for the letter **'r'**:\n   - 1st **'r'** is at position 3\n   - 2nd **'r'** is at position 8\n   - 3rd **'r'** is at position 9\n\n### Total:\nThere are **3** instances of the letter **'r'** in the word **'strawberry'**.\n\n\u2705 **Answer: 3**"}, {"v": 3, "s": 0, "text": "Let's count how many times the letter **'r'** appears in the word **\"strawberry\"**.\n\n### Step-by-step:\n\n1. Write out the word: **s t r a w b e r r y**\n2. Look for the letter **'r'** in each position:\n   - 1st letter: **s** \u2192 not 'r'\n   - 2nd letter: **t** \u2192 not 'r'\n   - 3rd letter: **r** \u2192 **1**\n   - 4th letter: **a** \u2192 not 'r'\n   - 5th letter: **w** \u2192 not 'r'\n   - 6th letter: **b** \u2192 not 'r'\n   - 7th letter: **e** \u2192 not 'r'\n   - 8th letter: **r** \u2192 **2**\n   - 9th letter: **r** \u2192 **3**\n   - 10th letter: **y** \u2192 not 'r'\n\n### Total: **3 times**\n\n### \u2705 Final Answer: **3**"}, {"v": 4, "s": 0, "text": "Let's count the number of times the letter **'r'** appears in the word **\"strawberry\"**.\n\n1. Write out the word: **s t r a w b e r r y**\n2. Look for the letter **'r'**:\n   - The **3rd letter** is **'r'**\n   - The **8th letter** is **'r'**\n   - The **9th letter** is **'r'**\n\nSo, the letter **'r'** appears **3 times**.\n\n**Answer: 3** \u2705"}, {"v": 5, "s": 0, "text": "Let's count the number of times the letter **'r'** appears in the word **'strawberry'**.\n\n1. Write out the word: **s t r a w b e r r y**\n\n2. Now, look for the letter **'r'**:\n   - The third letter is **r**\n   - The seventh letter is **r**\n   - The eighth letter is **r**\n\nSo, the letter **'r'** appears **3 times**.\n\n**Answer: 3** \u2705"}, {"v": 6, "s": 0, "text": "Let's count the number of times the letter **'r'** appears in the word **'strawberry'**.\n\n### Step 1: Write out the word\n**strawberry**\n\n### Step 2: Look for the letter **'r'**\n- s\n- t\n- r\n- a\n- w\n- b\n- e\n- r\n- r\n- y\n\n### Step 3: Count the number of **'r'**s\nThere are **3** instances of the letter **'r'**.\n\n### \u2705 Final Answer:\n**3**"}, {"v": 7, "s": 0, "text": "Let's count the number of times the letter **'r'** appears in the word **'strawberry'**.\n\n1. Write out the word: **s t r a w b e r r y**\n\n2. Now go through each letter one by one:\n   - s \u2192 not 'r'\n   - t \u2192 not 'r'\n   - **r** \u2192 count = 1\n   - a \u2192 not 'r'\n   - w \u2192 not 'r'\n   - b \u2192 not 'r'\n   - e \u2192 not 'r'\n   - **r** \u2192 count = 2\n   - **r** \u2192 count = 3\n   - y \u2192 not 'r'\n\nSo, the letter **'r'** appears **3 times** in the word **'strawberry'**.\n\n### \u2705 Final Answer: **3**"}, {"v": 8, "s": 0, "text": "Let's count the number of times the letter **'r'** appears in the word **'strawberry'**.\n\n1. Write out the word: **s t r a w b e r r y**\n2. Now go through each letter and look for **'r'**:\n   - s \u2192 not 'r'\n   - t \u2192 not 'r'\n   - **r** \u2192 1st 'r'\n   - a \u2192 not 'r'\n   - w \u2192 not 'r'\n   - b \u2192 not 'r'\n   - e \u2192 not 'r'\n   - **r** \u2192 2nd 'r'\n   - **r** \u2192 3rd 'r'\n   - y \u2192 not 'r'\n\nSo, the letter **'r'** appears **3 times**.\n\n\u2705 **Answer: 3**"}, {"v": 9, "s": 0, "text": "To find how many times the letter **'r'** appears in the word **\"strawberry\"**, follow these steps:\n\n1. Write out the word: **s t r a w b e r r y**\n2. Look for the letter **'r'**:\n   - The **third letter** is **'r'**\n   - The **seventh letter** is **'r'**\n   - The **eighth letter** is **'r'**\n\nSo, the letter **'r'** appears **3 times** in the word **\"strawberry\"**.\n\n**Answer: 3**"}, {"v": 10, "s": 0, "text": "Let's count the number of times the letter **'r'** appears in the word **\"strawberry\"**.\n\nFirst, write out the word and look at each letter:\n\n**s - t - r - a - w - b - e - r - r - y**\n\nNow, count the occurrences of the letter **'r'**:\n\n- 1st **'r'** is at position 3\n- 2nd **'r'** is at position 8\n- 3rd **'r'** is at position 9\n\nSo, the letter **'r'** appears **3 times** in the word **\"strawberry\"**.\n\n**Answer: 3** \u2705"}, {"v": 11, "s": 0, "text": "Let's count the letter **'r'** in the word **\"strawberry\"** step by step:\n\n1. Write out the word: **s t r a w b e r r y**\n2. Go through each letter and look for **'r'**:\n   - s \u2192 not 'r'\n   - t \u2192 not 'r'\n   - **r** \u2192 **1**\n   - a \u2192 not 'r'\n   - w \u2192 not 'r'\n   - b \u2192 not 'r'\n   - e \u2192 not 'r'\n   - **r** \u2192 **2**\n   - **r** \u2192 **3**\n   - y \u2192 not 'r'\n\nSo, the letter **'r'** appears **3 times** in the word **\"strawberry\"**.\n\n\u2705 **Answer: 3**"}, {"v": 0, "s": 1, "text": "Let's count the number of times the letter **'r'** appears in the word **'strawberry'**.\n\n1. Write out the word: **s t r a w b e r r y**\n2. Look for the letter **'r'**:\n   - The **3rd letter** is **r**\n   - The **8th letter** is **r**\n   - The **9th letter** is **r**\n\nSo, the letter **'r'** appears **3 times**.\n\n### \u2705 Answer: **3 times**."}, {"v": 1, "s": 1, "text": "To find how many times the letter **'r'** appears in the word **'strawberry'**, let's go through the word step by step:\n\n**Step 1: Write down the word**  \n**strawberry**\n\n**Step 2: Break it into individual letters**  \ns, t, r, a, w, b, e, r, r, y\n\n**Step 3: Count how many times 'r' appears**  \n- The first 'r' is at position 3  \n- The second 'r' is at position 8  \n- The third 'r' is at position 9\n\nSo, the letter **'r'** appears **3 times**.\n\n**Answer: 3** \u2705"}, {"v": 2, "s": 1, "text": "Let's count how many times the letter **'r'** appears in the word **'strawberry'**.\n\n### Step-by-step:\n\n1. Write the word: **s t r a w b e r r y**\n\n2. Now, go through each letter and count the number of **'r'**s:\n\n   - s \u2192 not 'r'\n   - t \u2192 not 'r'\n   - **r** \u2192 count = 1\n   - a \u2192 not 'r'\n   - w \u2192 not 'r'\n   - b \u2192 not 'r'\n   - e \u2192 not 'r'\n   - **r** \u2192 count = 2\n   - **r** \u2192 count = 3\n   - y \u2192 not 'r'\n\n### Final count:\nThe letter **'r'** appears **3 times** in the word **'strawberry'**.\n\n\u2705 **Answer: 3**"}, {"v": 3, "s": 1,