{"source_layer": 23, "target_layer": 30, "sigmas": [22.273706436157227, 17.865530014038086, 15.820375442504883, 14.810739517211914, 14.395648002624512, 12.977996826171875, 12.924291610717773, 12.037249565124512, 11.742804527282715, 11.446298599243164, 11.184164047241211, 10.486641883850098], "kl_divergences": [0.03277849778532982, 3.288017749786377, 3.3447341918945312, 2.220106363296509, 2.221742868423462, 0.02697383612394333, 0.0325675792992115, 0.3439704179763794, 3.528374918460031e-06, 0.01961546577513218, 0.06284253299236298, 5.550533842324512e-06], "generations": [{"v": 0, "s": 0, "text": "Let's count the number of times the letter **'r'** appears in the word **'strawberry'**.\n\n1. First, write out the word: **s t r a w b e r r y**\n2. Now, go through each letter and check for **'r'**:\n   - s \u2192 not r\n   - t \u2192 not r\n   - **r** \u2192 count = 1\n   - a \u2192 not r\n   - w \u2192 not r\n   - b \u2192 not r\n   - e \u2192 not r\n   - **r** \u2192 count = 2\n   - **r** \u2192 count = 3\n   - y \u2192 not r\n\nSo, the letter **'r'** appears **3 times**.\n\n**Answer: 3**"}, {"v": 1, "s": 0, "text": "To find how many times the letter **'r'** appears in the word **'strawberry'**, follow these steps:\n\n1. **Write out the word**:  \n   **s t r a w b e r r y**\n\n2. **Count the occurrences of 'r'**:\n   - The first 'r' is in position 3.\n   - The second 'r' is in position 8.\n   - The third 'r' is in position 9.\n\nSo, the letter **'r'** appears **3 times**.\n\n### \u2705 Final Answer: **3**"}, {"v": 2, "s": 0, "text": "Let's count the letter **'r'** in the word **'strawberry'**.\n\n1. Write out the word: **s t r a w b e r r y**\n2. Now go through each letter:\n   - s \u2192 not 'r'\n   - t \u2192 not 'r'\n   - **r** \u2192 count 1\n   - a \u2192 not 'r'\n   - w \u2192 not 'r'\n   - b \u2192 not 'r'\n   - e \u2192 not 'r'\n   - **r** \u2192 count 2\n   - **r** \u2192 count 3\n   - y \u2192 not 'r'\n\nSo, the letter **'r'** appears **3 times**.\n\n\u2705 **Answer: 3**"}, {"v": 3, "s": 0, "text": "To find how many times the letter **'r'** appears in the word **'strawberry'**, let's go through the word step by step:\n\n**Step 1: Write down the word**  \n**s t r a w b e r r y**\n\n**Step 2: Look for the letter 'r'**  \nWe'll go through each letter:\n\n- s \u2192 not 'r'\n- t \u2192 not 'r'\n- **r** \u2192 count = 1\n- a \u2192 not 'r'\n- w \u2192 not 'r'\n- b \u2192 not 'r'\n- e \u2192 not 'r'\n- **r** \u2192 count = 2\n- **r** \u2192 count = 3\n- y \u2192 not 'r'\n\n**Step 3: Total count**  \nThe letter **'r'** appears **3 times**.\n\n\u2705 **Answer: 3**"}, {"v": 4, "s": 0, "text": "To determine how many times the letter **'r'** appears in the word **\"strawberry\"**, follow these steps:\n\n1. Write down the word: **strawberry**\n2. Go through each letter one by one:\n   - s\n   - t\n   - r\n   - a\n   - w\n   - b\n   - e\n   - r\n   - r\n3. Count the occurrences of the letter **'r'**:\n   - The letter **'r'** appears at positions 3, 8, and 9.\n\nSo, the letter **'r'** appears **3 times** in the word **\"strawberry\"**.\n\n**Answer: 3**"}, {"v": 5, "s": 0, "text": "Let's count the number of times the letter **'r'** appears in the word **\"strawberry\"**.\n\n1. Write out the word: **s t r a w b e r r y**\n2. Look at each letter:\n   - s\n   - t\n   - **r**\n   - a\n   - w\n   - b\n   - e\n   - **r**\n   - **r**\n   - y\n\n3. Count the number of **'r'**s:\n   - There are **3** instances of the letter **'r'**.\n\n**Answer: 3**"}, {"v": 6, "s": 0, "text": "Let's find out how many times the letter **'r'** appears in the word **'strawberry'**.\n\n### Step 1: Write the word\n**strawberry**\n\n### Step 2: Look for the letter 'r'\n\nLet's go through the letters one by one:\n\n- s\n- t\n- r\n- a\n- w\n- b\n- e\n- r\n- r\n- y\n\n### Step 3: Count the 'r's\n\nWe see **'r'** appears at positions 3, 8, and 9.\n\n### \u2705 Final Answer:\n**3 times**"}, {"v": 7, "s": 0, "text": "Let's count the letter **'r'** in the word **\"strawberry\"**.\n\n### Step 1: Write the word out\n**strawberry**\n\n### Step 2: Look at each letter one by one\n- s\n- t\n- r\n- a\n- w\n- b\n- e\n- r\n- r\n- y\n\n### Step 3: Count the number of **'r'**s\n- 1st **'r'** is at position 3\n- 2nd **'r'** is at position 7\n- 3rd **'r'** is at position 8\n\n### \u2705 Final Answer:\n**3 times**."}, {"v": 8, "s": 0, "text": "Let's count the letter **'r'** in the word **\"strawberry\"**:\n\n1. Write out the word: **s t r a w b e r r y**\n2. Look for the letter **'r'**:\n   - 1st **'r'** is at position 3\n   - 2nd **'r'** is at position 8\n   - 3rd **'r'** is at position 9\n\nSo, the letter **'r'** appears **3 times**.\n\n\u2705 **Answer: 3**"}, {"v": 9, "s": 0, "text": "Let's count the number of times the letter **'r'** appears in the word **\"strawberry\"**.\n\n1. Write out the word: **s t r a w b e r r y**\n\n2. Now, go through each letter and check for **'r'**:\n   - s \u2192 not 'r'\n   - t \u2192 not 'r'\n   - **r** \u2192 yes (1)\n   - a \u2192 not 'r'\n   - w \u2192 not 'r'\n   - b \u2192 not 'r'\n   - e \u2192 not 'r'\n   - **r** \u2192 yes (2)\n   - **r** \u2192 yes (3)\n   - y \u2192 not 'r'\n\n3. Total occurrences of **'r'**: **3**\n\n**Answer: 3** \u2705"}, {"v": 10, "s": 0, "text": "Let's count the number of times the letter **'r'** appears in the word **'strawberry'**.\n\n### Step 1: Write out the word and look at each letter:\n**s t r a w b e r r y**\n\n### Step 2: Identify the letter **'r'**:\n- 1st **'r'** is at position 3\n- 2nd **'r'** is at position 8\n- 3rd **'r'** is at position 9\n\n### Step 3: Count the number of **'r'**s:\nThere are **3** instances of the letter **'r'**.\n\n### \u2705 Final Answer:\n**3**"}, {"v": 11, "s": 0, "text": "Let's count how many times the letter **'r'** appears in the word **\"strawberry\"**:\n\n1. First, write out the word: **s t r a w b e r r y**\n2. Now, go through each letter and count the **'r'**s:\n   - s \u2192 not 'r'\n   - t \u2192 not 'r'\n   - **r** \u2192 1\n   - a \u2192 not 'r'\n   - w \u2192 not 'r'\n   - b \u2192 not 'r'\n   - e \u2192 not 'r'\n   - **r** \u2192 2\n   - **r** \u2192 3\n   - y \u2192 not 'r'\n\n### \u2705 Final Answer: **3 times**."}, {"v": 0, "s": 1, "text": "Let's count the number of times the letter **'r'** appears in the word **\"strawberry\"**.\n\n### Step 1: Write the word\n**strawberry**\n\n### Step 2: Identify and count the letter 'r'\n\n- **s**  \n- **t**  \n- **r** \u2192 1  \n- **a**  \n- **w**  \n- **b**  \n- **e**  \n- **r** \u2192 2  \n- **r** \u2192 3\n\n### Step 3: Total count\n\nThere are **3** instances of the letter **'r'**.\n\n### \u2705 Final Answer:\n**3** times."}, {"v": 1, "s": 1, "text": "To determine how many times the letter **'r'** appears in the word **'strawberry'**, follow these steps:\n\n1. Write down the word: **strawberry**\n2. Identify and count each occurrence of the letter **'r'**:\n   - **s**  \n   - **t**  \n   - **r** \u2705  \n   - **a**  \n   - **w**  \n   - **b**  \n   - **e**  \n   - **r** \u2705  \n   - **r** \u2705  \n\nThere are **3** instances of the letter **'r'** in **'strawberry'**.\n\n### \u2705 Final Answer: **3**"}, {"v": 2, "s": 1, "text": "Let's count the number of times the letter **'r'** appears in the word **\"strawberry\"**.\n\n### Step 1: Write out the word and identify the letters:\n\n**strawberry**  \nLetters: **s, t, r, a, w, b, e, r, r, y**\n\n### Step 2: Count the number of 'r's:\n\n- 1st 'r'  \n- 2nd 'r'  \n- 3rd 'r'\n\n### \u2705 Final Answer: **3 times**."}, {"v": 3, "s": 1,