{"source_layer": 23, "target_layer": 34, "sigmas": [44.097599029541016, 39.59433364868164, 27.030866622924805, 23.766380310058594, 22.68793487548828, 22.46091651916504, 20.74493408203125, 19.471649169921875, 18.64052963256836, 18.376150131225586, 17.69026756286621, 16.653884887695312], "kl_divergences": [0.03803253173828125, 0.037371862679719925, 0.006406274624168873, 0.45322418212890625, 2.387568235397339, 0.016206620261073112, 0.036771658807992935, 1.1798102855682373, 0.09027630090713501, 0.03319184109568596, 0.016096491366624832, 0.7004902958869934], "generations": [{"v": 0, "s": 0, "text": "Let's count the number of times the letter **'r'** appears in the word **\"strawberry\"**.\n\nStep by step:\n\n1. Write out the word: **s t r a w b e r r y**\n2. Go through each letter one by one:\n   - s \u2192 not 'r'\n   - t \u2192 not 'r'\n   - **r** \u2192 count = 1\n   - a \u2192 not 'r'\n   - w \u2192 not 'r'\n   - b \u2192 not 'r'\n   - e \u2192 not 'r'\n   - **r** \u2192 count = 2\n   - **r** \u2192 count = 3\n   - y \u2192 not 'r'\n\nSo, the letter **'r'** appears **3 times**.\n\n**Answer: 3** \u2705"}, {"v": 1, "s": 0, "text": "Let's count the number of times the letter **'r'** appears in the word **'strawberry'**.\n\n### Step 1: Write out the word\n**strawberry**\n\n### Step 2: Look at each letter one by one\ns, t, r, a, w, b, e, r, r, y\n\n### Step 3: Count the number of 'r's\n- 1st 'r' is at position 3\n- 2nd 'r' is at position 8\n- 3rd 'r' is at position 9\n\n### \u2705 Final Answer:\n**3 times**"}, {"v": 2, "s": 0, "text": "Let's count the letter **'r'** in the word **\"strawberry\"** step by step.\n\n1. Write down the word: **s t r a w b e r r y**\n2. Go through each letter and check if it's an **'r'**:\n   - s \u2192 not 'r'\n   - t \u2192 not 'r'\n   - **r** \u2192 yes, that's one\n   - a \u2192 not 'r'\n   - w \u2192 not 'r'\n   - b \u2192 not 'r'\n   - e \u2192 not 'r'\n   - **r** \u2192 yes, that's two\n   - **r** \u2192 yes, that's three\n   - y \u2192 not 'r'\n\nSo, the letter **'r'** appears **3 times**.\n\n**Answer: 3** \u2705"}, {"v": 3, "s": 0, "text": "Let's count the number of times the letter **'r'** appears in the word **\"strawberry\"**.\n\n1. Write down the word: **strawberry**\n2. Break it into individual letters: **s, t, r, a, w, b, e, r, r, y**\n3. Now count how many times **'r'** appears:\n\n- 1st occurrence: **r**\n- 2nd occurrence: **r**\n- 3rd occurrence: **r**\n\nSo, the letter **'r'** appears **3 times** in the word **\"strawberry\"**.\n\n\u2705 **Answer: 3**"}, {"v": 4, "s": 0, "text": "To find how many times the letter **'r'** appears in the word **\"strawberry\"**, follow these steps:\n\n1. Write out the word:  \n   **s t r a w b e r r y**\n\n2. Look for the letter **'r'**:\n   - The third letter is **'r'**\n   - The eighth letter is **'r'**\n   - The ninth letter is **'r'**\n\n3. Count the occurrences:  \n   There are **3** instances of the letter **'r'**.\n\n### \u2705 Final Answer: **3**"}, {"v": 5, "s": 0, "text": "Let's count the number of times the letter **'r'** appears in the word **'strawberry'**.\n\n### Step 1: Write out the word and identify the letters:\n**s t r a w b e r r y**\n\n### Step 2: Count the occurrences of the letter **'r'**:\n- 1st **'r'** is at position 3\n- 2nd **'r'** is at position 8\n- 3rd **'r'** is at position 9\n\n### \u2705 Final Answer:\n**3 times**."}, {"v": 6, "s": 0, "text": "Let's count the letter **'r'** in the word **'strawberry'**:\n\n1. Start with the word: **strawberry**\n2. Break it down letter by letter:\n   - s\n   - t\n   - r\n   - a\n   - w\n   - b\n   - e\n   - r\n   - r\n   - y\n\n3. Now count how many times **'r'** appears:\n   - The letter **'r'** appears at positions 3, 8, and 9.\n\nSo, the letter **'r'** appears **3 times**.\n\n\u2705 **Answer: 3**"}, {"v": 7, "s": 0, "text": "To find how many times the letter **'r'** appears in the word **'strawberry'**, let's go through the word letter by letter.\n\nThe word is: **s t r a w b e r r y**\n\nNow, let's count the **'r'** letters:\n\n1. **s** \u2013 not 'r'\n2. **t** \u2013 not 'r'\n3. **r** \u2013 **1**\n4. **a** \u2013 not 'r'\n5. **w** \u2013 not 'r'\n6. **b** \u2013 not 'r'\n7. **e** \u2013 not 'r'\n8. **r** \u2013 **2**\n9. **r** \u2013 **3**\n10. **y** \u2013 not 'r'\n\nSo, the letter **'r'** appears **3 times**.\n\n**Answer: 3**"}, {"v": 8, "s": 0, "text": "Let's count the number of times the letter **'r'** appears in the word **'strawberry'**.\n\n### Step 1: Write out the word\n**strawberry**\n\n### Step 2: Look for the letter **'r'** in the word\n\n- **s**\n- **t**\n- **r** \u2190 1st 'r'\n- **a**\n- **w**\n- **b**\n- **e**\n- **r** \u2190 2nd 'r'\n- **r** \u2190 3rd 'r'\n- **y**\n\n### Step 3: Count the occurrences\nThere are **3** instances of the letter **'r'** in **'strawberry'**.\n\n### \u2705 Final Answer:\n**3**"}, {"v": 9, "s": 0, "text": "Let's count the number of times the letter **'r'** appears in the word **'strawberry'**:\n\n1. Write out the word: **s t r a w b e r r y**\n2. Look for the letter **'r'**:\n   - 1st **'r'** is at position 3\n   - 2nd **'r'** is at position 8\n   - 3rd **'r'** is at position 9\n\nSo, the letter **'r'** appears **3 times**.\n\n**Answer: 3**"}, {"v": 10, "s": 0, "text": "Let's count the number of times the letter **'r'** appears in the word **\"strawberry\"**.\n\n### Step 1: Write out the word\n**strawberry**\n\n### Step 2: Look at each letter one by one:\n- s\n- t\n- r\n- a\n- w\n- b\n- e\n- r\n- r\n- y\n\n### Step 3: Count the 'r's\n- The first **'r'** is at position 3.\n- The second **'r'** is at position 8.\n- The third **'r'** is at position 9.\n\n### \u2705 Total number of 'r's = **3**\n\n### \u2705 Final Answer: **3**"}, {"v": 11, "s": 0, "text": "Let's count the number of times the letter **'r'** appears in the word **'strawberry'**.\n\n### Step-by-step:\n\n1. Write down the word: **strawberry**\n2. Break it down into individual letters:  \n   **s, t, r, a, w, b, e, r, r, y**\n\n3. Now, count how many times the letter **'r'** appears:\n   - First **'r'** is at position 3\n   - Second **'r'** is at position 8\n   - Third **'r'** is at position 9\n\nSo, the letter **'r'** appears **3 times**.\n\n### \u2705 Final Answer: **3**"}, {"v": 0, "s": 1, "text": "Let's count how many times the letter **'r'** appears in the word **'strawberry'**.\n\nFirst, write out the word and look at each letter:\n\n**s - t - r - a - w - b - e - r - r - y**\n\nNow, let's count the **'r'**s:\n\n1. **r** (position 3)\n2. **r** (position 8)\n3. **r** (position 9)\n\nSo, the letter **'r'** appears **3 times** in the word **'strawberry'**.\n\n\u2705 **Answer: 3**"}, {"v": 1, "s": 1, "text": "Let's count the number of times the letter **'r'** appears in the word **'strawberry'**.\n\n1. Write out the word: **s t r a w b e r r y**\n2. Now, go through each letter and count the **'r'**s:\n   - s \u2192 not 'r'\n   - t \u2192 not 'r'\n   - **r** \u2192 1\n   - a \u2192 not 'r'\n   - w \u2192 not 'r'\n   - b \u2192 not 'r'\n   - e \u2192 not 'r'\n   - **r** \u2192 2\n   - **r** \u2192 3\n   - y \u2192 not 'r'\n\nSo, the letter **'r'** appears **3 times**.\n\n### \u2705 Final Answer: **3**"}, {"v": 2, "s": 1, "text": "Let's count the number of times the letter **'r'** appears in the word **'strawberry'**.\n\n### Step 1: Write out the word\n**strawberry**\n\n### Step 2: Break it down letter by letter\ns - t - r - a - w - b - e - r - r - y\n\n### Step 3: Count the 'r's\n- 1st 'r' is at position 3\n- 2nd 'r' is at position 8\n- 3rd 'r' is at position 9\n\n### \u2705 Final Answer:\n**3 times**"}, {"v": 3, "s": 1,