{"source_layer": 24, "target_layer": 25, "sigmas": [5.106049537658691, 4.426778316497803, 4.036816120147705, 3.995849847793579, 3.7406859397888184, 3.4740219116210938, 3.384273052215576, 3.3149831295013428, 3.254574775695801, 3.1572868824005127, 3.06262469291687, 3.0103695392608643], "kl_divergences": [0.003310601459816098, 0.0033074943348765373, 0.006117668002843857, 2.8735103114740923e-06, 0.01604861207306385, 1.4251644131491048e-07, 0.32993942499160767, 0.0013108702842146158, 0.0013136117486283183, 0.06011710315942764, 0.0013110646978020668, 0.06011958047747612], "generations": []}