{"source_layer": 24, "target_layer": 26, "sigmas": [7.525262355804443, 6.0532941818237305, 5.529956817626953, 5.185067176818848, 4.962120532989502, 4.823694229125977, 4.72153902053833, 4.322257041931152, 4.239728927612305, 4.150513648986816, 4.079246520996094, 3.9597811698913574], "kl_divergences": [0.006403237581253052, 0.006402180530130863, 0.016046743839979172, 0.02917478419840336, 0.0013118012575432658, 0.006236754357814789, 2.8892295631521847e-06, 0.009815465658903122, 0.019616063684225082, 0.0009681648807600141, 3.1098361432668753e-06, 0.016561778262257576], "generations": []}