{"source_layer": 24, "target_layer": 28, "sigmas": [11.25051498413086, 8.621321678161621, 8.124855995178223, 7.629452705383301, 7.300084590911865, 7.223211765289307, 6.795602798461914, 6.500240325927734, 6.4851579666137695, 6.424951076507568, 5.79579496383667, 5.616844654083252], "kl_divergences": [0.022368572652339935, 0.03624868392944336, 0.024891097098588943, 0.013260535895824432, 1.831824779510498, 0.006426489446312189, 0.03514254093170166, 0.0013123371172696352, 0.02488812245428562, 0.0020893525797873735, 0.006471386179327965, 8.366488657429727e-08], "generations": [{"v": 0, "s": 0, "text": "Let's count the letter **'r'** in the word **\"strawberry\"** step by step:\n\n1. Write out the word: **s t r a w b e r r y**\n2. Go through each letter:\n   - s \u2192 not 'r'\n   - t \u2192 not 'r'\n   - **r** \u2192 1\n   - a \u2192 not 'r'\n   - w \u2192 not 'r'\n   - b \u2192 not 'r'\n   - e \u2192 not 'r'\n   - **r** \u2192 2\n   - **r** \u2192 3\n   - y \u2192 not 'r'\n\nSo, the letter **'r'** appears **3 times**.\n\n**Answer: 3** \u2705"}, {"v": 1, "s": 0, "text": "Let's look at the word **\"strawberry\"** and count how many times the letter **'r'** appears.\n\n### Step-by-step:\n\n1. Write out the word: **s t r a w b e r r y**\n2. Look for the letter **'r'**:\n   - The third letter is **'r'**\n   - The eighth letter is **'r'**\n   - The ninth letter is **'r'**\n\nSo, the letter **'r'** appears **3 times**.\n\n### \u2705 Final Answer: **3**"}, {"v": 2, "s": 0, "text": "Let's count the letter **'r'** in the word **\"strawberry\"**.\n\n### Step 1: Write the word out:\n**s t r a w b e r r y**\n\n### Step 2: Look for the letter **'r'**:\n- The first **'r'** appears at position 3.\n- The second **'r'** appears at position 8.\n- The third **'r'** appears at position 9.\n\n### Step 3: Count the number of **'r'**s:\nThere are **3** instances of the letter **'r'** in the word **\"strawberry\"**.\n\n### \u2705 Final Answer:\n**3**"}, {"v": 3, "s": 0, "text": "Let's count how many times the letter **'r'** appears in the word **'strawberry'**.\n\n1. First, write out the word: **s t r a w b e r r y**\n2. Now, go through each letter one by one and look for **'r'**:\n\n- s \u2192 not r  \n- t \u2192 not r  \n- **r** \u2192 yes, that's 1  \n- a \u2192 not r  \n- w \u2192 not r  \n- b \u2192 not r  \n- e \u2192 not r  \n- **r** \u2192 yes, that's 2  \n- **r** \u2192 yes, that's 3  \n- y \u2192 not r  \n\nSo, the letter **'r'** appears **3 times** in the word **'strawberry'**.\n\n\u2705 **Answer: 3**"}, {"v": 4, "s": 0, "text": "To find how many times the letter **'r'** appears in the word **\"strawberry\"**, follow these steps:\n\n1. Write down the word: **strawberry**\n2. Break it into individual letters: **s, t, r, a, w, b, e, r, r, y**\n3. Count the number of times **'r'** appears.\n\nLooking at the list:  \n- **r** appears at positions 3, 8, and 9.\n\nSo, the letter **'r'** appears **3 times**.\n\n**Answer: 3**"}, {"v": 5, "s": 0, "text": "Let's count the letter **'r'** in the word **\"strawberry\"** step by step:\n\n1. Write out the word: **s t r a w b e r r y**\n2. Go through each letter:\n   - s \u2192 not 'r'\n   - t \u2192 not 'r'\n   - **r** \u2192 count 1\n   - a \u2192 not 'r'\n   - w \u2192 not 'r'\n   - b \u2192 not 'r'\n   - e \u2192 not 'r'\n   - **r** \u2192 count 2\n   - **r** \u2192 count 3\n   - y \u2192 not 'r'\n\n### \u2705 Final Answer: **3** times\n\nThe letter **'r'** appears **3 times** in the word **\"strawberry\"**."}, {"v": 6, "s": 0, "text": "Let's count how many times the letter **'r'** appears in the word **\"strawberry\"**.\n\n1. Start by writing out the word: **s t r a w b e r r y**\n2. Now go through each letter one by one:\n   - s\n   - t\n   - **r**\n   - a\n   - w\n   - b\n   - e\n   - **r**\n   - **r**\n   - y\n\n3. Count the number of **'r'**s:\n   - First **r** at position 3\n   - Second **r** at position 8\n   - Third **r** at position 9\n\n\u2705 So, the letter **'r'** appears **3 times** in the word **\"strawberry\"**.\n\n**Answer: 3**"}, {"v": 7, "s": 0, "text": "Let's count how many times the letter **'r'** appears in the word **'strawberry'**.\n\n1. Write out the word: **s t r a w b e r r y**\n2. Look at each letter:\n   - s\n   - t\n   - **r**\n   - a\n   - w\n   - b\n   - e\n   - **r**\n   - **r**\n   - y\n\n3. Count the number of **'r'**s:\n   - There are **3** instances of the letter **'r'**.\n\n**Answer: 3**"}, {"v": 8, "s": 0, "text": "Let's count the number of times the letter **'r'** appears in the word **\"strawberry\"**.\n\n### Step 1: Write out the word\n**strawberry**\n\n### Step 2: Look for the letter 'r'\n\nLet's go through each letter one by one:\n\n- **s**\n- **t**\n- **r** \u2705\n- **a**\n- **w**\n- **b**\n- **e**\n- **r** \u2705\n- **r** \u2705\n- **y**\n\n### Step 3: Count the 'r's\n\nWe found **3** instances of the letter **'r'**.\n\n### \u2705 Final Answer:\n**3**"}, {"v": 9, "s": 0, "text": "Let's count how many times the letter **'r'** appears in the word **\"strawberry\"**.\n\nFirst, write out the word and look at each letter:\n\n**s - t - r - a - w - b - e - r - r - y**\n\nNow, count the **'r'** letters:\n\n1. **r** (position 3)\n2. **r** (position 8)\n3. **r** (position 9)\n\nSo, the letter **'r'** appears **3 times**.\n\n\u2705 **Answer: 3**"}, {"v": 10, "s": 0, "text": "Let's count how many times the letter **'r'** appears in the word **'strawberry'**.\n\n### Step-by-step:\n\n1. Write out the word: **s t r a w b e r r y**\n2. Look at each letter:\n   - s\n   - t\n   - **r**\n   - a\n   - w\n   - b\n   - e\n   - **r**\n   - **r**\n   - y\n\n3. Count the number of **'r'**s:  \n   - There are **3** 'r's in total.\n\n### \u2705 Final Answer: **3**"}, {"v": 11, "s": 0, "text": "Let's count the number of times the letter **'r'** appears in the word **'strawberry'**.\n\n1. Write out the word: **s t r a w b e r r y**\n2. Look for the letter **'r'**:\n   - First **'r'** is at position 3.\n   - Second **'r'** is at position 8.\n   - Third **'r'** is at position 9.\n\nSo, the letter **'r'** appears **3 times**.\n\n### \u2705 Final Answer: **3**"}, {"v": 0, "s": 1, "text": "Let's count how many times the letter **'r'** appears in the word **'strawberry'**.\n\n1. First, write out the word:  \n   **s t r a w b e r r y**\n\n2. Now, go through each letter and count the **'r'**s:\n   - s \u2192 not 'r'\n   - t \u2192 not 'r'\n   - **r** \u2192 1\n   - a \u2192 not 'r'\n   - w \u2192 not 'r'\n   - b \u2192 not 'r'\n   - e \u2192 not 'r'\n   - **r** \u2192 2\n   - **r** \u2192 3\n   - y \u2192 not 'r'\n\nSo, the letter **'r'** appears **3 times** in the word **'strawberry'**.\n\n\u2705 **Answer: 3**"}, {"v": 1, "s": 1, "text": "Let's look at the word **\"strawberry\"** and count how many times the letter **'r'** appears.\n\nThe word is: **s t r a w b e r r y**\n\nNow, let's go through each letter:\n\n1. s  \n2. t  \n3. **r**  \n4. a  \n5. w  \n6. b  \n7. e  \n8. **r**  \n9. **r**  \n10. y\n\nThe letter **'r'** appears at positions 3, 8, and 9.\n\n### \u2705 Answer: **3 times**."}, {"v": 2, "s": 1, "text": "Let's count the number of times the letter **'r'** appears in the word **'strawberry'**.\n\nFirst, write out the word:\n\n**strawberry**\n\nNow, go through each letter one by one:\n\n- s\n- t\n- r\n- a\n- w\n- b\n- e\n- r\n- r\n- y\n\nNow, count the number of **'r'**s:\n\n- 1st 'r' (position 3)\n- 2nd 'r' (position 7)\n- 3rd 'r' (position 8)\n\nSo, the letter **'r'** appears **3 times**.\n\n\u2705 **Answer: 3**"}, {"v": 3, "s": 1, "text": "Let's count the letter **'r'** in the word **\"strawberry\"**.\n\n### Step-by-step:\n\n1. Write out the word: **s t r a w b e r r y**\n2. Look for the letter **'r'**:\n   - The 3rd letter is **'r'**\n   - The 8th letter is **'r'**\n   - The 9th letter is **'r'**\n\nSo, the letter **'r'** appears **3 times**.\n\n### \u2705 Final Answer: **3** times."}, {"v": 4, "s": 1,