{"source_layer": 24, "target_layer": 34, "sigmas": [33.2459831237793, 28.779264450073242, 20.79606056213379, 19.07449722290039, 17.08213996887207, 17.036455154418945, 16.64211082458496, 15.69602108001709, 14.800220489501953, 14.39303207397461, 13.783549308776855, 13.060956954956055], "kl_divergences": [0.0376928336918354, 0.03647748753428459, 1.8634225398272974e-06, 0.033186718821525574, 0.03805536404252052, 0.016592513769865036, 0.3299475312232971, 0.031703170388936996, 0.4540472626686096, 0.02237570472061634, 0.006281029433012009, 0.004430556204169989], "generations": []}