{"source_layer": 24, "target_layer": 35, "sigmas": [72.00018310546875, 33.38424301147461, 27.232139587402344, 26.81796646118164, 22.889305114746094, 21.805627822875977, 20.19198989868164, 19.11065101623535, 17.964502334594727, 17.49781608581543, 16.579593658447266, 16.017330169677734], "kl_divergences": [0.15809127688407898, 0.03795113041996956, 0.016069408506155014, 0.0009635564056225121, 0.0014376819599419832, 0.060159072279930115, 0.039259906858205795, 0.010200923308730125, 0.003083365736529231, 0.0021028141491115093, 0.10419708490371704, 0.0034099190961569548], "generations": []}