{"source_layer": 24, "target_layer": 33, "sigmas": [31.01492691040039, 21.12428855895996, 16.434036254882812, 15.87126636505127, 15.148177146911621, 13.899271965026855, 13.40770435333252, 13.275969505310059, 12.899646759033203, 12.608352661132812, 12.243770599365234, 11.614972114562988], "kl_divergences": [0.037951115518808365, 0.006141651421785355, 0.03476107865571976, 0.04082920402288437, 0.03790454939007759, 0.06088875234127045, 0.016648370772600174, 0.01747869700193405, 0.03494808077812195, 0.033185895532369614, 0.09989029169082642, 0.016060106456279755], "generations": []}