{"source_layer": 24, "target_layer": 31, "sigmas": [19.78553009033203, 16.807863235473633, 13.142618179321289, 12.720928192138672, 12.051726341247559, 11.488146781921387, 11.038664817810059, 10.805051803588867, 10.588407516479492, 10.378814697265625, 9.775116920471191, 9.395105361938477], "kl_divergences": [0.037951067090034485, 0.032780855894088745, 0.7755719423294067, 0.09993675351142883, 0.03648717328906059, 0.023252923041582108, 0.127441868185997, 0.019615719094872475, 0.33774012327194214, 0.0013133847387507558, 0.0009684385731816292, 0.0017645470798015594], "generations": [{"v": 0, "s": 0, "text": "Let's count the letter **'r'** in the word **\"strawberry\"** step by step:\n\n1. Write out the word: **s t r a w b e r r y**\n2. Now go through each letter and check if it's an **'r'**:\n   - s \u2192 not 'r'\n   - t \u2192 not 'r'\n   - **r** \u2192 yes, that's 1\n   - a \u2192 not 'r'\n   - w \u2192 not 'r'\n   - b \u2192 not 'r'\n   - e \u2192 not 'r'\n   - **r** \u2192 yes, that's 2\n   - **r** \u2192 yes, that's 3\n   - y \u2192 not 'r'\n\nSo, the letter **'r'** appears **3 times**.\n\n\u2705 **Answer: 3**"}, {"v": 1, "s": 0, "text": "Let's count the number of times the letter **'r'** appears in the word **\"strawberry\"**.\n\nFirst, write out the word and look at each letter:\n\n**s t r a w b e r r y**\n\nNow, let's go through each letter and count the **'r'**s:\n\n1. s \u2192 not 'r'\n2. t \u2192 not 'r'\n3. **r** \u2192 1\n4. a \u2192 not 'r'\n5. w \u2192 not 'r'\n6. b \u2192 not 'r'\n7. e \u2192 not 'r'\n8. **r** \u2192 2\n9. **r** \u2192 3\n10. y \u2192 not 'r'\n\nSo, the letter **'r'** appears **3 times**.\n\n\u2705 **Answer: 3**"}, {"v": 2, "s": 0, "text": "To determine how many times the letter **'r'** appears in the word **\"strawberry\"**, let's break it down step by step:\n\n1. Write out the word: **s t r a w b e r r y**\n2. Now, count the number of times the letter **'r'** appears:\n   - The first **'r'** appears at the 3rd position.\n   - The second **'r'** appears at the 8th position.\n   - The third **'r'** appears at the 9th position.\n\nSo, the letter **'r'** appears **3 times** in the word **\"strawberry\"**.\n\n**Answer: 3**"}, {"v": 3, "s": 0, "text": "Let's count how many times the letter **'r'** appears in the word **'strawberry'**.\n\n### Step 1: Write out the word\n**strawberry**\n\n### Step 2: Go through each letter one by one and count the 'r's\n\n- s\n- t\n- r \u2192 **1**\n- a\n- w\n- b\n- e\n- r \u2192 **2**\n- r \u2192 **3**\n\n### Step 3: Total count\nThere are **3** instances of the letter **'r'** in **'strawberry'**.\n\n### \u2705 Final Answer: **3**"}, {"v": 4, "s": 0, "text": "Let's count the number of times the letter **'r'** appears in the word **\"strawberry\"**.\n\n### Step 1: Write out the word\n**strawberry**\n\n### Step 2: Break it down letter by letter\n**s, t, r, a, w, b, e, r, r, y**\n\n### Step 3: Count the 'r's\n- 1st 'r' at position 3  \n- 2nd 'r' at position 8  \n- 3rd 'r' at position 9\n\n### \u2705 Final Answer:\n**3 times**"}, {"v": 5, "s": 0, "text": "Let's count the number of times the letter **'r'** appears in the word **'strawberry'**.\n\n### Step-by-step:\n\n1. Write down the word: **strawberry**\n2. Break it into individual letters: **s, t, r, a, w, b, e, r, r, y**\n3. Now count the **'r'**s:\n   - 1st **'r'** (position 3)\n   - 2nd **'r'** (position 7)\n   - 3rd **'r'** (position 8)\n\n### \u2705 Final Answer: **3 times**"}, {"v": 6, "s": 0, "text": "Let's count the number of times the letter **'r'** appears in the word **\"strawberry\"**.\n\nFirst, write out the word and look at each letter:\n\n**s - t - r - a - w - b - e - r - r - y**\n\nNow, count the **'r'**s:\n\n- 1st 'r' is at position 3\n- 2nd 'r' is at position 8\n- 3rd 'r' is at position 9\n\nSo, the letter **'r'** appears **3 times** in the word **\"strawberry\"**.\n\n### \u2705 Final Answer: **3**"}, {"v": 7, "s": 0, "text": "Let's count the number of times the letter **'r'** appears in the word **'strawberry'**.\n\n### Step 1: Write out the word\n**strawberry**\n\n### Step 2: Break it down letter by letter\ns, t, r, a, w, b, e, r, r, y\n\n### Step 3: Count the 'r's\n- 1st 'r' at position 3  \n- 2nd 'r' at position 8  \n- 3rd 'r' at position 9\n\n### \u2705 Final Answer:\n**3 times**"}, {"v": 8, "s": 0, "text": "Let's count the letter **'r'** in the word **\"strawberry\"** step by step.\n\n1. Write the word: **s t r a w b e r r y**\n\n2. Now go through each letter and look for **'r'**:\n   - s \u2192 not 'r'\n   - t \u2192 not 'r'\n   - **r** \u2192 **1st 'r'**\n   - a \u2192 not 'r'\n   - w \u2192 not 'r'\n   - b \u2192 not 'r'\n   - e \u2192 not 'r'\n   - **r** \u2192 **2nd 'r'**\n   - **r** \u2192 **3rd 'r'**\n   - y \u2192 not 'r'\n\n3. Total number of **'r'** letters = **3**\n\n### \u2705 Final Answer: **3**"}, {"v": 9, "s": 0, "text": "Let's count the number of times the letter **'r'** appears in the word **\"strawberry\"**.\n\n### Step-by-step:\n1. Write out the word: **s t r a w b e r r y**\n2. Look for the letter **'r'**:\n   - The third letter is **'r'**\n   - The eighth letter is **'r'**\n   - The ninth letter is **'r'**\n\nSo, the letter **'r'** appears **3 times**.\n\n### \u2705 Final Answer: **3** times."}, {"v": 10, "s": 0, "text": "Let's count the number of times the letter **'r'** appears in the word **'strawberry'**.\n\nFirst, write out the word and look at each letter:\n\n**s t r a w b e r r y**\n\nNow, let's go through each letter and count the **'r'**s:\n\n1. **s** \u2013 not 'r'\n2. **t** \u2013 not 'r'\n3. **r** \u2013 that's **1**\n4. **a** \u2013 not 'r'\n5. **w** \u2013 not 'r'\n6. **b** \u2013 not 'r'\n7. **e** \u2013 not 'r'\n8. **r** \u2013 that's **2**\n9. **r** \u2013 that's **3**\n10. **y** \u2013 not 'r'\n\nSo, the letter **'r'** appears **3 times**.\n\n\u2705 **Answer: 3**"}, {"v": 11, "s": 0, "text": "Let's count the number of times the letter **'r'** appears in the word **\"strawberry\"**.\n\n### Step 1: Write out the word\n**strawberry**\n\n### Step 2: Look for the letter 'r'\n\nLet's go through each letter one by one:\n\n- s\n- t\n- r\n- a\n- w\n- b\n- e\n- r\n- r\n- y\n\nNow, count the number of **'r'** letters:\n\n- 1st 'r' is at position 3\n- 2nd 'r' is at position 7\n- 3rd 'r' is at position 8\n\n### \u2705 Final Answer:\n**3 times**"}, {"v": 0, "s": 1, "text": "Let's count the letter **'r'** in the word **\"strawberry\"** step by step:\n\n1. Write out the word: **s t r a w b e r r y**\n2. Now go through each letter and check for **'r'**:\n   - s \u2192 not 'r'\n   - t \u2192 not 'r'\n   - **r** \u2192 yes, that's 1\n   - a \u2192 not 'r'\n   - w \u2192 not 'r'\n   - b \u2192 not 'r'\n   - e \u2192 not 'r'\n   - **r** \u2192 yes, that's 2\n   - **r** \u2192 yes, that's 3\n   - y \u2192 not 'r'\n\nSo, the letter **'r'** appears **3 times**.\n\n\u2705 **Answer: 3**"}, {"v": 1, "s": 1, "text": "Let's count how many times the letter **'r'** appears in the word **\"strawberry\"**:\n\n1. First, write out the word: **s t r a w b e r r y**\n2. Now, go through each letter and count the **'r'**s:\n   - s \u2192 not an 'r'\n   - t \u2192 not an 'r'\n   - **r** \u2192 1st 'r'\n   - a \u2192 not an 'r'\n   - w \u2192 not an 'r'\n   - b \u2192 not an 'r'\n   - e \u2192 not an 'r'\n   - **r** \u2192 2nd 'r'\n   - **r** \u2192 3rd 'r'\n   - y \u2192 not an 'r'\n\nSo, the letter **'r'** appears **3 times** in the word **\"strawberry\"**.\n\n\u2705 **Answer: 3**"}, {"v": 2, "s": 1, "text": "Let's count the number of times the letter **'r'** appears in the word **'strawberry'**.\n\n### Step-by-step:\n\n1. Write out the word: **s t r a w b e r r y**\n2. Look for the letter **'r'**:\n   - The 3rd letter is **'r'**\n   - The 8th letter is **'r'**\n   - The 9th letter is **'r'**\n\nSo, the letter **'r'** appears **3 times**.\n\n### \u2705 Final Answer: **3**"}, {"v": 3, "s": 1,