{"source_layer": 25, "target_layer": 26, "sigmas": [6.156068325042725, 4.0556793212890625, 3.804086208343506, 3.7026822566986084, 3.6453378200531006, 3.35497784614563, 3.2376067638397217, 3.0783376693725586, 3.005329132080078, 2.9893152713775635, 2.882486343383789, 2.7625162601470947], "kl_divergences": [0.01604999043047428, 0.016047650948166847, 0.006142165046185255, 0.06011722981929779, 0.0013108366401866078, 0.006131654139608145, 0.0013115209294483066, 0.016048476099967957, 0.0033075453247874975, 0.0013190304161980748, 0.006117654964327812, 0.016066771000623703], "generations": []}