{"source_layer": 25, "target_layer": 29, "sigmas": [10.439334869384766, 8.191006660461426, 7.562121391296387, 7.445075988769531, 6.765219211578369, 6.5407233238220215, 6.43217658996582, 6.233641624450684, 5.870175361633301, 5.820786476135254, 5.638270854949951, 5.491075038909912], "kl_divergences": [0.033206626772880554, 2.6400610408927605e-07, 0.0033082584850490093, 0.23151566088199615, 0.6022002100944519, 0.7755707502365112, 0.0033137125428766012, 0.0033090217038989067, 0.09990531951189041, 0.32992488145828247, 0.003312835469841957, 0.09989044815301895], "generations": [{"v": 0, "s": 0, "text": "Let's count the number of times the letter **'r'** appears in the word **\"strawberry\"**.\n\nStep-by-step:\n\n1. Write out the word: **s t r a w b e r r y**\n2. Go through each letter one by one and check if it's an **'r'**:\n   - s \u2192 not 'r'\n   - t \u2192 not 'r'\n   - **r** \u2192 yes, count = 1\n   - a \u2192 not 'r'\n   - w \u2192 not 'r'\n   - b \u2192 not 'r'\n   - e \u2192 not 'r'\n   - **r** \u2192 yes, count = 2\n   - **r** \u2192 yes, count = 3\n   - y \u2192 not 'r'\n\nSo, the letter **'r'** appears **3 times** in the word **\"strawberry\"**.\n\n\u2705 **Answer: 3**"}, {"v": 1, "s": 0, "text": "Let's count the number of times the letter **'r'** appears in the word **\"strawberry\"**.\n\n### Step 1: Write out the word\n**strawberry**\n\n### Step 2: Break it into individual letters\ns, t, r, a, w, b, e, r, r, y\n\n### Step 3: Count the number of **'r'**s\n- 1st 'r' is at position 3\n- 2nd 'r' is at position 8\n- 3rd 'r' is at position 9\n\n### Final Answer:\n**3 times**"}, {"v": 2, "s": 0, "text": "Let's count the number of times the letter **'r'** appears in the word **\"strawberry\"**.\n\n1. Write out the word: **s t r a w b e r r y**\n\n2. Now, go through each letter and count the **'r'**s:\n\n   - s \u2192 not 'r'\n   - t \u2192 not 'r'\n   - **r** \u2192 count 1\n   - a \u2192 not 'r'\n   - w \u2192 not 'r'\n   - b \u2192 not 'r'\n   - e \u2192 not 'r'\n   - **r** \u2192 count 2\n   - **r** \u2192 count 3\n   - y \u2192 not 'r'\n\n3. Total count of **'r'**: **3**\n\n\u2705 **Answer: 3**"}, {"v": 3, "s": 0, "text": "Let's count the number of times the letter **'r'** appears in the word **'strawberry'**.\n\nFirst, write out the word and look at each letter:\n\n**s t r a w b e r r y**\n\nNow, let's go through the word and count the **'r'**s:\n\n1. **s** \u2013 not 'r'\n2. **t** \u2013 not 'r'\n3. **r** \u2013 that's one **'r'**\n4. **a** \u2013 not 'r'\n5. **w** \u2013 not 'r'\n6. **b** \u2013 not 'r'\n7. **e** \u2013 not 'r'\n8. **r** \u2013 that's two **'r'**s\n9. **r** \u2013 that's three **'r'**s\n10. **y** \u2013 not 'r'\n\nSo, the letter **'r'** appears **3 times**.\n\n\u2705 **Answer: 3**"}, {"v": 4, "s": 0, "text": "Let's count the letter **'r'** in the word **\"strawberry\"**.\n\n### Step 1: Write out the word and identify each letter\n**s t r a w b e r r y**\n\n### Step 2: Look for the letter **'r'**\n- The **first 'r'** appears at position 3.\n- The **second 'r'** appears at position 8.\n- The **third 'r'** appears at position 9.\n\n### Step 3: Count the total number of 'r's\nThere are **3** occurrences of the letter **'r'**.\n\n### \u2705 Final Answer:\n**3**"}, {"v": 5, "s": 0, "text": "Let's count how many times the letter **'r'** appears in the word **'strawberry'**.\n\n### Step 1: Write out the word\n**strawberry**\n\n### Step 2: Break it into individual letters\ns, t, r, a, w, b, e, r, r, y\n\n### Step 3: Count the number of **'r'** letters\n- The **'r'** appears at positions 3, 8, and 9.\n\n### Final Answer:\n**3 times**"}, {"v": 6, "s": 0, "text": "Let's count the number of times the letter **'r'** appears in the word **\"strawberry\"**.\n\n### Step 1: Write down the word  \n**strawberry**\n\n### Step 2: Look for the letter 'r'  \nLet's go through the word letter by letter:\n\n- s  \n- t  \n- r  \n- a  \n- w  \n- b  \n- e  \n- r  \n- r  \n- y\n\n### Step 3: Count the occurrences of 'r'  \nWe see **'r'** appears at positions 3, 8, and 9.\n\n### \u2705 Final Answer:  \n**3 times**"}, {"v": 7, "s": 0, "text": "Let's count the number of times the letter **'r'** appears in the word **\"strawberry\"**.\n\n### Step 1: Write the word\n**strawberry**\n\n### Step 2: Look for the letter 'r'\n\nBreak the word into individual letters:\n\n**s, t, r, a, w, b, e, r, r, y**\n\n### Step 3: Count the occurrences of 'r'\n\n- 1st 'r' is at position 3\n- 2nd 'r' is at position 8\n- 3rd 'r' is at position 9\n\nSo, the letter **'r'** appears **3 times**.\n\n### \u2705 Final Answer: **3**"}, {"v": 8, "s": 0, "text": "Let's count how many times the letter **'r'** appears in the word **'strawberry'**.\n\nFirst, write out the letters in the word:\n\n**s - t - r - a - w - b - e - r - r - y**\n\nNow, let's count the number of **'r'**s:\n\n- The first **'r'** is at position 3.\n- The second **'r'** is at position 8.\n- The third **'r'** is at position 9.\n\nSo, the letter **'r'** appears **3 times**.\n\n### \u2705 Final Answer: **3** times."}, {"v": 9, "s": 0, "text": "Let's count the number of times the letter **'r'** appears in the word **\"strawberry\"**.\n\n### Step 1: Write out the word\n**strawberry**\n\n### Step 2: Look for the letter 'r'\nBreak it down letter by letter:\n\n- s\n- t\n- r\n- a\n- w\n- b\n- e\n- r\n- r\n- y\n\n### Step 3: Count the 'r's\nThere are **three** 'r's in the word **strawberry**.\n\n### \u2705 Final Answer:\n**3**"}, {"v": 10, "s": 0, "text": "Let's count the number of times the letter **'r'** appears in the word **'strawberry'**.\n\n### Step-by-step:\n\n1. Write out the word: **s t r a w b e r r y**\n2. Look for the letter **'r'**:\n   - 1st 'r' appears at position 3\n   - 2nd 'r' appears at position 8\n   - 3rd 'r' appears at position 9\n\n### Total:\nThere are **3** occurrences of the letter **'r'** in the word **'strawberry'**.\n\n\u2705 **Answer: 3**"}, {"v": 11, "s": 0, "text": "Let's count the number of times the letter **'r'** appears in the word **'strawberry'**.\n\n1. Write out the word: **s t r a w b e r r y**\n2. Look for the letter **'r'**:\n   - 1st **'r'** is at position 3\n   - 2nd **'r'** is at position 8\n   - 3rd **'r'** is at position 9\n\nSo, the letter **'r'** appears **3 times**.\n\n**Answer: 3** \u2705"}, {"v": 0, "s": 1, "text": "Let's count the number of times the letter **'r'** appears in the word **\"strawberry\"**.\n\n### Step-by-step:\n1. Write down the word: **s t r a w b e r r y**\n2. Look for the letter **'r'** in the word:\n   - The third letter is **'r'**\n   - The seventh letter is **'r'**\n   - The eighth letter is **'r'**\n\nSo, the letter **'r'** appears **3 times**.\n\n### \u2705 Final Answer: **3**"}, {"v": 1, "s": 1, "text": "Let's count the letter **'r'** in the word **\"strawberry\"**.\n\n1. Write down the word: **s t r a w b e r r y**\n2. Look at each letter:\n   - s\n   - t\n   - **r**\n   - a\n   - w\n   - b\n   - e\n   - **r**\n   - **r**\n   - y\n\n3. Count the number of **'r'**s:\n   - First **r** at position 3\n   - Second **r** at position 8\n   - Third **r** at position 9\n\nSo, the letter **'r'** appears **3 times**.\n\n**Answer: 3**"}, {"v": 2, "s": 1, "text": "Let's count the letter **'r'** in the word **\"strawberry\"** step by step:\n\n1. Write down the word: **s t r a w b e r r y**\n2. Go through each letter:\n   - **s** \u2192 not 'r'\n   - **t** \u2192 not 'r'\n   - **r** \u2192 count 1\n   - **a** \u2192 not 'r'\n   - **w** \u2192 not 'r'\n   - **b** \u2192 not 'r'\n   - **e** \u2192 not 'r'\n   - **r** \u2192 count 2\n   - **r** \u2192 count 3\n   - **y** \u2192 not 'r'\n\nSo, the letter **'r'** appears **3 times**.\n\n\u2705 **Answer: 3**"}, {"v": 3, "s": 1,