{"source_layer": 25, "target_layer": 27, "sigmas": [7.037423610687256, 5.353747844696045, 4.8667893409729, 4.666455268859863, 4.448011875152588, 4.349429607391357, 4.128819942474365, 3.993211269378662, 3.9278717041015625, 3.8246564865112305, 3.804377555847168, 3.699787139892578], "kl_divergences": [0.03319193795323372, 0.016049956902861595, 0.016097111627459526, 0.0061176847666502, 0.006446039769798517, 0.001315617118962109, 0.016116801649332047, 2.3509925085818395e-05, 2.039141509158071e-05, 0.009814559482038021, 0.006121408194303513, 9.977162335417233e-06], "generations": []}