{"source_layer": 25, "target_layer": 28, "sigmas": [8.596755027770996, 6.667470932006836, 6.044114112854004, 5.950397491455078, 5.624631881713867, 5.464974403381348, 5.263431072235107, 4.952724933624268, 4.868360996246338, 4.697685718536377, 4.681402683258057, 4.4756855964660645], "kl_divergences": [0.06013614684343338, 0.00611724890768528, 0.03323476389050484, 0.016053209081292152, 0.026932304725050926, 0.06011704355478287, 0.025487614795565605, 0.01610056683421135, 0.02236885204911232, 0.007726428564637899, 0.23151715099811554, 0.1558779776096344], "generations": []}