{"source_layer": 25, "target_layer": 35, "sigmas": [60.79499816894531, 26.70608901977539, 23.718111038208008, 23.12034034729004, 18.80095672607422, 18.282926559448242, 16.747085571289062, 15.897940635681152, 15.260954856872559, 14.717679977416992, 14.70609188079834, 13.263787269592285], "kl_divergences": [0.009816668927669525, 2.865532398223877, 0.0009636176400817931, 0.01656259410083294, 8.075345249380916e-06, 0.09989845752716064, 0.016045983880758286, 0.32990676164627075, 0.23151518404483795, 0.001589764142408967, 0.02881316840648651, 0.01656433939933777], "generations": [{"v": 0, "s": 0, "text": "Let's count the number of times the letter **'r'** appears in the word **\"strawberry\"**.\n\n### Step-by-step:\n\n1. Write out the word: **s t r a w b e r r y**\n\n2. Now, go through each letter one by one and look for **'r'**:\n\n   - s \u2192 not 'r'\n   - t \u2192 not 'r'\n   - **r** \u2192 count = 1\n   - a \u2192 not 'r'\n   - w \u2192 not 'r'\n   - b \u2192 not 'r'\n   - e \u2192 not 'r'\n   - **r** \u2192 count = 2\n   - **r** \u2192 count = 3\n   - y \u2192 not 'r'\n\n### Final count:\nThe letter **'r'** appears **3** times in the word **\"strawberry\"**.\n\n\u2705 **Answer: 3**"}, {"v": 1, "s": 0, "text": "To find how many times the letter **'r'** appears in the word **'strawberry'**, follow these steps:\n\n1. Write out the word: **strawberry**\n2. Count the number of times the letter **'r'** appears.\n\nLet's break it down:\n\n- s\n- t\n- r\n- a\n- w\n- b\n- e\n- r\n- r\n- y\n\nNow, count the **'r'**s:\n\n- 1st 'r' is at position 3\n- 2nd 'r' is at position 8\n- 3rd 'r' is at position 9\n\nSo, the letter **'r'** appears **3 times**.\n\n### \u2705 Final Answer: **3**"}, {"v": 2, "s": 0, "text": "Let's count the number of times the letter **'r'** appears in the word **'strawberry'**.\n\n### Step 1: Write down the word\n**strawberry**\n\n### Step 2: Break it into individual letters\ns, t, r, a, w, b, e, r, r, y\n\n### Step 3: Count the number of 'r's\n- 1st 'r' is at position 3\n- 2nd 'r' is at position 8\n- 3rd 'r' is at position 9\n\n### Final Answer:\n**3 times**"}, {"v": 3, "s": 0, "text": "Let's count the number of times the letter **'r'** appears in the word **\"strawberry\"**.\n\n1. Write out the word: **s t r a w b e r r y**\n2. Now go through each letter and count the **'r'**s:\n   - **s** \u2013 not 'r'\n   - **t** \u2013 not 'r'\n   - **r** \u2013 **1**\n   - **a** \u2013 not 'r'\n   - **w** \u2013 not 'r'\n   - **b** \u2013 not 'r'\n   - **e** \u2013 not 'r'\n   - **r** \u2013 **2**\n   - **r** \u2013 **3**\n   - **y** \u2013 not 'r'\n\nSo, the letter **'r'** appears **3 times**.\n\n\u2705 **Answer: 3**"}, {"v": 4, "s": 0, "text": "Let's count the number of times the letter **'r'** appears in the word **\"strawberry\"**.\n\n1. Write out the word: **s t r a w b e r r y**\n\n2. Now, go through each letter one by one and check for **'r'**:\n\n   - s \u2192 not 'r'\n   - t \u2192 not 'r'\n   - **r** \u2192 yes, that's 1\n   - a \u2192 not 'r'\n   - w \u2192 not 'r'\n   - b \u2192 not 'r'\n   - e \u2192 not 'r'\n   - **r** \u2192 yes, that's 2\n   - **r** \u2192 yes, that's 3\n   - y \u2192 not 'r'\n\n3. Total: **3 times**\n\n### \u2705 Final Answer: **3**"}, {"v": 5, "s": 0, "text": "Let's count the number of times the letter **'r'** appears in the word **'strawberry'**.\n\n1. First, write the word out: **s t r a w b e r r y**\n\n2. Now, look for the letter **'r'**:\n   - The **first 'r'** is at position 3.\n   - The **second 'r'** is at position 8.\n   - The **third 'r'** is at position 9.\n\nSo, the letter **'r'** appears **3 times** in the word **'strawberry'**.\n\n**Answer: 3**"}, {"v": 6, "s": 0, "text": "Let's count the number of times the letter **'r'** appears in the word **\"strawberry\"**.\n\nFirst, write out the word and examine each letter:\n\n**s t r a w b e r r y**\n\nNow, let's count the occurrences of **'r'**:\n\n1. The third letter is **'r'**.\n2. The eighth letter is **'r'**.\n3. The ninth letter is **'r'**.\n\nSo, the letter **'r'** appears **3 times**.\n\n### \u2705 Final Answer: **3**"}, {"v": 7, "s": 0, "text": "Let's count the number of times the letter **'r'** appears in the word **'strawberry'**.\n\n### Step 1: Write out the word\n**strawberry**\n\n### Step 2: Break it into individual letters\n**s, t, r, a, w, b, e, r, r, y**\n\n### Step 3: Count the occurrences of 'r'\n- 1st **r** (position 3)\n- 2nd **r** (position 8)\n- 3rd **r** (position 9)\n\n### \u2705 Final Answer:\n**3 times**"}, {"v": 8, "s": 0, "text": "To determine how many times the letter **'r'** appears in the word **'strawberry'**, let's go through the process step by step:\n\n1. **Write out the word**:  \n   **strawberry**\n\n2. **Break it down into individual letters**:\n   - s\n   - t\n   - r\n   - a\n   - w\n   - b\n   - e\n   - r\n   - r\n   - y\n\n3. **Count the occurrences of the letter 'r'**:\n   - The first 'r' appears at position 3.\n   - The second 'r' appears at position 7.\n   - The third 'r' appears at position 8.\n\n4. **Total count**:  \n   There are **3** instances of the letter **'r'**.\n\n### \u2705 Final Answer:\n**3** times."}, {"v": 9, "s": 0, "text": "Let's count the number of times the letter **'r'** appears in the word **'strawberry'**.\n\n### Step-by-step:\n\n1. Write out the word: **s t r a w b e r r y**\n2. Look at each letter and count the number of **'r'**s:\n   - s \u2192 not 'r'\n   - t \u2192 not 'r'\n   - **r** \u2192 1\n   - a \u2192 not 'r'\n   - w \u2192 not 'r'\n   - b \u2192 not 'r'\n   - e \u2192 not 'r'\n   - **r** \u2192 2\n   - **r** \u2192 3\n   - y \u2192 not 'r'\n\n### Final count:\nThe letter **'r'** appears **3 times**.\n\n\u2705 **Answer: 3**"}, {"v": 10, "s": 0, "text": "Let's count the number of times the letter **'r'** appears in the word **'strawberry'**.\n\n### Step 1: Write the word\n**strawberry**\n\n### Step 2: Look for the letter **'r'**\n\nBreak the word into individual letters:\n**s, t, r, a, w, b, e, r, r, y**\n\n### Step 3: Count the number of **'r'**s\n- 1st **'r'** is at position 3\n- 2nd **'r'** is at position 8\n- 3rd **'r'** is at position 9\n\n### \u2705 Final Answer:\n**3 times**"}, {"v": 11, "s": 0, "text": "Let's count the number of times the letter **'r'** appears in the word **\"strawberry\"**.\n\n1. Write out the word: **s t r a w b e r r y**\n2. Now look for the letter **'r'**:\n   - The third letter is **'r'**\n   - The eighth letter is **'r'**\n   - The ninth letter is **'r'**\n\nSo, the letter **'r'** appears **3 times**.\n\n**Answer: 3** \u2705"}, {"v": 0, "s": 1, "text": "Let's count the number of times the letter **'r'** appears in the word **'strawberry'**.\n\n### Step 1: Write out the word\n**strawberry**\n\n### Step 2: Break it into individual letters\n**s, t, r, a, w, b, e, r, r, y**\n\n### Step 3: Count the occurrences of 'r'\n- The letter **'r'** appears at positions 3, 8, and 9.\n\n### Final Answer:\n**3 times**"}, {"v": 1, "s": 1, "text": "To find how many times the letter **'r'** appears in the word **\"strawberry\"**, follow these steps:\n\n1. Write down the word: **strawberry**\n2. Break it into individual letters: **s, t, r, a, w, b, e, r, r, y**\n3. Count how many times **'r'** appears:\n   - The **'r'** appears at positions 3, 8, and 9.\n\nSo, the letter **'r'** appears **3 times** in the word **\"strawberry\"**. \n\n**Answer: 3** \u2705"}, {"v": 2, "s": 1, "text": "Let's count the number of times the letter **'r'** appears in the word **'strawberry'**.\n\n### Step 1: Write out the word\n**strawberry**\n\n### Step 2: Break it into individual letters\ns, t, r, a, w, b, e, r, r, y\n\n### Step 3: Count the occurrences of the letter **'r'**\n- 1st **r** at position 3\n- 2nd **r** at position 8\n- 3rd **r** at position 9\n\n### Final Answer:\n**3 times**"}, {"v": 3, "s": 1,