{"source_layer": 25, "target_layer": 34, "sigmas": [26.229270935058594, 23.70222282409668, 18.324216842651367, 16.831918716430664, 13.815759658813477, 13.550978660583496, 13.313496589660645, 13.088665008544922, 12.020416259765625, 11.574033737182617, 11.14035701751709, 11.046126365661621], "kl_divergences": [0.03449510782957077, 0.03611646965146065, 0.01606893166899681, 0.003307822858914733, 0.022737152874469757, 0.03279253467917442, 0.033723074942827225, 0.03318606689572334, 0.060130175203084946, 0.15591804683208466, 5.3917559853289276e-05, 1.4815126633038744e-05], "generations": []}