{"source_layer": 25, "target_layer": 32, "sigmas": [22.450029373168945, 15.001502990722656, 12.749529838562012, 11.573861122131348, 11.274742126464844, 10.428929328918457, 10.13376522064209, 9.761247634887695, 9.56358528137207, 9.416437149047852, 9.163322448730469, 8.915775299072266], "kl_divergences": [0.037372056394815445, 0.003307858482003212, 0.00100788997951895, 0.4532557725906372, 0.03597334399819374, 0.01962938904762268, 0.02009085938334465, 0.07833357155323029, 0.016359400004148483, 0.0075484029948711395, 0.006119989790022373, 0.00981606263667345], "generations": []}