{"source_layer": 26, "target_layer": 28, "sigmas": [6.306690216064453, 5.003945350646973, 4.607302188873291, 4.451266765594482, 4.231518745422363, 4.075965881347656, 3.944211006164551, 3.8929007053375244, 3.8360402584075928, 3.7696197032928467, 3.629486083984375, 3.500506639480591], "kl_divergences": [0.01326106209307909, 0.06013382226228714, 0.006254581268876791, 0.016624992713332176, 0.4532243609428406, 0.03318442776799202, 0.0013106571277603507, 0.016045406460762024, 0.45322221517562866, 0.001325341290794313, 0.15587782859802246, 0.0013120380463078618], "generations": []}