{"source_layer": 26, "target_layer": 27, "sigmas": [4.225466728210449, 3.6802496910095215, 3.4513354301452637, 3.383183479309082, 3.176952362060547, 3.1147327423095703, 3.049227476119995, 2.9410409927368164, 2.845276355743408, 2.7965080738067627, 2.7396862506866455, 2.6724565029144287], "kl_divergences": [0.06012197583913803, 0.00010819124872796237, 0.0013211516197770834, 9.406555363966618e-06, 0.006122543942183256, 0.006125785410404205, 0.006117769982665777, 0.0013141497038304806, 0.0009633719455450773, 0.003307530889287591, 5.27285646967357e-06, 1.080918195839331e-06], "generations": []}