{"source_layer": 26, "target_layer": 35, "sigmas": [52.153709411621094, 23.283292770385742, 21.87139129638672, 20.736709594726562, 16.906286239624023, 15.966055870056152, 14.58051586151123, 13.786681175231934, 12.878225326538086, 12.365443229675293, 11.811424255371094, 11.306879997253418], "kl_divergences": [0.006404101848602295, 0.03449617698788643, 0.02480762079358101, 0.022370219230651855, 0.0009636132745072246, 0.0331847108900547, 0.00096559536177665, 0.000986872473731637, 0.23151595890522003, 0.013485182076692581, 8.137780582728737e-07, 0.006121340673416853], "generations": []}