{"source_layer": 27, "target_layer": 29, "sigmas": [9.749279022216797, 5.6977972984313965, 5.094164848327637, 4.6509175300598145, 4.5696797370910645, 4.247330665588379, 4.121384143829346, 3.957737922668457, 3.7833733558654785, 3.6978275775909424, 3.6503124237060547, 3.49409556388855], "kl_divergences": [0.016050036996603012, 0.003308263374492526, 0.01604548841714859, 0.00012025214527966455, 0.0168886948376894, 0.06012481823563576, 0.031661104410886765, 0.2315213829278946, 0.009815150871872902, 0.0061188675463199615, 7.37812833051521e-09, 0.0013195093488320708], "generations": []}