{"source_layer": 27, "target_layer": 28, "sigmas": [4.674580097198486, 3.5827436447143555, 3.4745776653289795, 3.349100112915039, 3.3342432975769043, 3.219341516494751, 3.17602801322937, 3.128659248352051, 2.9966602325439453, 2.7994370460510254, 2.713507652282715, 2.690011501312256], "kl_divergences": [0.01605023443698883, 2.439057243464049e-05, 0.006170048378407955, 0.006119204685091972, 0.01656298339366913, 0.3298977017402649, 0.00981459952890873, 0.006407668348401785, 0.006406044587492943, 0.0013171492610126734, 0.033185526728630066, 0.01604565605521202], "generations": []}