{"source_layer": 27, "target_layer": 34, "sigmas": [19.529743194580078, 17.195749282836914, 16.838788986206055, 13.693964958190918, 10.929393768310547, 9.705888748168945, 9.228827476501465, 8.938849449157715, 8.730426788330078, 8.39224910736084, 7.884123802185059, 7.469004154205322], "kl_divergences": [0.030335277318954468, 0.03318518400192261, 0.026935230940580368, 0.06018873304128647, 0.006118100602179766, 0.001310761901549995, 0.013262191787362099, 0.028822816908359528, 0.01669989712536335, 0.09988956153392792, 0.0033077134285122156, 0.01615293323993683], "generations": []}