{"source_layer": 27, "target_layer": 33, "sigmas": [17.992015838623047, 14.673327445983887, 11.245694160461426, 9.335678100585938, 8.258951187133789, 8.08408260345459, 7.945929527282715, 7.474939346313477, 7.280965805053711, 6.946314334869385, 6.789117336273193, 6.25933313369751], "kl_divergences": [0.03371650353074074, 0.006402464117854834, 2.165836122003384e-06, 0.016047481447458267, 0.45322731137275696, 0.022435029968619347, 0.0009650647989474237, 0.016561947762966156, 1.4986849237175193e-05, 0.016879664734005928, 5.400369263952598e-05, 0.006140320561826229], "generations": []}