{"source_layer": 27, "target_layer": 30, "sigmas": [11.113255500793457, 7.353442192077637, 6.244805812835693, 5.751428604125977, 5.576136112213135, 5.280851364135742, 5.194289207458496, 4.906830787658691, 4.554615497589111, 4.497495651245117, 4.368643760681152, 4.198278903961182], "kl_divergences": [0.003307296661660075, 0.033198464661836624, 0.033716410398483276, 0.01680418848991394, 0.024814970791339874, 0.009814571589231491, 0.09990547597408295, 0.006140199489891529, 0.0331851951777935, 0.006121018901467323, 0.0013105397811159492, 0.0013160455273464322], "generations": []}