{"source_layer": 27, "target_layer": 31, "sigmas": [12.649179458618164, 10.44144344329834, 8.560789108276367, 7.05598258972168, 6.474944114685059, 6.134827136993408, 5.922783374786377, 5.791103363037109, 5.6448774337768555, 5.369220733642578, 5.195115566253662, 5.041418075561523], "kl_divergences": [0.016561783850193024, 0.03371676057577133, 0.01326067466288805, 0.006120715755969286, 0.4532264471054077, 0.009816573932766914, 0.09990529716014862, 0.15681619942188263, 3.037216629309114e-06, 0.0009639295749366283, 0.0014728361275047064, 0.01604647934436798], "generations": []}