{"source_layer": 28, "target_layer": 29, "sigmas": [8.154772758483887, 4.793564319610596, 4.071011543273926, 3.8037452697753906, 3.7064754962921143, 3.608703851699829, 2.9577889442443848, 2.9210188388824463, 2.8475871086120605, 2.823751449584961, 2.7164790630340576, 2.6413357257843018], "kl_divergences": [5.803696581097029e-07, 0.0013105998514220119, 0.0013201292604207993, 2.2893242146437842e-07, 0.0013113265158608556, 0.0061235507018864155, 0.0013105989200994372, 0.0013110671425238252, 0.006118474528193474, 0.006117562763392925, 0.006139547564089298, 0.0013106506085023284], "generations": []}