{"source_layer": 28, "target_layer": 34, "sigmas": [15.877138137817383, 15.13602352142334, 13.77991771697998, 12.411978721618652, 9.657742500305176, 8.405055046081543, 7.972314357757568, 7.623411655426025, 7.447138786315918, 6.762733459472656, 6.736262321472168, 6.477721691131592], "kl_divergences": [0.001318719470873475, 0.013261287473142147, 0.15600287914276123, 0.013262605294585228, 0.006117750890552998, 0.0013117268681526184, 6.879452030261746e-08, 0.006131814792752266, 1.047929572450812e-06, 0.006139850709587336, 1.9105586943624076e-06, 4.227440058457432e-06], "generations": []}