{"source_layer": 28, "target_layer": 32, "sigmas": [12.536659240722656, 11.7405366897583, 8.247979164123535, 7.198431491851807, 6.367175579071045, 5.965721130371094, 5.767187118530273, 5.600551605224609, 5.2832255363464355, 5.0920515060424805, 4.7903313636779785, 4.4412007331848145], "kl_divergences": [0.022369936108589172, 0.009815349243581295, 1.174883891508216e-06, 0.0013109155697748065, 0.016047906130552292, 5.282843176246388e-07, 0.006193195004016161, 6.883162313897628e-06, 0.016054239124059677, 0.0015410787891596556, 0.006119337864220142, 9.456094289816974e-07], "generations": []}