{"source_layer": 28, "target_layer": 33, "sigmas": [13.755239486694336, 12.900115013122559, 9.563608169555664, 7.828249454498291, 7.07146692276001, 6.756661415100098, 6.652370929718018, 6.3507304191589355, 5.92465877532959, 5.6830854415893555, 5.503262519836426, 5.204091548919678], "kl_divergences": [0.022369936108589172, 0.003307862440124154, 0.0061171408742666245, 4.3821078321570894e-08, 0.006117405369877815, 0.0013107501436024904, 2.750290377662168e-06, 0.006117565557360649, 0.009826641529798508, 1.625588765818975e-07, 0.09988857805728912, 0.006117222830653191], "generations": []}