{"source_layer": 28, "target_layer": 31, "sigmas": [10.710136413574219, 8.075687408447266, 6.887047290802002, 5.842339038848877, 5.712530136108398, 5.034114837646484, 4.869693756103516, 4.768404006958008, 4.624099254608154, 4.442765235900879, 4.213619709014893, 3.8919763565063477], "kl_divergences": [0.000964221777394414, 0.4533514082431793, 0.09989561140537262, 1.6184382900519267e-07, 0.0013109096325933933, 2.5308459044026677e-06, 0.00982153695076704, 0.0013109222054481506, 0.0033096550032496452, 1.3057118621873087e-06, 0.006119697354733944, 0.01604696549475193], "generations": []}