{"source_layer": 28, "target_layer": 30, "sigmas": [9.381265640258789, 5.7519211769104, 5.23757266998291, 4.583948612213135, 4.400100231170654, 4.295577526092529, 4.1335554122924805, 4.023151397705078, 3.8945579528808594, 3.720517873764038, 3.4862043857574463, 3.3858799934387207], "kl_divergences": [5.807999627904792e-07, 4.882360826741206e-07, 0.006117501761764288, 5.612272616417613e-06, 0.006402831524610519, 0.033189818263053894, 0.006402045954018831, 0.0009642650838941336, 0.003307703882455826, 0.06014677882194519, 0.0009648255654610693, 0.0009642684599384665], "generations": []}