{"source_layer": 29, "target_layer": 34, "sigmas": [14.220183372497559, 12.74041748046875, 12.067052841186523, 10.186968803405762, 8.6227445602417, 7.410373210906982, 6.782769680023193, 6.731967926025391, 6.483248233795166, 6.150935649871826, 5.7442121505737305, 5.326993942260742], "kl_divergences": [0.09989394247531891, 0.23176175355911255, 0.006403761450201273, 0.01605422981083393, 3.509900921017106e-07, 5.780557899015548e-07, 1.882833089439373e-07, 0.0009630301501601934, 0.001327943755313754, 1.3492571042661439e-06, 0.006119922269135714, 0.0013132626190781593], "generations": []}