{"source_layer": 29, "target_layer": 31, "sigmas": [7.204185485839844, 6.322558403015137, 5.234249591827393, 5.14962100982666, 4.126967906951904, 3.897581100463867, 3.724687337875366, 3.694986581802368, 3.533646821975708, 3.449263095855713, 3.3708431720733643, 3.1365792751312256], "kl_divergences": [0.022369982674717903, 0.0009632935398258269, 1.351144987893349e-06, 0.0013119546929374337, 0.0013107034610584378, 0.00831241998821497, 0.006122444290667772, 0.016045786440372467, 0.0013196698855608702, 0.006119632162153721, 0.0013106957776471972, 0.0009630285785533488], "generations": []}