{"source_layer": 29, "target_layer": 33, "sigmas": [12.410565376281738, 8.9614839553833, 8.112959861755371, 6.81013298034668, 6.243380546569824, 5.624658584594727, 5.058457851409912, 4.816568851470947, 4.697341442108154, 4.644688129425049, 4.5379862785339355, 4.296659469604492], "kl_divergences": [0.019616181030869484, 0.001310595078393817, 0.001312058768235147, 1.615884741568152e-07, 0.0013109433930367231, 2.1626044599543093e-07, 0.0013111958978697658, 0.006404133979231119, 0.09988778829574585, 0.0061325812712311745, 0.006151531357318163, 0.03319314122200012], "generations": []}