{"source_layer": 29, "target_layer": 35, "sigmas": [38.15781784057617, 16.587465286254883, 14.957823753356934, 13.690376281738281, 12.249075889587402, 11.69579029083252, 10.311015129089355, 9.795695304870605, 9.035154342651367, 8.774389266967773, 8.253287315368652, 7.767190933227539], "kl_divergences": [0.0033094966784119606, 0.0013105032267048955, 0.003307637292891741, 0.33047667145729065, 0.016046712175011635, 0.006126719992607832, 0.0009647072874940932, 0.0013110709842294455, 0.0013106217375025153, 0.0013107609702274203, 0.006119889207184315, 0.006126168183982372], "generations": []}