{"source_layer": 29, "target_layer": 30, "sigmas": [4.296672344207764, 3.9358911514282227, 3.8397767543792725, 3.7391414642333984, 3.2369558811187744, 3.146853446960449, 3.054330348968506, 2.975980758666992, 2.7490994930267334, 2.6458094120025635, 2.572326183319092, 2.5162696838378906], "kl_divergences": [8.308671226586739e-07, 0.013261532410979271, 0.003307970240712166, 1.1527355781026927e-07, 0.006117148790508509, 0.0013111064909026027, 0.00611731456592679, 0.0013113494496792555, 0.03318518400192261, 0.0013118480565026402, 5.699943130821339e-07, 0.0013119602808728814], "generations": []}