{"source_layer": 29, "target_layer": 32, "sigmas": [11.251628875732422, 7.907479286193848, 6.629050254821777, 6.280972003936768, 5.476717948913574, 4.687576770782471, 4.503382205963135, 4.379413604736328, 4.195676326751709, 4.135944843292236, 4.0061726570129395, 3.8050618171691895], "kl_divergences": [0.6024077534675598, 0.0013155421474948525, 0.001311162835918367, 0.006118058227002621, 9.239171276931302e-07, 4.1441956000198843e-07, 0.0009631772991269827, 0.01615278422832489, 0.00616880739107728, 0.01604583114385605, 0.060119062662124634, 0.0013113328022882342], "generations": [{"v": 0, "s": 0, "text": "To find how many times the letter **'r'** appears in the word **'strawberry'**, let's go through the word step by step:\n\nThe word is: **s t r a w b e r r y**\n\nNow, let's count the number of **'r'** letters:\n\n1. **s** \u2013 not an 'r'\n2. **t** \u2013 not an 'r'\n3. **r** \u2013 1st 'r'\n4. **a** \u2013 not an 'r'\n5. **w** \u2013 not an 'r'\n6. **b** \u2013 not an 'r'\n7. **e** \u2013 not an 'r'\n8. **r** \u2013 2nd 'r'\n9. **r** \u2013 3rd 'r'\n10. **y** \u2013 not an 'r'\n\nSo, the letter **'r'** appears **3 times**.\n\n### \u2705 Final Answer: **3**"}, {"v": 1, "s": 0, "text": "Let's count the number of times the letter **'r'** appears in the word **\"strawberry\"**.\n\n### Step-by-step:\n\n1. Write out the word: **s t r a w b e r r y**\n2. Now, go through each letter and count the **'r'**s:\n   - s \u2192 not 'r'\n   - t \u2192 not 'r'\n   - **r** \u2192 1st 'r'\n   - a \u2192 not 'r'\n   - w \u2192 not 'r'\n   - b \u2192 not 'r'\n   - e \u2192 not 'r'\n   - **r** \u2192 2nd 'r'\n   - **r** \u2192 3rd 'r'\n   - y \u2192 not 'r'\n\n### Total: **3** occurrences of the letter **'r'**\n\n### \u2705 Final Answer: **3**"}, {"v": 2, "s": 0, "text": "Let's count the number of times the letter **'r'** appears in the word **'strawberry'**.\n\n### Step-by-step:\n\n1. Write out the word: **strawberry**\n2. Break it into individual letters: **s, t, r, a, w, b, e, r, r, y**\n3. Now count the number of **'r'**s:\n   - The first **'r'** is at position 3\n   - The second **'r'** is at position 8\n   - The third **'r'** is at position 9\n\n### Answer:\nThe letter **'r'** appears **3 times** in the word **'strawberry'**."}, {"v": 3, "s": 0, "text": "Let's count the number of times the letter **'r'** appears in the word **\"strawberry\"**.\n\n### Step 1: Write the word\n**strawberry**\n\n### Step 2: Look for the letter 'r'\n\nLet's go through the word letter by letter:\n\n- s\n- t\n- r\n- a\n- w\n- b\n- e\n- r\n- r\n- y\n\n### Step 3: Count the 'r's\n\n- The first 'r' is at position 3.\n- The second 'r' is at position 8.\n- The third 'r' is at position 9.\n\n### \u2705 Answer: **3 times**."}, {"v": 4, "s": 0, "text": "Let's count how many times the letter **'r'** appears in the word **\"strawberry\"**.\n\nFirst, write out the word and check each letter:\n\n**s - t - r - a - w - b - e - r - r - y**\n\nNow, count the **'r'**s:\n\n- 1st **'r'** is in position 3\n- 2nd **'r'** is in position 8\n- 3rd **'r'** is in position 9\n\nSo, the letter **'r'** appears **3 times**.\n\n**Answer: 3**"}, {"v": 5, "s": 0, "text": "Let's count the number of times the letter **'r'** appears in the word **\"strawberry\"**.\n\n### Step-by-step:\n\n1. Write down the word: **strawberry**\n2. Break it into individual letters:\n   - s, t, r, a, w, b, e, r, r, y\n3. Now count how many times **'r'** appears:\n   - The **'r'** appears at positions 3, 8, and 9.\n\n### Final count:\n- The letter **'r'** appears **3 times**.\n\n\u2705 **Answer: 3**"}, {"v": 6, "s": 0, "text": "Let's count how many times the letter **'r'** appears in the word **\"strawberry\"**.\n\nFirst, write out the word and look at each letter:\n\n**s - t - r - a - w - b - e - r - r - y**\n\nNow, count the number of **'r'**s:\n\n- 1st **'r'** is in position 3  \n- 2nd **'r'** is in position 8  \n- 3rd **'r'** is in position 9\n\nSo, the letter **'r'** appears **3 times** in the word **\"strawberry\"**.\n\n\u2705 **Answer: 3**"}, {"v": 7, "s": 0, "text": "Let's count the number of times the letter **'r'** appears in the word **'strawberry'**.\n\n1. Write out the word: **s t r a w b e r r y**\n\n2. Look for the letter **'r'**:\n   - The 3rd letter is **'r'**\n   - The 8th letter is **'r'**\n   - The 9th letter is **'r'**\n\n3. So, the letter **'r'** appears **3 times**.\n\n**Answer: 3**"}, {"v": 8, "s": 0, "text": "Let's count how many times the letter **'r'** appears in the word **\"strawberry\"**.\n\nFirst, write out the word and look at each letter:\n\n**s - t - r - a - w - b - e - r - r - y**\n\nNow, count the **'r'**s:\n\n- 1st **'r'** is at position 3\n- 2nd **'r'** is at position 8\n- 3rd **'r'** is at position 9\n\nSo, the letter **'r'** appears **3 times** in the word **\"strawberry\"**.\n\n\u2705 **Answer: 3**"}, {"v": 9, "s": 0, "text": "Let's count the number of times the letter **'r'** appears in the word **\"strawberry\"**.\n\n### Step-by-step:\n1. Write down the word: **strawberry**\n2. Break it into individual letters: **s, t, r, a, w, b, e, r, r, y**\n3. Now count the number of **'r'** letters:\n   - The **'r'** appears at positions 3, 8, and 9.\n\n### Final count:\nThere are **3** instances of the letter **'r'** in the word **\"strawberry\"**.\n\n\u2705 **Answer: 3**"}, {"v": 10, "s": 0, "text": "Let's count the number of times the letter **'r'** appears in the word **\"strawberry\"**.\n\n### Step 1: Write down the word\n**strawberry**\n\n### Step 2: Break it into individual letters\ns, t, r, a, w, b, e, r, r, y\n\n### Step 3: Count the letter 'r'\n- 1st 'r' is at position 3\n- 2nd 'r' is at position 8\n- 3rd 'r' is at position 9\n\n### \u2705 Total: **3 times**\n\n### Final Answer:\n**3**"}, {"v": 11, "s": 0, "text": "Let's count the number of times the letter **'r'** appears in the word **\"strawberry\"**.\n\n1. Write out the word: **s t r a w b e r r y**\n\n2. Now, look for the letter **'r'**:\n   - The first **'r'** is in position 3.\n   - The second **'r'** is in position 8.\n   - The third **'r'** is in position 9.\n\nSo, the letter **'r'** appears **3 times**.\n\n**Answer: 3** \u2705"}, {"v": 0, "s": 1, "text": "Let's count the number of times the letter **'r'** appears in the word **\"strawberry\"**:\n\n1. **s**  \n2. **t**  \n3. **r**  \n4. **a**  \n5. **w**  \n6. **b**  \n7. **e**  \n8. **r**  \n9. **r**  \n10. **y**\n\nNow, let's count how many times **'r'** appears:\n\n- The letter **'r'** appears at positions **3**, **8**, and **9**.\n\nSo, the letter **'r'** appears **3 times**.\n\n\u2705 **Answer: 3**"}, {"v": 1, "s": 1, "text": "Let's count the number of times the letter **'r'** appears in the word **'strawberry'**.\n\nStep-by-step:\n\n1. Write down the word: **strawberry**\n2. Break it into individual letters: **s, t, r, a, w, b, e, r, r, y**\n3. Look for the letter **'r'**:\n   - It appears at positions 3, 8, and 9.\n\nSo, the letter **'r'** appears **3 times**.\n\n**Answer: 3**"}, {"v": 2, "s": 1, "text": "Let's count the number of times the letter **'r'** appears in the word **\"strawberry\"**.\n\n### Step 1: Write the word\n**strawberry**\n\n### Step 2: Identify the letters\ns, t, r, a, w, b, e, r, r, y\n\n### Step 3: Count the 'r's\n- The first 'r' appears at position 3.\n- The second 'r' appears at position 8.\n- The third 'r' appears at position 9.\n\n### Final Answer:\nThe letter **'r'** appears **3 times** in the word **\"strawberry\"**."}, {"v": 3, "s": 1,