{"source_layer": 30, "target_layer": 33, "sigmas": [8.718480110168457, 8.165131568908691, 6.8929314613342285, 5.6675543785095215, 4.980643272399902, 4.619165897369385, 4.233901500701904, 4.153696060180664, 3.8994224071502686, 3.8239104747772217, 3.6431050300598145, 3.5549139976501465], "kl_divergences": [0.006403638515621424, 0.01604999229311943, 0.0013105885591357946, 0.0013109968276694417, 0.0013110663276165724, 0.0009631099528633058, 1.4452944014919922e-06, 0.0013202369445934892, 0.016046233475208282, 4.866789709012664e-07, 0.0013107566628605127, 0.006117625627666712], "generations": []}