{"source_layer": 30, "target_layer": 31, "sigmas": [5.789696216583252, 4.780418395996094, 3.505465030670166, 3.2409048080444336, 3.0426788330078125, 2.9618191719055176, 2.8085031509399414, 2.621196985244751, 2.5657715797424316, 2.4844822883605957, 2.4470736980438232, 2.4088666439056396], "kl_divergences": [0.0009630725835449994, 0.09991663694381714, 0.006117291748523712, 0.001320897601544857, 0.0013110892614349723, 0.006117595825344324, 0.0061402758583426476, 0.001311799045652151, 0.0013110381551086903, 1.4046122487343382e-07, 0.0013106627156957984, 0.001310653518885374], "generations": []}