{"source_layer": 30, "target_layer": 32, "sigmas": [7.751386642456055, 7.213677406311035, 5.2461137771606445, 4.953312873840332, 4.39337158203125, 3.9475951194763184, 3.559389114379883, 3.464435577392578, 3.3940134048461914, 3.236079216003418, 3.1461563110351562, 3.0414185523986816], "kl_divergences": [0.009816261008381844, 0.016047652810811996, 2.4150486410690064e-07, 0.0013117346679791808, 0.006117111537605524, 0.0013109759893268347, 0.0013117530616000295, 0.0013108147541061044, 0.0061171576380729675, 0.0013112443266436458, 0.0013111948501318693, 0.0009630639688111842], "generations": []}