{"source_layer": 30, "target_layer": 34, "sigmas": [11.988021850585938, 11.076208114624023, 9.990571022033691, 8.49594783782959, 8.142601013183594, 6.292023181915283, 6.205053329467773, 5.869014739990234, 5.30850887298584, 5.065563201904297, 4.932797431945801, 4.511115074157715], "kl_divergences": [0.0013107785489410162, 4.99939289966278e-07, 0.0009635592577978969, 0.006403609178960323, 0.016050923615694046, 0.006120692472904921, 0.0013106608530506492, 0.0013107879785820842, 0.006118382327258587, 0.006123691331595182, 0.0013108736602589488, 2.4809810383885633e-07], "generations": []}