{"source_layer": 30, "target_layer": 35, "sigmas": [34.87130355834961, 15.420880317687988, 13.758711814880371, 11.41673755645752, 11.27877140045166, 10.103617668151855, 9.082488059997559, 8.836050987243652, 8.021601676940918, 7.439883232116699, 6.694523811340332, 6.318141937255859], "kl_divergences": [0.0033097993582487106, 0.001310683903284371, 0.0013114034663885832, 0.0013112911256030202, 0.0013104947283864021, 0.0332941897213459, 0.0331927165389061, 0.006118811201304197, 1.9833080955322657e-07, 0.0061176554299890995, 0.006117654033005238, 0.0013106357073411345], "generations": []}