{"source_layer": 31, "target_layer": 33, "sigmas": [7.267733097076416, 5.567458152770996, 5.174355983734131, 4.746243476867676, 4.519794940948486, 4.112526893615723, 3.8783860206604004, 3.553584337234497, 3.4714574813842773, 3.3159544467926025, 3.2303574085235596, 3.1348259449005127], "kl_divergences": [0.006123944651335478, 0.0013105794787406921, 0.006120122503489256, 0.0013105592224746943, 0.001310939434915781, 0.001310501480475068, 0.0009633274166844785, 0.006117560900747776, 0.0013127430574968457, 0.006118507124483585, 1.190523676086741e-06, 0.0013126932317391038], "generations": []}