{"source_layer": 31, "target_layer": 34, "sigmas": [16.124704360961914, 10.350621223449707, 8.554455757141113, 6.6828293800354, 6.182507514953613, 5.846271514892578, 5.765259742736816, 5.003698348999023, 4.750542163848877, 4.612015247344971, 4.125051498413086, 3.919525623321533], "kl_divergences": [4.942572218169516e-07, 0.006129134446382523, 0.0013106635306030512, 0.0013122662203386426, 0.001310541294515133, 2.678204396033834e-07, 0.006123051978647709, 0.0013118411879986525, 0.006122933700680733, 0.006123061291873455, 0.0013107273261994123, 0.0061185322701931], "generations": []}