{"source_layer": 31, "target_layer": 35, "sigmas": [32.743141174316406, 20.24778938293457, 13.748127937316895, 11.061614036560059, 9.012598037719727, 8.803348541259766, 7.931064128875732, 7.774587631225586, 7.405919551849365, 6.631938457489014, 6.4331865310668945, 6.164847373962402], "kl_divergences": [0.03336019441485405, 0.006121359299868345, 0.0013105400139465928, 0.0013105601537972689, 0.0009636835311539471, 0.0013119254726916552, 0.0013119883369654417, 0.0013106615515425801, 9.948580981244959e-08, 0.006117315962910652, 0.0013111192965880036, 0.006118688266724348], "generations": []}