{"source_layer": 31, "target_layer": 32, "sigmas": [5.5499067306518555, 4.493856430053711, 4.046542644500732, 3.63716721534729, 3.563865900039673, 3.3276288509368896, 3.193202495574951, 2.975618362426758, 2.8926029205322266, 2.775214910507202, 2.682741403579712, 2.5974280834198], "kl_divergences": [0.006128873210400343, 0.0061200642958283424, 0.0061200824566185474, 0.0013110669096931815, 1.99578039428161e-07, 0.0013111846055835485, 0.0013107722625136375, 1.4832892247795826e-06, 5.737826427321124e-07, 0.001310673076659441, 9.5507445507792e-08, 0.0013106655096635222], "generations": []}