{"source_layer": 32, "target_layer": 33, "sigmas": [5.767295837402344, 3.97593355178833, 3.8646223545074463, 3.6761200428009033, 3.2428109645843506, 3.061310291290283, 2.950862169265747, 2.7572455406188965, 2.5238406658172607, 2.4806389808654785, 2.4278552532196045, 2.402513265609741], "kl_divergences": [3.957793239806051e-07, 0.006117672193795443, 0.0013107897248119116, 9.764586650362617e-08, 0.0009634502348490059, 6.383595518855145e-08, 0.001311946427449584, 0.0013105415273457766, 0.0013107063714414835, 0.00131070741917938, 0.0013106645783409476, 0.001310545252636075], "generations": []}