{"source_layer": 32, "target_layer": 35, "sigmas": [30.837995529174805, 20.519058227539062, 13.20337963104248, 10.94756031036377, 8.212254524230957, 7.696252822875977, 7.573886394500732, 7.218582630157471, 6.5794267654418945, 5.902626037597656, 5.859848976135254, 5.449326038360596], "kl_divergences": [0.003309871070086956, 2.415652318177308e-07, 0.0013105814578011632, 0.006117348559200764, 2.702405481613823e-07, 0.001311944448389113, 0.006118491291999817, 0.0013105993857607245, 1.590914138205335e-07, 9.93075133237653e-08, 0.0013106478145346045, 0.0013107327977195382], "generations": []}