{"source_layer": 32, "target_layer": 34, "sigmas": [16.492462158203125, 9.759415626525879, 8.128854751586914, 5.926818370819092, 5.581323623657227, 4.901119709014893, 4.606466770172119, 4.179460525512695, 3.8463387489318848, 3.756080389022827, 3.639328718185425, 3.585087537765503], "kl_divergences": [7.916635809124273e-07, 0.0061240773648023605, 0.006120813079178333, 0.001310549327172339, 0.0013105937978252769, 0.0013107071863487363, 0.0061178868636488914, 0.0013111046282574534, 0.0013105368707329035, 0.0013105814578011632, 0.0061172679997980595, 0.0061202626675367355], "generations": []}