{"source_layer": 33, "target_layer": 35, "sigmas": [30.467790603637695, 24.612173080444336, 17.491783142089844, 10.008414268493652, 8.472137451171875, 7.339658737182617, 7.104642391204834, 6.685947895050049, 6.5704665184021, 5.955079555511475, 5.767594814300537, 5.405925273895264], "kl_divergences": [0.016140395775437355, 0.001310608466155827, 0.000963711878284812, 0.0013106617843732238, 0.001310673076659441, 0.0013105889083817601, 0.006117335055023432, 7.025963810747271e-08, 0.0013105898397043347, 5.82763926004759e-09, 0.0013105790130794048, 0.0013105901889503002], "generations": []}