{"source_layer": 33, "target_layer": 34, "sigmas": [19.572044372558594, 15.522140502929688, 6.798176288604736, 5.467715263366699, 4.852080345153809, 4.600731372833252, 4.249958038330078, 3.7749571800231934, 3.579558849334717, 3.4259376525878906, 3.400398015975952, 3.221378803253174], "kl_divergences": [0.0009644043748266995, 0.0013117396738380194, 1.0860194521455924e-07, 0.001310769934207201, 0.0013107242994010448, 0.0013106478145346045, 0.006117823533713818, 0.0013112042797729373, 0.0013112014858052135, 0.001310501480475068, 0.0013107003178447485, 9.933309286225267e-08], "generations": []}