{"source_layer": 34, "target_layer": 35, "sigmas": [26.768224716186523, 17.761442184448242, 10.885661125183105, 8.748788833618164, 6.839604377746582, 5.976086616516113, 4.981513023376465, 4.2968010902404785, 4.115371227264404, 3.887554407119751, 3.794393301010132, 3.6807823181152344], "kl_divergences": [0.003309781663119793, 0.0013106379192322493, 0.006117208860814571, 0.0013106841361150146, 0.0013107579434290528, 0.0013110628351569176, 0.0013105921680107713, 0.0013105899561196566, 0.0013107972918078303, 0.0013105900725349784, 0.0013106673723086715, 6.293113585797983e-08], "generations": []}