{"source_layer": 7, "target_layer": 12, "sigmas": [14.439600944519043, 13.853734970092773, 12.624512672424316, 12.368490219116211, 11.96534538269043, 10.984318733215332, 10.77901840209961, 10.241801261901855, 9.876465797424316, 9.778566360473633, 9.438983917236328, 9.140463829040527], "kl_divergences": [0.06119350716471672, 40.416988372802734, 1.627886414527893, 0.15625464916229248, 12.686948776245117, 0.02172575145959854, 4.681264877319336, 0.0999809205532074, 7.190062522888184, 0.0014169617788866162, 0.4635581076145172, 3.9484920501708984], "generations": [{"v": 0, "s": 0, "text": "Let's count the number of times the letter **'r'** appears in the word **\"strawberry\"**.\n\n### Step-by-step:\n1. Write down the word: **s t r a w b e r r y**\n2. Look at each letter:\n   - s \u2192 not 'r'\n   - t \u2192 not 'r'\n   - **r** \u2192 yes, 1\n   - a \u2192 not 'r'\n   - w \u2192 not 'r'\n   - b \u2192 not 'r'\n   - e \u2192 not 'r'\n   - **r** \u2192 yes, 2\n   - **r** \u2192 yes, 3\n   - y \u2192 not 'r'\n\n### Final count:\nThe letter **'r'** appears **3 times**.\n\n**Answer: 3** \u2705"}, {"v": 1, "s": 0, "text": "\u8111\u7b4b\u6025\u8f6c\u5f2f\uff1a\u5728\u201cstrawberry\u201d\u8fd9\u4e2a\u8bcd\u4e2d\uff0c\u5b57\u6bcd'r'\u51fa\u73b0\u4e86\u591a\u5c11\u6b21\uff1f\n\n\u7b54\u6848\uff1a\u5728\u201cstrawberry\u201d\u8fd9\u4e2a\u8bcd\u4e2d\uff0c\u5b57\u6bcd'r'\u51fa\u73b0\u4e861\u6b21\u3002\n\n\u89e3\u6790\uff1a\u6211\u4eec\u6765\u4ed4\u7ec6\u770b\u4e00\u4e0b\u201cstrawberry\u201d\u8fd9\u4e2a\u8bcd\u7684\u62fc\u5199\u3002\u9996\u5148\uff0c\u6211\u4eec\u6ce8\u610f\u5230\u201cstrawberry\u201d\u8fd9\u4e2a\u8bcd\u7531\u4e24\u4e2a\u90e8\u5206\u7ec4\u6210\uff1astraw\u548cberry\u3002\u63a5\u4e0b\u6765\uff0c\u6211\u4eec\u9010\u4e2a\u5b57\u6bcd\u68c0\u67e5\u662f\u5426\u6709\u5b57\u6bcd'r'\u51fa\u73b0\u3002\n\n1. \u7b2c\u4e00\u4e2a\u5b57\u6bcd\u662f's'\uff0c\u4e0d\u662f'r'\u3002\n2. \u7b2c\u4e8c\u4e2a\u5b57\u6bcd\u662f't'\uff0c\u4e0d\u662f'r'\u3002\n3. \u7b2c\u4e09\u4e2a\u5b57\u6bcd\u662f'r'\uff0c\u8fd9\u662f\u7b2c\u4e00\u4e2a\u51fa\u73b0\u7684'r'\u3002\n4. \u7b2c\u56db\u4e2a\u5b57\u6bcd\u662f'a'\uff0c\u4e0d\u662f'r'\u3002\n5. \u7b2c\u4e94\u4e2a\u5b57\u6bcd\u662f'w'\uff0c\u4e0d\u662f'r'\u3002\n6. \u7b2c\u516d\u4e2a\u5b57\u6bcd\u662f'b'\uff0c\u4e0d\u662f'r'\u3002\n7. \u7b2c\u4e03\u4e2a\u5b57\u6bcd\u662f'e'\uff0c\u4e0d\u662f'r'\u3002\n8. \u7b2c\u516b\u4e2a\u5b57\u6bcd\u662f'r'\uff0c\u8fd9\u662f\u7b2c\u4e8c\u4e2a\u51fa\u73b0\u7684'r'\u3002\n9. \u7b2c\u4e5d\u4e2a\u5b57\u6bcd\u662f'y'\uff0c\u4e0d\u662f'r'\u3002\n10. \u7b2c\u5341\u4e2a\u5b57\u6bcd\u662f' '\uff08\u7a7a\u683c\uff09\uff0c\u4e0d\u662f\u5b57\u6bcd\u3002\n11. \u7b2c\u5341\u4e00\u4e2a\u5b57\u6bcd\u662f' '\uff08\u7a7a\u683c\uff09\uff0c\u4e0d\u662f\u5b57\u6bcd\u3002\n12. \u7b2c\u5341\u4e8c\u4e2a\u5b57\u6bcd\u662f' '\uff08\u7a7a\u683c\uff09\uff0c\u4e0d\u662f\u5b57\u6bcd\u3002\n13. \u7b2c\u5341\u4e09\u4e2a\u5b57\u6bcd\u662f' '\uff08\u7a7a\u683c\uff09\uff0c\u4e0d\u662f\u5b57\u6bcd\u3002\n14. \u7b2c\u5341\u56db\u4e2a\u5b57\u6bcd\u662f' '\uff08\u7a7a\u683c\uff09\uff0c\u4e0d\u662f\u5b57\u6bcd\u3002\n15"}, {"v": 2, "s": 0, "text": "To determine how many times the letter **'r'** appears in the word **\"strawberry\"**, let's go through the process step by step.\n\n---\n\n### Step 1: Write the word out\nThe word is: **strawberry**\n\n---\n\n### Step 2: Identify the letter to count\nWe are looking for the letter **'r'**, and we are case-insensitive, so we will consider both uppercase and lowercase 'r's. However, the word is given in lowercase, so we'll just count the lowercase 'r's.\n\n---\n\n### Step 3: Break down the word letter by letter\n\nLet's write the word with each letter labeled:\n\n**s t r a w b e r r y**\n\nNow, we'll go through each letter and count how many times **'r'** appears:\n\n- s \u2192 not 'r'\n- t \u2192 not 'r'\n- **r** \u2192 count = 1\n- a \u2192 not 'r'\n- w \u2192 not 'r'\n- b \u2192 not 'r'\n- e \u2192 not 'r'\n- **r** \u2192 count = 2\n- **r** \u2192 count = 3\n- y \u2192 not 'r'\n\n---\n\n### Step 4: Final count\n\nWe have found the letter **'r'** **3 times** in the word **\"strawberry\"**.\n\n---\n\n### \u2705 Final Answer:\n**3**"}, {"v": 3, "s": 0, "text": "Let's count the occurrences of the letter **'r'** in the word **\"strawberry\"** step by step:\n\n### Step 1: Write down the word  \n**strawberry**\n\n### Step 2: Identify the letter to count  \nWe are looking for the letter **'r'** (case-sensitive, so only lowercase 'r' counts).\n\n### Step 3: Go through each letter in the word  \nLet's break the word into individual letters:\n\n- s  \n- t  \n- r  \n- a  \n- w  \n- b  \n- e  \n- r  \n- r  \n- y  \n\n### Step 4: Count the occurrences of 'r'  \nNow, count how many times the letter **'r'** appears:\n\n- 1st 'r' is at position 3  \n- 2nd 'r' is at position 8  \n- 3rd 'r' is at position 9  \n\n### \u2705 Final Answer:  \nThe letter **'r'** appears **3 times** in the word **\"strawberry\"**."}, {"v": 4, "s": 0, "text": "The letter 'r' appears **2 times** in the word \"strawberry\".\n\nHere's the breakdown:\n- The word is spelled: **s - t - r - a - w - b - e - r - r - y**\n- Counting the 'r's: 1st occurrence at position 3, 2nd at position 8, and 3rd at position 9.\n\nSo, the letter **'r' appears 3 times** in the word **\"strawberry\"**."}, {"v": 5, "s": 0, "text": "Let's count the number of times the letter \"r\" appears in the word \"strawberry\":\n\n1. First, write down the word: **strawberry**\n2. Now, go through each letter one by one:\n   - s\n   - t\n   - r\n   - a\n   - w\n   - b\n   - e\n   - r\n   - r\n3. Count how many times \"r\" appears:\n   - The letter \"r\" appears **3 times**.\n\nSo, the letter \"r\" appears **3 times** in the word \"strawberry\"."}, {"v": 6, "s": 0, "text": "The word **\"strawberry\"** contains the letter **'r'**. Let's count how many times it appears:\n\n1. **s**  \n2. **t**  \n3. **r**  \n4. **a**  \n5. **w**  \n6. **b**  \n7. **e**  \n8. **r**  \n9. **r**  \n10. **y**\n\nSo, the letter **'r'** appears **3 times** in the word **\"strawberry\"**."}, {"v": 7, "s": 0, "text": "To determine how many times the letter **'r'** appears in the word **\"strawberry\"**, follow these steps:\n\n1. **Write the word out**:  \n   **strawberry**\n\n2. **Break it into individual letters**:  \n   s - t - r - a - w - b - e - r - r - y\n\n3. **Look for the letter 'r'** in the list:  \n   - The **third letter** is **'r'**  \n   - The **seventh letter** is **'r'**  \n   - The **eighth letter** is **'r'**\n\n4. **Count the 'r's**:  \n   There are **3** instances of the letter **'r'** in \"strawberry\".\n\n### \u2705 Final Answer: **3**"}, {"v": 8, "s": 0, "text": "We are asked to find how many times the letter **'r'** appears in the word **'strawberry'**.\n\n---\n\n### Step 1: Write down the word\nThe word is: **strawberry**\n\n---\n\n### Step 2: Identify and count the letter 'r'\n\nLet's go through each letter in the word:\n\n- **s**\n- **t**\n- **r** \u2190 1st 'r'\n- **a**\n- **w**\n- **b**\n- **e**\n- **r** \u2190 2nd 'r'\n- **r** \u2190 3rd 'r'\n\n---\n\n### Step 3: Count the occurrences\nWe found the letter **'r'** appears **3** times.\n\n---\n\n### \u2705 Final Answer:\n$$\n\\boxed{3}\n$$"}, {"v": 9, "s": 0, "text": "Let's count the number of times the letter **'r'** appears in the word **\"strawberry\"**.\n\n### Step 1: Write out the word\n**strawberry**\n\n### Step 2: Identify the letter 'r'\nWe are looking for the letter **'r'**.\n\n### Step 3: Count the occurrences of 'r'\nLet's go through the word letter by letter:\n\n- **s**\n- **t**\n- **r** \u2192 1\n- **a**\n- **w**\n- **b**\n- **e**\n- **r** \u2192 2\n- **r** \u2192 3\n\n### Step 4: Total count\nThere are **3** instances of the letter **'r'** in \"strawberry\".\n\n### \u2705 Final Answer:\n**3**"}, {"v": 10, "s": 0,