{"source_layer": 8, "target_layer": 34, "sigmas": [241.34730529785156, 147.01409912109375, 141.30453491210938, 109.75322723388672, 97.20050048828125, 93.22584533691406, 86.12720489501953, 80.2204818725586, 74.30144500732422, 70.46875762939453, 65.1236801147461, 61.949520111083984], "kl_divergences": [5.780971527099609, 9.616929054260254, 0.045919761061668396, 0.1977180689573288, 1.1920748949050903, 13.563957214355469, 1.3981887102127075, 0.0028032343834638596, 0.06780091673135757, 0.0074377222917973995, 12.373109817504883, 0.6684185862541199], "generations": [{"v": 0, "s": 0, "text": "To determine how many times the letter **'r'** appears in the word **\"strawberry\"**, we can follow these steps:\n\n---\n\n### Step 1: Write the word out\nLet's write the word **\"strawberry\"** and look at each letter:\n\n**s t r a w b e r r y**\n\n---\n\n### Step 2: Count the number of 'r's\n\nNow, we go through the word letter by letter and count how many times the letter **'r'** appears:\n\n1. **s** \u2192 not 'r'\n2. **t** \u2192 not 'r'\n3. **r** \u2192 count = 1\n4. **a** \u2192 not 'r'\n5. **w** \u2192 not 'r'\n6. **b** \u2192 not 'r'\n7. **e** \u2192 not 'r'\n8. **r** \u2192 count = 2\n9. **r** \u2192 count = 3\n10. **y** \u2192 not 'r'\n\n---\n\n### Final Count\n\nThe letter **'r'** appears **3 times** in the word **\"strawberry\"**.\n\n---\n\n### \u2705 Final Answer:\n$$\n\\boxed{3}\n$$"}, {"v": 1, "s": 0, "text": "The letter **'r'** appears **2 times** in the word **'strawberry'**."}, {"v": 2, "s": 0, "text": "Let's count the letter 'r' in the word **\"strawberry\"**:\n\n1. **s** - not 'r'\n2. **t** - not 'r'\n3. **r** - **1**\n4. **a** - not 'r'\n5. **w** - not 'r'\n6. **b** - not 'r'\n7. **e** - not 'r'\n8. **r** - **2**\n9. **y** - not 'r'\n\nSo, the letter **'r'** appears **2 times** in the word **\"strawberry\"**."}, {"v": 3, "s": 0, "text": "Let's count the number of times the letter **'r'** appears in the word **\"strawberry\"**.\n\n### Step-by-step:\n\n1. Write out the word: **s - t - r - a - w - b - e - r - r - y**\n2. Now, go through each letter and count the **'r'**s:\n   - s \u2192 not an 'r'\n   - t \u2192 not an 'r'\n   - **r** \u2192 that's **1**\n   - a \u2192 not an 'r'\n   - w \u2192 not an 'r'\n   - b \u2192 not an 'r'\n   - e \u2192 not an 'r'\n   - **r** \u2192 that's **2**\n   - **r** \u2192 that's **3**\n   - y \u2192 not an 'r'\n\n### Final count:\nThe letter **'r'** appears **3 times** in the word **\"strawberry\"**.\n\n\u2705 **Answer: 3 times**."}, {"v": 4, "s": 0, "text": "To determine how many times the letter 'r' appears in the word **\"strawberry\"**, let's break it down step by step:\n\n1. **Write the word out**: strawberry  \n2. **Look at each letter one by one**:  \n   - s  \n   - t  \n   - r  \n   - a  \n   - w  \n   - b  \n   - e  \n   - r  \n   - r  \n   - y  \n\n3. **Count the 'r's**:  \n   - The first 'r' is at position 3.  \n   - The second 'r' is at position 7.  \n   - The third 'r' is at position 8.  \n\nSo, the letter **'r'** appears **3 times** in the word **\"strawberry\"**."}, {"v": 5, "s": 0, "text": "The letter **'r'** appears **2 times** in the word **\"strawberry\"**.\n\nLet's break it down:\n\n- **s**  \n- **t**  \n- **r**  \n- **a**  \n- **w**  \n- **b**  \n- **e**  \n- **r**  \n- **r**  \n- **y**\n\nSo, the letters are: **s, t, r, a, w, b, e, r, r, y**\n\nCount of **'r'** = **3 times**.\n\n### \u2705 Final Answer: **3 times**"}, {"v": 6, "s": 0, "text": "To determine how many times the letter **'r'** appears in the word **\"strawberry\"**, let's go through the word step by step:\n\n**S - T - R - A - W - B - E - R - R - Y**\n\nNow, let's count the occurrences of the letter **'r'**:\n\n1. The **first 'r'** is at the 3rd position.\n2. The **second 'r'** is at the 8th position.\n3. The **third 'r'** is at the 9th position.\n\nSo, the letter **'r'** appears **3 times** in the word **\"strawberry\"**. \n\n**Answer: 3**"}, {"v": 7, "s": 0, "text": "Let's count the occurrences of the letter **'r'** in the word **'strawberry'**:\n\n1. **s**  \n2. **t**  \n3. **r** \u2192 1st occurrence  \n4. **a**  \n5. **w**  \n6. **b**  \n7. **e**  \n8. **r** \u2192 2nd occurrence  \n9. **r** \u2192 3rd occurrence  \n\n### Final Answer: **3 times**"}, {"v": 8, "s": 0, "text": "Let's count the number of times the letter **'r'** appears in the word **\"strawberry\"**.\n\n### Step-by-step:\n\n1. Write out the word: **s t r a w b e r r y**\n\n2. Now, look for the letter **'r'** in the word:\n   - The **first 'r'** appears at position 3.\n   - The **second 'r'** appears at position 7.\n   - The **third 'r'** appears at position 8.\n\nSo, the letter **'r'** appears **3 times** in the word **\"strawberry\"**.\n\n### \u2705 Final Answer: **3**"}, {"v": 9, "s": 0, "text": "Let's count the letter **'r'** in the word **\"strawberry\"**.\n\n### Step-by-step:\n1. Write down the word: **strawberry**\n2. Break it into individual letters: **s, t, r, a, w, b, e, r, r, y**\n3. Now count how many times **'r'** appears:\n   - 1st **r** is at position 3\n   - 2nd **r** is at position 7\n   - 3rd **r** is at position 8\n\n### \u2705 Answer: **3 times**."}, {"v": 10, "s": 0, "text": "The word **\"strawberry\"** contains the letter **'r'** **2 times**.\n\nHere's the breakdown:\n\n- **s** - no 'r'\n- **t** - no 'r'\n- **r** - 1st 'r'\n- **a** - no 'r'\n- **w** - no 'r'\n- **b** - no 'r'\n- **e** - no 'r'\n- **r** - 2nd 'r'\n- **y** - no 'r'\n\nSo, the letter **'r'** appears **2 times** in **\"strawberry\"**."}, {"v": 11, "s": 0, "text": "Let's count the occurrences of the letter **'r'** in the word **'strawberry'**:\n\n1. First, write out the word: **s t r a w b e r r y**\n2. Now, go through each letter and check for **'r'**:\n   - s \u2192 not 'r'\n   - t \u2192 not 'r'\n   - r \u2192 **yes**, count = 1\n   - a \u2192 not 'r'\n   - w \u2192 not 'r'\n   - b \u2192 not 'r'\n   - e \u2192 not 'r'\n   - r \u2192 **yes**, count = 2\n   - r \u2192 **yes**, count = 3\n   - y \u2192 not 'r'\n\n### Final count: **3**\n\nSo, the letter **'r'** appears **3 times** in the word **'strawberry'**."}, {"v": 0, "s": 1, "text": "Let's count how many times the letter **'r'** appears in the word **'strawberry'**.\n\n### Step 1: Write the word\nThe word is: **strawberry**\n\n### Step 2: Break it into letters\nLet's list out the letters one by one:\n\ns, t, r, a, w, b, e, r, r, y\n\n### Step 3: Count the letter 'r'\nNow, we'll go through the list and count how many times **'r'** appears:\n\n- 1st letter: **s** \u2192 not 'r'\n- 2nd letter: **t** \u2192 not 'r'\n- 3rd letter: **r** \u2192 count = 1\n- 4th letter: **a** \u2192 not 'r'\n- 5th letter: **w** \u2192 not 'r'\n- 6th letter: **b** \u2192 not 'r'\n- 7th letter: **e** \u2192 not 'r'\n- 8th letter: **r** \u2192 count = 2\n- 9th letter: **r** \u2192 count = 3\n- 10th letter: **y** \u2192 not 'r'\n\n### Final Count\nThe letter **'r'** appears **3** times in the word **'strawberry'**.\n\n### \u2705 Answer:\n$$\n\\boxed{3}\n$$"}, {"v": 1, "s": 1, "text": "To determine how many times the letter **'r'** appears in the word **\"strawberry\"**, follow these steps:\n\n1. **Write down the word**:  \n   **strawberry**\n\n2. **Look at each letter one by one**:  \n   - s  \n   - t  \n   - r  \n   - a  \n   - w  \n   - b  \n   - e  \n   - r  \n   - r  \n   - y\n\n3. **Count the occurrences of the letter 'r'**:  \n   - The letter **'r'** appears at positions **3, 8, and 9**.\n\n4. **Final count**:  \n   The letter **'r'** appears **3 times** in the word **\"strawberry\"**.\n\n### \u2705 Answer:  \n**3 times**."}, {"v": 2, "s": 1, "text": "Let's count the letter 'r' in the word **\"strawberry\"**:\n\n- **s**  \n- **t**  \n- **r**  \n- **a**  \n- **w**  \n- **b**  \n- **e**  \n- **r**  \n- **r**  \n- **y**\n\nThe letter **'r'** appears **3 times**."}, {"v": 3, "s": 1,