{"source_layer": 9, "target_layer": 10, "sigmas": [6.126306533813477, 5.8446550369262695, 5.451509475708008, 5.189248561859131, 4.704188823699951, 4.606512069702148, 4.457363128662109, 4.1980438232421875, 4.187602996826172, 3.915926218032837, 3.8812437057495117, 3.743072032928467], "kl_divergences": [0.0033194131683558226, 0.10071965306997299, 0.15601897239685059, 0.1558937430381775, 0.007647077087312937, 0.027468593791127205, 0.0027587178628891706, 0.01833035796880722, 0.0013400455936789513, 0.02051311731338501, 0.002836403902620077, 0.060122884809970856], "generations": []}