{"source_layer": 9, "target_layer": 32, "sigmas": [159.61782836914062, 113.9527359008789, 99.21056365966797, 78.81595611572266, 68.56945037841797, 63.716407775878906, 54.77437973022461, 53.167293548583984, 50.73736572265625, 49.80215072631836, 46.81153106689453, 43.079315185546875], "kl_divergences": [14.075629234313965, 0.038044508546590805, 1.8267934322357178, 0.048985835164785385, 1.1189712285995483, 0.18738459050655365, 0.7787492275238037, 0.875098705291748, 0.10175488889217377, 0.06368190050125122, 2.3380236625671387, 0.9699517488479614], "generations": [{"v": 0, "s": 0, "text": "Sure! Let's find out how many times the letter 'r' appears in the word **'strawberry'**.\n\n---\n\n### Step 1: Write the word\nWe are working with the word:  \n**strawberry**\n\n---\n\n### Step 2: Identify the letter we are looking for\nWe are looking for the letter:  \n**'r'**\n\n---\n\n### Step 3: Count the number of times 'r' appears\n\nLet's go through the word letter by letter:\n\n**s t r a w b e r r y**\n\nNow, let's count the number of **'r'** letters:\n\n1. **s** \u2013 not an 'r'\n2. **t** \u2013 not an 'r'\n3. **r** \u2013 **1st 'r'**\n4. **a** \u2013 not an 'r'\n5. **w** \u2013 not an 'r'\n6. **b** \u2013 not an 'r'\n7. **e** \u2013 not an 'r'\n8. **r** \u2013 **2nd 'r'**\n9. **r** \u2013 **3rd 'r'**\n10. **y** \u2013 not an 'r'\n\nSo, the letter **'r'** appears **3 times** in the word **'strawberry'**.\n\n---\n\n### \u2705 Final Answer:\n**3**"}, {"v": 1, "s": 0, "text": "Let's count the letter **'r'** in the word **\"strawberry\"**:\n\n1. **s**  \n2. **t**  \n3. **r** \u2705  \n4. **a**  \n5. **w**  \n6. **b**  \n7. **e**  \n8. **r** \u2705  \n9. **r** \u2705  \n\nThe letter **'r'** appears **3 times** in the word **\"strawberry\"**."}, {"v": 2, "s": 0, "text": "Let's count how many times the letter **'r'** appears in the word **\"strawberry\"**.\n\n### Step 1: Write the word down\n**strawberry**\n\n### Step 2: Break it into individual letters\nLet's list out the letters one by one:\n\n**s, t, r, a, w, b, e, r, r, y**\n\n### Step 3: Count the number of times 'r' appears\nNow, go through the list and count the **'r'**s:\n\n- 1st letter: **s** \u2192 not 'r'\n- 2nd letter: **t** \u2192 not 'r'\n- 3rd letter: **r** \u2192 count = 1\n- 4th letter: **a** \u2192 not 'r'\n- 5th letter: **w** \u2192 not 'r'\n- 6th letter: **b** \u2192 not 'r'\n- 7th letter: **e** \u2192 not 'r'\n- 8th letter: **r** \u2192 count = 2\n- 9th letter: **r** \u2192 count = 3\n- 10th letter: **y** \u2192 not 'r'\n\n### \u2705 Final Answer:\nThe letter **'r'** appears **3 times** in the word **\"strawberry\"**."}, {"v": 3, "s": 0, "text": "Let's count the number of times the letter **'r'** appears in the word **\"strawberry\"**.\n\n### Step-by-step breakdown:\n\n1. Write out the word: **s t r a w b e r r y**\n\n2. Now, look for the letter **'r'** in the word:\n   - The first **'r'** appears at the **3rd position**.\n   - The second **'r'** appears at the **8th position**.\n   - The third **'r'** appears at the **9th position**.\n\nSo, the letter **'r'** appears **3 times** in the word **\"strawberry\"**.\n\n\u2705 **Answer: 3 times**."}, {"v": 4, "s": 0, "text": "Let's analyze the word **\"strawberry\"** to count how many times the letter **'r'** appears.\n\n### Step-by-step:\n\n1. **Write out the word**:  \n   **strawberry**\n\n2. **Break it into letters**:  \n   s, t, r, a, w, b, e, r, r, y\n\n3. **Count the number of 'r's**:\n   - The first 'r' appears at position 3.\n   - The second 'r' appears at position 8.\n   - The third 'r' appears at position 9.\n\nSo, the letter **'r'** appears **3 times** in the word **\"strawberry\"**.\n\n### \u2705 Final Answer:\n**3** times."}, {"v": 5, "s": 0, "text": "Let's count how many times the letter **'r'** appears in the word **'strawberry'**.\n\n1. Write out the word: **s t r a w b e r r y**\n2. Look for the letter **'r'**:\n   - The first **'r'** is at position 3.\n   - The second **'r'** is at position 8.\n   - The third **'r'** is at position 9.\n\nSo, the letter **'r'** appears **3 times** in the word **'strawberry'**.\n\n**Answer: 3**"}, {"v": 6, "s": 0, "text": "Let's analyze the word **\"strawberry\"** step by step to count the number of times the letter **'r'** appears.\n\n### Step 1: Write out the word\n**strawberry**\n\n### Step 2: Break it down letter by letter\ns, t, r, a, w, b, e, r, r, y\n\n### Step 3: Identify the letter 'r'\nLooking at the letters:\n- 1st letter: **s**\n- 2nd letter: **t**\n- 3rd letter: **r** \u2705\n- 4th letter: **a**\n- 5th letter: **w**\n- 6th letter: **b**\n- 7th letter: **e**\n- 8th letter: **r** \u2705\n- 9th letter: **r** \u2705\n- 10th letter: **y**\n\n### Step 4: Count the occurrences\nWe see the letter **'r'** appears at positions 3, 8, and 9 \u2014 that\u2019s **3 times**.\n\n### \u2705 Final Answer:\n**3** times."}, {"v": 7, "s": 0, "text": "Let's count the number of times the letter 'r' appears in the word **\"strawberry\"**:\n\n1. **s**  \n2. **t**  \n3. **r** \u2705  \n4. **a**  \n5. **w**  \n6. **b**  \n7. **e**  \n8. **r** \u2705  \n9. **r** \u2705  \n\nThe letter **'r'** appears **3 times**.\n\n**Answer: 3**"}, {"v": 8, "s": 0, "text": "Let's count how many times the letter **'r'** appears in the word **'strawberry'**.\n\n1. First, write out the word: **s t r a w b e r r y**\n2. Now, go through each letter one by one and look for **'r'**:\n   - s \u2192 not 'r'\n   - t \u2192 not 'r'\n   - r \u2192 **yes**, count = 1\n   - a \u2192 not 'r'\n   - w \u2192 not 'r'\n   - b \u2192 not 'r'\n   - e \u2192 not 'r'\n   - r \u2192 **yes**, count = 2\n   - r \u2192 **yes**, count = 3\n   - y \u2192 not 'r'\n\nSo, the letter **'r'** appears **3 times** in the word **'strawberry'**.\n\n\u2705 **Answer: 3**"}, {"v": 9, "s": 0, "text": "Let's look at the word **\"strawberry\"** and count the number of times the letter **'r'** appears.\n\nBreak down the word:\n\n**s - t - r - a - w - b - e - r - r - y**\n\nNow, count the 'r's:\n\n- 1st 'r' at position 3\n- 2nd 'r' at position 8\n- 3rd 'r' at position 9\n\nSo, the letter **'r'** appears **3 times**.\n\n**Answer: 3**"}, {"v": 10, "s": 0, "text": "Let's count how many times the letter **'r'** appears in the word **'strawberry'**.\n\nFirst, write out the word and look at each letter:\n\n**s t r a w b e r r y**\n\nNow, let's count the **'r'** letters:\n\n- 1st **r** is at position 3\n- 2nd **r** is at position 8\n- 3rd **r** is at position 9\n\nSo, the letter **'r'** appears **3 times** in the word **'strawberry'**.\n\n\u2705 **Answer: 3**"}, {"v": 11, "s": 0, "text": "Let's count how many times the letter **'r'** appears in the word **\"strawberry\"**:\n\n1. Write out the word: **s - t - r - a - w - b - e - r - r - y**\n2. Look for the letter **'r'**:\n   - It appears at the **3rd** position.\n   - It appears again at the **8th** position.\n   - It appears again at the **9th** position.\n\nSo, the letter **'r'** appears **3 times** in the word **\"strawberry\"**.\n\n**Answer: 3**"}, {"v": 0, "s": 1, "text": "Sure! Let's solve this step by step.\n\nWe are asked to find how many times the letter **'r'** appears in the word **'strawberry'**.\n\n---\n\n### Step 1: Write the word\nThe word is:  \n**strawberry**\n\n---\n\n### Step 2: Count the number of 'r's\n\nLet's go through the word letter by letter and count each occurrence of **'r'**.\n\n1. **s** \u2013 not 'r'\n2. **t** \u2013 not 'r'\n3. **r** \u2013 **1st 'r'**\n4. **a** \u2013 not 'r'\n5. **w** \u2013 not 'r'\n6. **b** \u2013 not 'r'\n7. **e** \u2013 not 'r'\n8. **r** \u2013 **2nd 'r'**\n9. **r** \u2013 **3rd 'r'**\n10. **y** \u2013 not 'r'\n\nSo, the letter **'r'** appears **3 times**.\n\n---\n\n### \u2705 Final Answer:\n**3**"}, {"v": 1, "s": 1,