{"source_layer": 24, "target_layer": 25, "sigmas": [5.121074199676514, 4.678884029388428, 4.559459686279297, 4.177250385284424, 3.9026007652282715, 3.7875571250915527, 3.6196651458740234, 3.5177078247070312, 3.3308262825012207, 3.2718520164489746, 3.1249730587005615, 3.1068570613861084], "kl_divergences": [0.3256407082080841, 0.026326222345232964, 0.012586389668285847, 0.009719940833747387, 0.015172047540545464, 0.0083201564848423, 0.031918466091156006, 0.11259682476520538, 0.015289781615138054, 0.24844135344028473, 0.0019236045191064477, 0.03410385921597481], "generations": []}