{"source_layer": 25, "target_layer": 26, "sigmas": [6.351206302642822, 4.21254825592041, 3.861433982849121, 3.6156606674194336, 3.3076858520507812, 2.9932661056518555, 2.8998048305511475, 2.7901437282562256, 2.735694408416748, 2.7175562381744385, 2.622793674468994, 2.5732858180999756], "kl_divergences": [0.0016137302154675126, 0.0018662121146917343, 0.000289577292278409, 0.0004967161803506315, 0.0022193584591150284, 0.007851380854845047, 0.00427524046972394, 0.019745320081710815, 0.002379541052505374, 0.014749336056411266, 0.002038143575191498, 0.024204732850193977], "generations": []}