{"source_layer": 25, "target_layer": 35, "sigmas": [44.09177017211914, 25.806577682495117, 24.455129623413086, 19.93143081665039, 17.145431518554688, 16.358205795288086, 16.296449661254883, 15.644872665405273, 15.261678695678711, 14.264327049255371, 14.060940742492676, 13.47696304321289], "kl_divergences": [0.0067177582532167435, 0.010170415975153446, 0.0032787856180220842, 0.02348843216896057, 0.10505582392215729, 0.07258717715740204, 0.08859848231077194, 0.007076309993863106, 0.04433540627360344, 0.06816121935844421, 0.04215442016720772, 0.06093232333660126], "generations": []}