{"source_layer": 26, "target_layer": 27, "sigmas": [4.1485066413879395, 3.9018235206604004, 3.5073561668395996, 3.3853445053100586, 3.273702383041382, 3.1960408687591553, 3.0441272258758545, 2.930696487426758, 2.863304376602173, 2.7262725830078125, 2.646085739135742, 2.5326809883117676], "kl_divergences": [0.006767258979380131, 0.016197888180613518, 0.03396758809685707, 0.3573705852031708, 0.05144234746694565, 0.11575579643249512, 0.009811154566705227, 0.01260318886488676, 0.02113940380513668, 0.013738368637859821, 0.0034518097527325153, 0.011930564418435097], "generations": []}