{"source_layer": 26, "target_layer": 35, "sigmas": [39.69905471801758, 23.302867889404297, 22.54288101196289, 18.127403259277344, 14.797714233398438, 14.427186012268066, 14.068840980529785, 13.606767654418945, 13.036733627319336, 12.549131393432617, 11.559944152832031, 11.154147148132324], "kl_divergences": [0.015232499688863754, 0.0023522202391177416, 0.014443925581872463, 0.00037044959026388824, 0.003668996272608638, 0.004253275692462921, 0.011244402267038822, 0.049046751111745834, 0.06634582579135895, 0.042415495961904526, 0.03903000429272652, 0.12734480202198029], "generations": []}