{"source_layer": 27, "target_layer": 28, "sigmas": [4.315743923187256, 3.387923240661621, 3.3649258613586426, 3.178999900817871, 3.1550395488739014, 3.0471649169921875, 2.955519676208496, 2.9009077548980713, 2.7911124229431152, 2.752394437789917, 2.7215895652770996, 2.6619393825531006], "kl_divergences": [0.00025897525483742356, 0.013629822060465813, 0.0007171283359639347, 0.002090026857331395, 0.030330471694469452, 0.030136339366436005, 0.012681359425187111, 0.0403849259018898, 0.006672324147075415, 0.023769887164235115, 0.007965508848428726, 0.0412663109600544], "generations": []}