{"source_layer": 27, "target_layer": 29, "sigmas": [10.247143745422363, 5.527411460876465, 5.192012786865234, 4.341500759124756, 4.276500225067139, 4.120924472808838, 3.9461841583251953, 3.728203773498535, 3.6644129753112793, 3.463280200958252, 3.4199767112731934, 3.225259780883789], "kl_divergences": [0.00022901594638824463, 0.017321385443210602, 0.015680929645895958, 0.0012025042669847608, 0.0038427626714110374, 0.008624651469290257, 0.004922620020806789, 0.03500429540872574, 0.03737797960639, 0.05733877047896385, 0.05861401557922363, 0.004301667679101229], "generations": []}