{"source_layer": 27, "target_layer": 35, "sigmas": [35.93252944946289, 24.030630111694336, 20.38471221923828, 17.180696487426758, 13.597537994384766, 13.011689186096191, 12.592071533203125, 11.681685447692871, 11.082796096801758, 10.770492553710938, 10.613577842712402, 9.79645824432373], "kl_divergences": [0.01956920698285103, 0.002835322869941592, 0.00878714956343174, 0.0016256048111245036, 0.00665515149012208, 0.010301600210368633, 0.008814584463834763, 0.015429764986038208, 0.002690909430384636, 0.0018653769511729479, 0.0005270114634186029, 0.0032960448879748583], "generations": []}