{"source_layer": 27, "target_layer": 30, "sigmas": [11.618978500366211, 7.032002925872803, 5.798575401306152, 5.377818584442139, 5.266906261444092, 4.894487380981445, 4.838089466094971, 4.731628894805908, 4.491647720336914, 4.393929481506348, 4.223481178283691, 4.055217742919922], "kl_divergences": [0.015005407854914665, 0.0007487875409424305, 0.01655718684196472, 0.027868887409567833, 0.01229055318981409, 0.001998357707634568, 0.008651006035506725, 0.13943934440612793, 0.014743787236511707, 0.017925282940268517, 0.03022955171763897, 0.16793568432331085], "generations": []}