{"source_layer": 27, "target_layer": 33, "sigmas": [15.09993839263916, 10.539398193359375, 8.93448543548584, 8.799571990966797, 7.970329284667969, 7.3458709716796875, 7.18637228012085, 6.958591461181641, 6.616788387298584, 6.125669956207275, 5.9133758544921875, 5.794631004333496], "kl_divergences": [0.0007145036943256855, 0.0031775578390806913, 0.003926876932382584, 0.015337941236793995, 0.029517369344830513, 0.0035090255551040173, 0.014012920670211315, 0.04545120149850845, 0.08337383717298508, 0.0033655506558716297, 0.3523734211921692, 0.004104175604879856], "generations": []}