{"source_layer": 27, "target_layer": 32, "sigmas": [13.929743766784668, 9.435688018798828, 8.237407684326172, 8.044159889221191, 7.239538192749023, 6.553950309753418, 6.312488555908203, 6.258612155914307, 6.040298938751221, 5.713326930999756, 5.678952217102051, 5.230282783508301], "kl_divergences": [0.0006084771594032645, 0.005127750337123871, 0.0035643677692860365, 0.037565022706985474, 0.0457044392824173, 0.03212810307741165, 0.07456278055906296, 0.07273419946432114, 0.012801244854927063, 0.027448754757642746, 0.007096732500940561, 0.008891800418496132], "generations": []}