{"source_layer": 27, "target_layer": 34, "sigmas": [18.609394073486328, 14.535563468933105, 12.93001651763916, 10.968305587768555, 9.914050102233887, 9.32416820526123, 8.813596725463867, 8.67247486114502, 8.285994529724121, 7.8263068199157715, 7.621664047241211, 7.231910705566406], "kl_divergences": [0.0020736486185342073, 0.008744635619223118, 0.022382192313671112, 0.004221479874104261, 0.02350589819252491, 0.002083397936075926, 0.02187112532556057, 0.0027394164353609085, 0.006074730306863785, 0.06723044812679291, 0.13015145063400269, 0.00477612903341651], "generations": []}