{"source_layer": 27, "target_layer": 31, "sigmas": [12.806295394897461, 8.363287925720215, 7.2823166847229, 6.93281888961792, 6.249839782714844, 6.140770435333252, 5.681748390197754, 5.35038948059082, 5.133625030517578, 5.0576252937316895, 4.777397632598877, 4.625736713409424], "kl_divergences": [0.014124141074717045, 0.017748141661286354, 0.021898411214351654, 0.002451137639582157, 0.016281958669424057, 0.02314407378435135, 0.003942426294088364, 0.15481093525886536, 0.1672792136669159, 0.0019799002911895514, 0.044744331389665604, 0.0033306018449366093], "generations": []}