{"source_layer": 28, "target_layer": 29, "sigmas": [8.51470947265625, 4.915953159332275, 3.9176294803619385, 3.8275105953216553, 3.751948833465576, 3.7074151039123535, 3.302903890609741, 3.245455503463745, 2.853191375732422, 2.810446262359619, 2.754822254180908, 2.6111104488372803], "kl_divergences": [0.009467476047575474, 0.0021255966275930405, 0.0021614672150462866, 0.35898536443710327, 0.008594985119998455, 0.009978434070944786, 0.015273086726665497, 0.00036661518970504403, 0.010453012771904469, 0.010679760947823524, 0.00804387591779232, 0.012206180952489376], "generations": []}