{"source_layer": 28, "target_layer": 35, "sigmas": [33.46710968017578, 21.216182708740234, 18.39894676208496, 15.251745223999023, 12.504144668579102, 11.739134788513184, 11.301100730895996, 10.223129272460938, 9.930695533752441, 9.53797435760498, 9.063159942626953, 8.370686531066895], "kl_divergences": [0.030269356444478035, 0.0031024832278490067, 0.0009718851069919765, 0.0074836439453065395, 0.006867598742246628, 0.0009957527508959174, 0.009470461867749691, 0.018109500408172607, 0.0029248150531202555, 0.002779979258775711, 0.004177541937679052, 0.009486004710197449], "generations": []}