{"source_layer": 28, "target_layer": 32, "sigmas": [11.874502182006836, 8.058764457702637, 6.973143577575684, 6.415638446807861, 6.16117525100708, 6.121191024780273, 5.308003902435303, 5.248007774353027, 5.164704322814941, 5.01084566116333, 4.463925838470459, 4.305515766143799], "kl_divergences": [0.00038607907481491566, 0.0012440893333405256, 0.002969066146761179, 0.02616090327501297, 0.0021288369316607714, 0.004472235683351755, 0.00290574599057436, 0.0040921675972640514, 0.002249681856483221, 0.004268296528607607, 0.033016908913850784, 0.0165692325681448], "generations": []}