{"source_layer": 28, "target_layer": 31, "sigmas": [10.839866638183594, 6.995416641235352, 5.852771282196045, 5.815946578979492, 5.643960952758789, 5.363372802734375, 4.817022800445557, 4.735666751861572, 4.602974891662598, 4.394506454467773, 4.190786838531494, 3.8300352096557617], "kl_divergences": [0.010396694764494896, 0.0026606388855725527, 0.003397764638066292, 0.003084287280216813, 0.006645591929554939, 0.0018000369891524315, 0.001958100823685527, 0.00021702494996134192, 0.0033139020670205355, 0.0002183215692639351, 0.003188712289556861, 0.0029102126136422157], "generations": []}