{"source_layer": 28, "target_layer": 30, "sigmas": [9.746894836425781, 5.779943466186523, 5.331789493560791, 4.458523750305176, 4.394259452819824, 4.296307563781738, 4.114044189453125, 4.038186550140381, 3.936746120452881, 3.7366247177124023, 3.5190341472625732, 3.33577299118042], "kl_divergences": [0.010390834882855415, 0.0020609188359230757, 0.015923403203487396, 0.009611929766833782, 0.002784057753160596, 0.01575196534395218, 0.0036260937340557575, 0.003432577708736062, 0.0002850900054909289, 0.003836969844996929, 0.007415206171572208, 0.0023187040351331234], "generations": []}