{"source_layer": 28, "target_layer": 34, "sigmas": [15.854665756225586, 13.368659019470215, 11.317416191101074, 9.620474815368652, 8.173081398010254, 7.985084533691406, 7.803040027618408, 7.5560526847839355, 6.902517318725586, 6.831238269805908, 6.366896152496338, 6.093522071838379], "kl_divergences": [0.00042017974192276597, 0.016116144135594368, 0.004674545023590326, 0.0009830353083088994, 0.002412868896499276, 0.00700561935082078, 0.018055276945233345, 0.004560796078294516, 0.007978362031280994, 0.000899133738130331, 0.0029683439061045647, 0.007590713445097208], "generations": []}