{"source_layer": 28, "target_layer": 33, "sigmas": [13.049162864685059, 9.103738784790039, 7.563024044036865, 6.986252784729004, 6.786308765411377, 6.702653884887695, 6.178806781768799, 5.839086055755615, 5.723809242248535, 5.58320426940918, 4.994990348815918, 4.617685317993164], "kl_divergences": [0.016593320295214653, 0.0011261423351243138, 0.00297475210390985, 0.0006896921549923718, 0.0029638782143592834, 0.004952370189130306, 0.01604406163096428, 0.004955843091011047, 0.08803277462720871, 0.00342264655046165, 0.0021303303074091673, 0.000709278101567179], "generations": []}