{"source_layer": 29, "target_layer": 30, "sigmas": [4.3677239418029785, 4.168102264404297, 3.635012626647949, 3.312373161315918, 3.1928317546844482, 3.0916402339935303, 3.003818988800049, 2.7871718406677246, 2.6657118797302246, 2.646804094314575, 2.5815634727478027, 2.4137699604034424], "kl_divergences": [0.0027764728292822838, 0.00431446498259902, 0.0020620692521333694, 0.0028042704798281193, 0.003426050301641226, 0.0034598137717694044, 0.002118840115144849, 1.7517731976113282e-05, 0.0027727317065000534, 0.00795810203999281, 0.008724153973162174, 0.0027909318450838327], "generations": []}