{"source_layer": 29, "target_layer": 31, "sigmas": [5.950590133666992, 5.142014980316162, 4.94703483581543, 4.534901142120361, 4.417462348937988, 3.9293458461761475, 3.6401562690734863, 3.5786209106445312, 3.481696844100952, 3.3308470249176025, 3.054084539413452, 3.019767999649048], "kl_divergences": [0.0025576772168278694, 0.0027810074388980865, 0.003415903775021434, 0.008004335686564445, 0.007989650592207909, 0.005102061666548252, 0.007833234965801239, 0.007574251387268305, 0.004821688402444124, 0.0016944310627877712, 0.002132537541911006, 0.00405142130330205], "generations": []}