{"source_layer": 29, "target_layer": 32, "sigmas": [7.265870094299316, 6.239792346954346, 5.8706183433532715, 5.069478988647461, 4.799488067626953, 4.505456924438477, 4.041006565093994, 4.0127434730529785, 3.8644704818725586, 3.840588092803955, 3.733149528503418, 3.67887544631958], "kl_divergences": [0.0006969458772800863, 0.00207023904658854, 0.002777030225843191, 0.0027842021081596613, 0.002125781262293458, 0.0027029525954276323, 0.0009616383467800915, 0.0081257913261652, 0.0073925806209445, 0.004132336471229792, 0.009518008679151535, 0.008609052747488022], "generations": []}