{"source_layer": 29, "target_layer": 34, "sigmas": [12.227914810180664, 11.162749290466309, 9.560813903808594, 8.108561515808105, 7.079653739929199, 6.724534511566162, 6.481738567352295, 6.214776992797852, 6.089489936828613, 5.874021530151367, 5.140307903289795, 4.922113418579102], "kl_divergences": [0.007494394201785326, 0.005890947766602039, 0.0020390970166772604, 0.0028056653682142496, 0.002777770161628723, 0.007348041515797377, 0.008645975962281227, 0.004324436187744141, 0.002976815216243267, 0.002406481886282563, 0.002420604694634676, 0.0029230881482362747], "generations": []}