{"source_layer": 29, "target_layer": 35, "sigmas": [30.983905792236328, 16.906524658203125, 15.741507530212402, 12.756308555603027, 11.202061653137207, 10.757124900817871, 9.179670333862305, 9.053458213806152, 8.696202278137207, 8.363957405090332, 7.787794589996338, 7.614835262298584], "kl_divergences": [0.030202466994524002, 0.0028015500865876675, 0.008005889132618904, 0.002779274247586727, 0.002415279159322381, 0.0021082402672618628, 0.002057186095044017, 0.00027873346698470414, 0.0027769594453275204, 0.00342437787912786, 0.0007296771509572864, 0.002305347006767988], "generations": []}