{"source_layer": 29, "target_layer": 33, "sigmas": [8.353750228881836, 7.337824821472168, 6.407440185546875, 5.521074295043945, 5.380028247833252, 5.339149475097656, 4.729803085327148, 4.528143882751465, 4.432762145996094, 4.233225345611572, 4.146016597747803, 3.9997761249542236], "kl_divergences": [0.008389564231038094, 0.008012137375772, 0.0027754029724746943, 0.008673534728586674, 0.011287880130112171, 0.002300754887983203, 0.0034379044082015753, 0.0022922547068446875, 0.008024066686630249, 0.0026246036868542433, 0.0024440584238618612, 0.002548673190176487], "generations": []}