{"source_layer": 30, "target_layer": 35, "sigmas": [28.00038719177246, 15.875005722045898, 14.504935264587402, 11.875499725341797, 10.135025978088379, 9.047151565551758, 8.434199333190918, 7.636966705322266, 7.227588176727295, 7.167880058288574, 6.227156162261963, 5.798202991485596], "kl_divergences": [0.028521906584501266, 0.0034805270843207836, 0.007975716143846512, 0.0027779194060713053, 0.0028104877565056086, 0.003424743888899684, 0.002058362355455756, 0.002285049995407462, 0.008603912778198719, 0.008632444776594639, 0.002331183757632971, 0.009462215006351471], "generations": []}