{"source_layer": 30, "target_layer": 34, "sigmas": [11.244450569152832, 10.139630317687988, 8.234393119812012, 7.608057022094727, 6.198183536529541, 5.748354434967041, 5.212504863739014, 4.9241437911987305, 4.851696491241455, 4.524698257446289, 4.4219970703125, 4.167508125305176], "kl_divergences": [0.0075001949444413185, 0.00946836918592453, 0.002402131212875247, 0.0020801008213311434, 0.0027742385864257812, 0.0004728596250060946, 0.0033371951431035995, 0.007354457397013903, 0.007974138483405113, 0.008635301142930984, 0.002068272093310952, 0.00030472371145151556], "generations": []}