{"source_layer": 30, "target_layer": 32, "sigmas": [6.38580322265625, 4.906919956207275, 4.0077314376831055, 3.8632686138153076, 3.5247766971588135, 3.4691402912139893, 3.355088233947754, 3.2643837928771973, 3.1451034545898438, 3.06365704536438, 3.0329065322875977, 2.7832374572753906], "kl_divergences": [0.00946451723575592, 0.00035333598498255014, 0.0011905260616913438, 0.002306941896677017, 0.0027750644367188215, 0.004058210179209709, 0.002377299824729562, 0.016368236392736435, 0.007997393608093262, 0.0021610171534121037, 4.185703437542543e-05, 0.002147235907614231], "generations": []}