{"source_layer": 30, "target_layer": 31, "sigmas": [5.136741638183594, 3.4533233642578125, 3.3554675579071045, 3.1034305095672607, 2.901962995529175, 2.8278071880340576, 2.7071690559387207, 2.674285888671875, 2.5361766815185547, 2.4113216400146484, 2.3465802669525146, 2.240856647491455], "kl_divergences": [0.008607586845755577, 0.003602505661547184, 0.002944211009889841, 0.0073474617674946785, 0.008637771010398865, 0.003441203385591507, 0.003425457514822483, 0.0029541458934545517, 0.0041146548464894295, 0.0034848805516958237, 0.004152150824666023, 0.0027786623686552048], "generations": []}