{"source_layer": 30, "target_layer": 33, "sigmas": [7.515992164611816, 6.421339988708496, 4.7494072914123535, 4.31825590133667, 4.241417407989502, 3.9003920555114746, 3.7392053604125977, 3.7036354541778564, 3.56893253326416, 3.4864535331726074, 3.3967528343200684, 3.248499631881714], "kl_divergences": [0.009441409260034561, 0.0075032999739050865, 0.003430201206356287, 0.00734882103279233, 0.0034937255550175905, 0.002360497135668993, 0.01637718640267849, 0.002919229445978999, 0.0024613903369754553, 0.0023011001758277416, 0.0034233336336910725, 0.008805177174508572], "generations": []}