{"source_layer": 31, "target_layer": 34, "sigmas": [15.264375686645508, 9.671688079833984, 7.249831676483154, 6.340308666229248, 6.077204704284668, 5.61647891998291, 4.828683853149414, 4.7008843421936035, 4.342807769775391, 3.995629072189331, 3.8882412910461426, 3.7897939682006836], "kl_divergences": [0.009467970579862595, 0.002067995024845004, 0.0004999862285330892, 0.0033982875756919384, 0.002793860388919711, 0.003403727663680911, 0.002140657976269722, 0.0027737508062273264, 0.007346598897129297, 0.0027755596674978733, 0.0022997225169092417, 0.003397241933271289], "generations": []}