{"source_layer": 31, "target_layer": 32, "sigmas": [4.901620388031006, 3.7765703201293945, 3.571685791015625, 3.430121421813965, 3.1571362018585205, 2.986895799636841, 2.885498523712158, 2.7663378715515137, 2.6700053215026855, 2.627633810043335, 2.548471450805664, 2.4646174907684326], "kl_divergences": [0.0020535187795758247, 0.0022879450116306543, 0.0027762081008404493, 0.003417282598093152, 0.007980242371559143, 0.0028097049798816442, 0.0013134405016899109, 0.007360290270298719, 0.0022899473551660776, 0.004760096315294504, 0.0034002752508968115, 0.0034005483612418175], "generations": []}