{"source_layer": 31, "target_layer": 35, "sigmas": [26.53628921508789, 20.054779052734375, 14.989554405212402, 11.499181747436523, 8.68095588684082, 8.227950096130371, 7.754944801330566, 7.415097713470459, 7.012857437133789, 6.677775859832764, 6.366179943084717, 5.850733280181885], "kl_divergences": [0.006955303717404604, 0.0005105346790514886, 0.0023225611075758934, 0.0027710837312042713, 0.0027743475511670113, 0.004071823321282864, 0.002090686233714223, 0.0033954880200326443, 0.002769961254671216, 0.0022865724749863148, 0.002909068251028657, 0.0033966817427426577], "generations": []}