{"source_layer": 31, "target_layer": 33, "sigmas": [6.856093406677246, 5.310810089111328, 4.597241401672363, 4.252562046051025, 3.643206834793091, 3.4544448852539062, 3.3902602195739746, 3.259582042694092, 3.172579765319824, 3.0969297885894775, 2.974177837371826, 2.8928380012512207], "kl_divergences": [0.00021769452723674476, 0.003443586640059948, 0.002770553342998028, 0.003396222833544016, 0.0034021937754005194, 0.011910277418792248, 0.002066323533654213, 0.0022880197502672672, 0.002294091274961829, 0.0034503138158470392, 0.003411645535379648, 0.002053231466561556], "generations": []}