{"source_layer": 32, "target_layer": 35, "sigmas": [25.630779266357422, 20.548999786376953, 14.856634140014648, 11.625699996948242, 8.171287536621094, 7.7536420822143555, 7.230257034301758, 6.89335298538208, 6.316767692565918, 6.214738368988037, 5.72743034362793, 5.469302654266357], "kl_divergences": [0.029353706166148186, 0.008697682991623878, 0.0022883587516844273, 0.007964825257658958, 0.0034039723686873913, 0.008625740185379982, 0.009487254545092583, 0.002774281660094857, 0.0022860628087073565, 0.008002325892448425, 0.0022858488373458385, 0.0027724895626306534], "generations": []}