{"source_layer": 32, "target_layer": 33, "sigmas": [5.743465423583984, 4.034853458404541, 3.799159288406372, 3.4958691596984863, 3.0494797229766846, 2.9351367950439453, 2.5602588653564453, 2.3956761360168457, 2.3266775608062744, 2.2851874828338623, 2.237683057785034, 2.2167677879333496], "kl_divergences": [0.004074595402926207, 0.0027764784172177315, 0.010245962999761105, 0.0022871780674904585, 0.007982723414897919, 0.004889148287475109, 0.0020871188025921583, 0.008683649823069572, 0.0021413913927972317, 0.008648060262203217, 0.002288192743435502, 0.002771101426333189], "generations": []}