{"source_layer": 32, "target_layer": 34, "sigmas": [15.74820327758789, 10.000937461853027, 6.644294738769531, 5.984502792358398, 5.607949733734131, 4.824197292327881, 4.433102607727051, 4.234159469604492, 3.9316768646240234, 3.7750775814056396, 3.479093551635742, 3.376168727874756], "kl_divergences": [0.009469769895076752, 0.008810876868665218, 0.009366870857775211, 0.002770394319668412, 0.002772505162283778, 0.0027795187197625637, 0.007981325499713421, 0.002089167945086956, 0.00230240635573864, 0.002289391355589032, 0.0020879667717963457, 0.002294049831107259], "generations": []}