{"source_layer": 33, "target_layer": 34, "sigmas": [18.903182983398438, 15.513572692871094, 6.79641580581665, 5.571684837341309, 4.701871871948242, 4.427530765533447, 4.272274494171143, 3.926514148712158, 3.4758949279785156, 3.447293758392334, 3.1242191791534424, 2.973968029022217], "kl_divergences": [0.01659894362092018, 0.016603147611021996, 0.0027772311586886644, 0.007977288216352463, 0.002772473730146885, 0.0027793815825134516, 0.0079767731949687, 0.0027925162576138973, 0.002769453451037407, 0.0027930650394409895, 0.0033930500503629446, 0.007976938970386982], "generations": []}