{"source_layer": 33, "target_layer": 35, "sigmas": [28.756399154663086, 24.058074951171875, 18.66242027282715, 10.588918685913086, 8.360128402709961, 7.382341384887695, 7.106447219848633, 6.768482685089111, 6.32115364074707, 5.8563737869262695, 5.453152656555176, 4.979638576507568], "kl_divergences": [0.004670306574553251, 0.016478009521961212, 0.00010308161290595308, 0.002773597138002515, 0.003415822284296155, 0.0022868402302265167, 0.003417728003114462, 0.007341424468904734, 0.0027735938783735037, 0.0022871557157486677, 0.002772160107269883, 0.002285273279994726], "generations": []}