{"source_layer": 34, "target_layer": 35, "sigmas": [25.865493774414062, 17.117809295654297, 11.124124526977539, 9.245861053466797, 6.794343948364258, 5.955586910247803, 5.111630916595459, 4.117315292358398, 4.078399181365967, 3.771211862564087, 3.7150707244873047, 3.567840814590454], "kl_divergences": [0.02778572030365467, 0.009531790390610695, 0.004249389283359051, 0.0034186195116490126, 0.007966138422489166, 0.007956987246870995, 0.007961480878293514, 0.00734343659132719, 0.00277348468080163, 0.007956938818097115, 0.0034191012382507324, 0.002800604095682502], "generations": []}