{"source_layer": 10, "target_layer": 12, "sigmas": [7.196687698364258, 5.697677135467529, 5.55311393737793, 5.350070476531982, 5.240370273590088, 4.838130474090576, 4.7424116134643555, 4.668292999267578, 4.415334701538086, 4.24550199508667, 4.209599494934082, 3.858912944793701], "kl_divergences": [0.003837442956864834, 0.006814239080995321, 0.08607441931962967, 0.001036547590047121, 0.0011420798255130649, 0.007939004339277744, 0.002414692658931017, 0.004347898066043854, 0.003944207914173603, 0.01749364659190178, 0.008929639123380184, 0.013049688190221786], "generations": []}