{"source_layer": 11, "target_layer": 13, "sigmas": [10.055367469787598, 9.386690139770508, 7.7769927978515625, 7.257479190826416, 6.937111854553223, 6.471465110778809, 6.128961086273193, 6.076376914978027, 5.713565826416016, 5.510262489318848, 5.038187503814697, 4.961952209472656], "kl_divergences": [0.0030009879264980555, 0.0016032048733904958, 0.0022138403728604317, 0.06458874046802521, 0.0016349765937775373, 0.051439281553030014, 0.0065711550414562225, 0.0031225173734128475, 0.006952571216970682, 0.0012761530233547091, 0.0871017724275589, 0.014468556270003319], "generations": []}