{"source_layer": 12, "target_layer": 14, "sigmas": [9.95885181427002, 8.620072364807129, 7.850360870361328, 7.80865478515625, 7.182849884033203, 6.968908786773682, 6.749662399291992, 6.62833309173584, 6.11775016784668, 5.865275859832764, 5.674059867858887, 5.453189849853516], "kl_divergences": [0.005300829187035561, 0.09174591302871704, 0.005202610045671463, 0.03385162726044655, 0.006190405692905188, 0.2012312114238739, 0.013522687368094921, 0.003858600277453661, 0.2579954266548157, 0.004488341044634581, 0.0038344066124409437, 0.00794750265777111], "generations": []}