{"source_layer": 14, "target_layer": 15, "sigmas": [6.57338809967041, 5.201968669891357, 5.134134769439697, 4.672897815704346, 4.3100714683532715, 4.146895885467529, 4.121337413787842, 3.869847297668457, 3.8551509380340576, 3.6781227588653564, 3.509587049484253, 3.3955461978912354], "kl_divergences": [0.09125068038702011, 0.002835975494235754, 0.004284614697098732, 0.025849800556898117, 0.006980245001614094, 0.001307652099058032, 0.017522338777780533, 0.007398901041597128, 0.0274333618581295, 0.005799164995551109, 0.0035376441664993763, 0.017147567123174667], "generations": []}