{"source_layer": 22, "target_layer": 23, "sigmas": [8.015473365783691, 6.036773681640625, 5.757695198059082, 5.437374114990234, 5.099542140960693, 4.945174217224121, 4.633796691894531, 4.508398532867432, 4.299380302429199, 4.238058567047119, 4.013265132904053, 3.9728503227233887], "kl_divergences": [0.14812475442886353, 0.0030147028155624866, 0.0655040591955185, 0.006596692372113466, 0.30305737257003784, 0.0008328831754624844, 0.2659074664115906, 0.005434051156044006, 0.03308945894241333, 0.018003109842538834, 0.004919916391372681, 0.0038374520372599363], "generations": []}