{"source_layer": 23, "target_layer": 29, "sigmas": [17.985925674438477, 14.8827486038208, 14.394140243530273, 13.658903121948242, 12.331620216369629, 12.056317329406738, 11.959101676940918, 11.106444358825684, 10.722277641296387, 9.99213981628418, 9.883806228637695, 9.615449905395508], "kl_divergences": [0.004477909300476313, 0.007515460252761841, 0.09903654456138611, 0.1495390236377716, 0.01776762306690216, 0.004271204117685556, 0.010554290376603603, 0.032012149691581726, 0.09474843740463257, 0.3058018684387207, 0.0005501358537003398, 0.25381413102149963], "generations": []}