{"source_layer": 24, "target_layer": 25, "sigmas": [5.964659214019775, 4.747799396514893, 4.606152534484863, 4.424778938293457, 4.306704044342041, 3.9583914279937744, 3.589958429336548, 3.437309503555298, 3.3937857151031494, 3.350242853164673, 3.246018409729004, 3.1044998168945312], "kl_divergences": [0.003962614107877016, 0.002943576080724597, 0.10821562260389328, 0.0026942314580082893, 0.0033663096837699413, 0.003360745729878545, 0.10865344852209091, 0.0026336871087551117, 0.007181897759437561, 0.014870462007820606, 0.0011240399908274412, 0.001350820530205965], "generations": []}