{"source_layer": 24, "target_layer": 29, "sigmas": [13.396745681762695, 11.198017120361328, 10.332667350769043, 9.624789237976074, 9.382478713989258, 9.10240364074707, 8.424582481384277, 8.051082611083984, 7.870054244995117, 7.376097202301025, 7.004631042480469, 6.606318473815918], "kl_divergences": [0.18122656643390656, 0.011327841319143772, 0.15467149019241333, 0.042159829288721085, 0.00423886813223362, 0.022608058527112007, 0.0012060811277478933, 0.007803735323250294, 0.004228223580867052, 0.0017055518692359328, 0.004135011229664087, 0.0019036020385101438], "generations": []}