{"source_layer": 24, "target_layer": 32, "sigmas": [21.937353134155273, 18.394742965698242, 17.455463409423828, 17.0977840423584, 14.734280586242676, 14.596266746520996, 13.627556800842285, 13.057051658630371, 12.878195762634277, 11.83163833618164, 11.122227668762207, 10.534313201904297], "kl_divergences": [0.004313335288316011, 0.00802652444690466, 0.025845319032669067, 0.009253259748220444, 0.004949645139276981, 0.003107667900621891, 0.05213722959160805, 0.004092819523066282, 0.10761702060699463, 0.0630989745259285, 0.004406600724905729, 0.042026862502098083], "generations": []}