{"source_layer": 24, "target_layer": 34, "sigmas": [28.4287166595459, 23.155254364013672, 22.45988655090332, 21.59351348876953, 21.27910614013672, 19.168657302856445, 18.411436080932617, 17.535715103149414, 16.989152908325195, 16.17987060546875, 15.463601112365723, 14.479411125183105], "kl_divergences": [0.004860150162130594, 0.010904654860496521, 0.01771792396903038, 0.002567298710346222, 0.04080069065093994, 0.00496595399454236, 0.019471505656838417, 0.01731039211153984, 0.007478443905711174, 0.0043314662761986256, 0.11205337196588516, 0.0009808407630771399], "generations": []}