{"source_layer": 25, "target_layer": 29, "sigmas": [10.122529983520508, 8.778849601745605, 7.7564005851745605, 7.495446681976318, 7.420366287231445, 7.2433671951293945, 6.7340407371521, 6.556629657745361, 6.249216079711914, 5.786088943481445, 5.624878883361816, 5.252342700958252], "kl_divergences": [0.0010574014158919454, 0.0014982044231146574, 0.0017959545366466045, 0.004440729971975088, 0.0010396616999059916, 0.0009329586755484343, 0.004347709938883781, 0.0035620832350105047, 0.04121757298707962, 0.005981395486742258, 0.003328588791191578, 0.0012469567591324449], "generations": []}