{"source_layer": 25, "target_layer": 27, "sigmas": [6.897216320037842, 5.617136001586914, 5.26356315612793, 4.8790364265441895, 4.818099021911621, 4.548593521118164, 4.282763481140137, 4.028202533721924, 3.946295976638794, 3.822927474975586, 3.704667329788208, 3.5062458515167236], "kl_divergences": [0.00039607463986612856, 0.004074478521943092, 0.003139057895168662, 0.0029499393422156572, 0.003310989821329713, 0.00036327133420854807, 0.0024053233209997416, 0.001156230573542416, 0.00048290201812051237, 0.0018512100214138627, 0.0009535573190078139, 0.002617146586999297], "generations": []}