{"source_layer": 25, "target_layer": 28, "sigmas": [8.281085014343262, 6.566214084625244, 6.524791717529297, 6.34859037399292, 5.841503620147705, 5.814825534820557, 5.639108657836914, 5.464749336242676, 5.0390167236328125, 4.873194217681885, 4.818413257598877, 4.538801670074463], "kl_divergences": [0.0003288706939201802, 0.007125117350369692, 0.03119157999753952, 0.054530221968889236, 0.00468050129711628, 0.0025258013047277927, 0.0030272440053522587, 0.07440996170043945, 0.0012389157200232148, 0.002608449198305607, 0.007167293690145016, 0.0020525851286947727], "generations": []}