{"source_layer": 25, "target_layer": 26, "sigmas": [6.082335948944092, 4.741924285888672, 3.962646245956421, 3.7006425857543945, 3.6288716793060303, 3.527549982070923, 3.4383926391601562, 3.2379791736602783, 3.0932776927948, 2.954014778137207, 2.903810977935791, 2.801957368850708], "kl_divergences": [0.0003181143256369978, 0.398089736700058, 0.0014423212269321084, 0.0007788333459757268, 0.0012559135211631656, 0.0008603674359619617, 0.0005398367065936327, 0.0014925108989700675, 0.0058729387819767, 0.0005104860756546259, 0.00014795237802900374, 0.0006200862699188292], "generations": []}