{"source_layer": 25, "target_layer": 34, "sigmas": [22.141040802001953, 19.432554244995117, 19.1184024810791, 17.89642333984375, 17.559053421020508, 15.772335052490234, 14.914183616638184, 14.415818214416504, 14.008750915527344, 13.560481071472168, 12.2518892288208, 11.737920761108398], "kl_divergences": [0.004889208823442459, 0.004483014345169067, 0.03013593703508377, 0.004723058082163334, 0.003183905500918627, 0.002499026944860816, 0.0016584027325734496, 0.0012702129315584898, 0.006055973935872316, 0.05197181925177574, 0.003576855408027768, 0.010945651680231094], "generations": []}