{"source_layer": 25, "target_layer": 30, "sigmas": [12.072707176208496, 10.57840347290039, 10.107500076293945, 9.185385704040527, 8.827219009399414, 8.65833854675293, 7.98533821105957, 7.712296485900879, 7.307214260101318, 7.183808326721191, 6.71126651763916, 6.5298357009887695], "kl_divergences": [0.0006094155833125114, 0.00042114913230761886, 0.004422598984092474, 0.0016329940408468246, 0.0016360831214115024, 0.001146988244727254, 0.004652876872569323, 0.019385429099202156, 0.0024864620063453913, 0.021442750468850136, 0.004351471085101366, 0.0003554794529918581], "generations": []}