{"source_layer": 25, "target_layer": 31, "sigmas": [14.915035247802734, 13.450931549072266, 12.455694198608398, 11.3546724319458, 10.896928787231445, 10.706055641174316, 9.95577335357666, 9.519208908081055, 8.582831382751465, 8.151251792907715, 7.781460762023926, 7.683535575866699], "kl_divergences": [0.011219511739909649, 0.053176961839199066, 0.1285381019115448, 0.004296259954571724, 0.1922883689403534, 0.003860330209136009, 0.00208729924634099, 0.002392393769696355, 0.002180288080126047, 0.003007665043696761, 0.0022422801703214645, 0.0019390330417081714], "generations": []}