{"source_layer": 25, "target_layer": 32, "sigmas": [17.59923553466797, 14.979418754577637, 13.917806625366211, 12.945974349975586, 12.63804817199707, 12.043164253234863, 11.124722480773926, 10.77774429321289, 9.696788787841797, 9.227097511291504, 8.766175270080566, 8.360029220581055], "kl_divergences": [0.00387543230317533, 0.0011556235840544105, 0.007789317984133959, 0.15374664962291718, 0.0046988194808363914, 0.0010115444893017411, 0.0015665946993976831, 0.005717845633625984, 0.0017850896110758185, 0.018162451684474945, 0.006863242015242577, 0.0024179010652005672], "generations": []}