{"source_layer": 25, "target_layer": 35, "sigmas": [54.25889205932617, 26.027633666992188, 25.239423751831055, 22.32704734802246, 20.939302444458008, 20.380266189575195, 18.360275268554688, 17.558441162109375, 16.854366302490234, 16.25204086303711, 15.899683952331543, 14.825760841369629], "kl_divergences": [0.03632944077253342, 0.0008322366629727185, 0.004201056901365519, 0.0009291582391597331, 0.00360314198769629, 0.00475268205627799, 0.00475551700219512, 0.007391924969851971, 0.005563349463045597, 0.1340586543083191, 0.001817744574509561, 0.00045370133011601865], "generations": []}