{"source_layer": 25, "target_layer": 33, "sigmas": [19.337175369262695, 16.389026641845703, 15.506562232971191, 14.787152290344238, 13.959554672241211, 13.051534652709961, 12.182555198669434, 11.726729393005371, 10.722972869873047, 10.522371292114258, 10.317591667175293, 9.877362251281738], "kl_divergences": [0.004294568207114935, 0.004287124145776033, 0.005528316833078861, 0.0012942226603627205, 0.0014521164121106267, 0.0009887992637231946, 0.05238271877169609, 0.0017955958610400558, 0.002198954578489065, 0.020671717822551727, 0.005002142395824194, 0.020103901624679565], "generations": []}