{"source_layer": 26, "target_layer": 29, "sigmas": [8.636208534240723, 7.560483455657959, 6.718474388122559, 5.987508773803711, 5.840010166168213, 5.5784831047058105, 5.191964626312256, 5.143376350402832, 4.94481086730957, 4.677581310272217, 4.481396675109863, 4.412140846252441], "kl_divergences": [0.0006383021245710552, 0.1289537400007248, 0.0012781521072611213, 0.01957223378121853, 0.0007173303165473044, 0.0026021692901849747, 0.0036195842549204826, 0.000666585867293179, 0.0010197784285992384, 0.002505027921870351, 0.002975299023091793, 0.0004411950067151338], "generations": []}