{"source_layer": 26, "target_layer": 28, "sigmas": [6.276707172393799, 5.531219482421875, 4.949564456939697, 4.690146446228027, 4.396623134613037, 4.36886739730835, 4.17452335357666, 4.031169891357422, 3.901493549346924, 3.8199901580810547, 3.6613876819610596, 3.598454475402832], "kl_divergences": [0.0014729356626048684, 0.07641100138425827, 0.0017672748072072864, 0.0022360144648700953, 0.0003431960358284414, 0.0005110101774334908, 0.02689380943775177, 0.001029198057949543, 0.001052891369909048, 0.0013573176693171263, 0.001463935011997819, 0.0036436892114579678], "generations": []}