{"source_layer": 26, "target_layer": 27, "sigmas": [4.228109836578369, 3.942605495452881, 3.68683123588562, 3.4574973583221436, 3.4055182933807373, 3.32270884513855, 3.14323353767395, 3.0983150005340576, 2.9415152072906494, 2.890777349472046, 2.7992043495178223, 2.6939480304718018], "kl_divergences": [0.0001655568485148251, 0.0020225143525749445, 0.0009088140213862062, 0.0005630544037558138, 0.00020439935906324536, 0.00027922686422243714, 0.01148280780762434, 0.0006782133714295924, 0.0005132512887939811, 0.0006525726639665663, 0.00017184671014547348, 0.0012293377658352256], "generations": []}