{"source_layer": 26, "target_layer": 32, "sigmas": [15.451455116271973, 12.98193645477295, 11.311019897460938, 10.940468788146973, 10.423911094665527, 9.944418907165527, 9.582335472106934, 8.8464937210083, 8.452088356018066, 8.029932975769043, 7.272607326507568, 7.116825103759766], "kl_divergences": [0.001548534957692027, 0.0005190686788409948, 0.01125178299844265, 0.13108572363853455, 0.0005768483388237655, 0.04645571857690811, 0.09815827757120132, 0.0010485958773642778, 0.0016595375491306186, 0.0021691368892788887, 0.0033854276407510042, 0.0006490594241768122], "generations": []}