{"source_layer": 26, "target_layer": 30, "sigmas": [10.523228645324707, 9.051323890686035, 8.186044692993164, 7.982559680938721, 7.251008033752441, 7.019106388092041, 6.544392108917236, 6.174018383026123, 6.071981430053711, 5.846633434295654, 5.655508041381836, 5.38732385635376], "kl_divergences": [0.0006318779196590185, 0.0005447547300718725, 0.015717430040240288, 0.0002948090259451419, 0.0023129540495574474, 0.04121378809213638, 0.0053108930587768555, 0.0026473563630133867, 0.023587200790643692, 0.0012282277457416058, 0.004507443401962519, 0.0019008656963706017], "generations": []}