{"source_layer": 26, "target_layer": 34, "sigmas": [19.383583068847656, 17.440235137939453, 16.19175148010254, 15.147984504699707, 14.806957244873047, 13.26655101776123, 12.669998168945312, 12.147400856018066, 11.853808403015137, 11.346695899963379, 10.75462818145752, 9.70683479309082], "kl_divergences": [0.006412228103727102, 0.0023231287486851215, 0.0034721833653748035, 0.010116631165146828, 0.024509085342288017, 0.0014289147220551968, 0.00223329896107316, 0.005745519883930683, 0.015940416604280472, 0.01577964425086975, 0.01375208143144846, 0.014395760372281075], "generations": []}