{"source_layer": 26, "target_layer": 31, "sigmas": [13.143852233886719, 11.444310188293457, 10.161238670349121, 9.461740493774414, 9.20975399017334, 8.836174964904785, 8.500616073608398, 7.802799701690674, 7.00448751449585, 6.831758499145508, 6.607887268066406, 6.328494071960449], "kl_divergences": [0.001292810426093638, 0.07510161399841309, 0.004754131659865379, 0.0019008147064596415, 0.05187853053212166, 0.002437231596559286, 0.08961644768714905, 0.0005861824611201882, 0.0018306286074221134, 0.004305336624383926, 0.0011362952645868063, 0.0030902891885489225], "generations": []}