{"source_layer": 26, "target_layer": 35, "sigmas": [48.826377868652344, 23.846921920776367, 22.35614013671875, 19.099754333496094, 17.92789077758789, 16.916606903076172, 15.880868911743164, 15.284063339233398, 14.208392143249512, 13.664974212646484, 13.088970184326172, 12.263554573059082], "kl_divergences": [0.0035368679091334343, 0.0007652932545170188, 0.008638083934783936, 0.04494019225239754, 0.0012935820268467069, 0.004569012206047773, 0.004764588084071875, 0.00024852424394339323, 0.0006804859731346369, 0.0011239481391385198, 0.008157167583703995, 0.0018149280222132802], "generations": []}