{"source_layer": 26, "target_layer": 33, "sigmas": [17.006946563720703, 14.1589937210083, 13.080236434936523, 12.216804504394531, 11.379701614379883, 11.024310111999512, 10.646096229553223, 9.843246459960938, 9.347551345825195, 8.909603118896484, 8.785497665405273, 7.983692169189453], "kl_divergences": [0.003123090136796236, 0.0010152715258300304, 0.004506450146436691, 0.004150289576500654, 0.0019220019457861781, 0.0023442283272743225, 0.010600680485367775, 0.0020979067776352167, 0.011292041279375553, 0.022599171847105026, 0.004811890888959169, 0.0016429394017904997], "generations": []}