{"source_layer": 27, "target_layer": 29, "sigmas": [8.665979385375977, 5.66213846206665, 4.941143989562988, 4.8348388671875, 4.6821699142456055, 4.517756462097168, 3.9332780838012695, 3.9126570224761963, 3.782125949859619, 3.646785020828247, 3.6025280952453613, 3.506244659423828], "kl_divergences": [0.0003262473037466407, 0.0015284620458260179, 0.07750649005174637, 8.858105138642713e-05, 0.00026244224864058197, 0.0021478638518601656, 0.00037526938831433654, 0.0008370642317458987, 0.0005762045038864017, 0.013476843945682049, 0.004666605964303017, 0.0006832618964836001], "generations": []}