{"source_layer": 27, "target_layer": 28, "sigmas": [4.378207206726074, 3.461806297302246, 3.353705406188965, 3.309006452560425, 3.255100965499878, 3.228520154953003, 3.165440082550049, 3.1373825073242188, 3.0956950187683105, 2.944197416305542, 2.7770020961761475, 2.7027316093444824], "kl_divergences": [0.0010245803277939558, 0.015269109047949314, 0.001076076296158135, 0.0011833219323307276, 0.001643276889808476, 0.0007916411850601435, 0.003001625882461667, 0.0019321735017001629, 0.0017346121603623033, 0.0009434044477529824, 0.0003960651811212301, 0.002228058874607086], "generations": []}