{"source_layer": 27, "target_layer": 34, "sigmas": [17.022520065307617, 15.659415245056152, 13.41456413269043, 12.587461471557617, 11.071362495422363, 10.655552864074707, 10.015153884887695, 9.664823532104492, 9.293193817138672, 9.146010398864746, 8.723169326782227, 8.347891807556152], "kl_divergences": [0.0022971860598772764, 0.0013490705750882626, 0.34924331307411194, 0.0012431773357093334, 0.0027706236578524113, 0.004837134387344122, 0.0019347609486430883, 0.0019640165846794844, 0.005528357345610857, 0.001169933588244021, 0.000651584705337882, 0.0033475379459559917], "generations": []}