{"source_layer": 27, "target_layer": 31, "sigmas": [11.899435043334961, 9.06183910369873, 8.64188289642334, 7.414161682128906, 7.074532508850098, 6.80889892578125, 6.43217134475708, 6.41389799118042, 6.208375930786133, 5.789041519165039, 5.522997856140137, 5.352860927581787], "kl_divergences": [0.0029530662577599287, 0.01368902251124382, 0.004392532166093588, 0.004545813892036676, 0.001865840400569141, 0.006474425550550222, 0.0006847580661997199, 0.0007473151781596243, 0.018819604068994522, 0.0017666841158643365, 0.0032108125742524862, 0.0011323493672534823], "generations": []}