{"source_layer": 27, "target_layer": 32, "sigmas": [13.23674488067627, 10.041988372802734, 9.363472938537598, 8.423562049865723, 8.12484359741211, 7.847169876098633, 7.597692966461182, 7.193578720092773, 7.08195161819458, 6.310150146484375, 6.163313865661621, 5.919793605804443], "kl_divergences": [0.0038419365882873535, 0.02220098301768303, 0.1315729022026062, 0.0014997012913227081, 0.0035627265460789204, 0.0005817494238726795, 0.000603848893661052, 0.004981363192200661, 0.003740218933671713, 0.02122141234576702, 0.10597701370716095, 0.00726316636428237], "generations": []}