{"source_layer": 27, "target_layer": 35, "sigmas": [43.45151138305664, 21.73655891418457, 20.94867515563965, 15.673245429992676, 14.623148918151855, 14.477808952331543, 12.777978897094727, 12.661839485168457, 12.422656059265137, 10.887042045593262, 10.776820182800293, 10.220475196838379], "kl_divergences": [0.0033813868649303913, 0.0032348574604839087, 0.002487847115844488, 0.0040167286060750484, 0.09057536721229553, 0.00157258752733469, 0.0016922950744628906, 0.002098934492096305, 0.05308784544467926, 0.0029462911188602448, 0.03289336711168289, 0.0019154570763930678], "generations": []}