{"source_layer": 27, "target_layer": 30, "sigmas": [10.026129722595215, 7.359289169311523, 6.366888523101807, 5.688584327697754, 5.525241851806641, 5.35294246673584, 5.326686382293701, 5.187693119049072, 4.856783866882324, 4.605437278747559, 4.388425827026367, 4.2006683349609375], "kl_divergences": [0.0013099554926156998, 0.0013509633718058467, 0.0777859017252922, 0.008486833423376083, 0.0006976795848459005, 0.002231465419754386, 0.02274605818092823, 0.0012743455590680242, 0.0005130483186803758, 0.011909324675798416, 0.000775241875089705, 0.004086692817509174], "generations": []}