{"source_layer": 27, "target_layer": 33, "sigmas": [14.595038414001465, 11.484708786010742, 10.546762466430664, 9.39804744720459, 9.113215446472168, 8.541740417480469, 8.315145492553711, 8.02539348602295, 7.444921493530273, 7.066478252410889, 6.8307576179504395, 6.260741233825684], "kl_divergences": [0.0013846856309100986, 0.21779759228229523, 0.0043449620716273785, 0.0008653554250486195, 0.006291795056313276, 0.013054076582193375, 0.0013931497232988477, 0.004971480928361416, 0.06194012984633446, 0.02534407563507557, 0.003117825835943222, 0.004270205739885569], "generations": []}