{"source_layer": 28, "target_layer": 29, "sigmas": [7.664922714233398, 4.615537166595459, 3.9847497940063477, 3.834554433822632, 3.654571294784546, 3.360905647277832, 3.1743295192718506, 3.1601295471191406, 3.0341594219207764, 3.0139081478118896, 2.96512770652771, 2.7622668743133545], "kl_divergences": [0.000649946799967438, 0.00011588711640797555, 0.01114304643124342, 0.008162198588252068, 0.0006304857088252902, 0.0004904402303509414, 0.0010459342738613486, 0.00334342778660357, 6.999573088251054e-05, 0.003424260299652815, 0.001915831584483385, 0.0003531397378537804], "generations": []}