{"source_layer": 28, "target_layer": 30, "sigmas": [8.890118598937988, 6.012688159942627, 5.062036514282227, 4.832448959350586, 4.689139366149902, 4.546274185180664, 4.208470821380615, 4.125001907348633, 4.037802219390869, 3.8721580505371094, 3.6772942543029785, 3.5543110370635986], "kl_divergences": [0.000899113598279655, 0.0008467815350741148, 0.0014793433947488666, 0.0017951559275388718, 0.0008972871582955122, 0.04608308896422386, 0.0224764384329319, 0.0010287411278113723, 0.0027180309407413006, 0.0010087492410093546, 0.000357481389073655, 0.0010675063822418451], "generations": []}