{"source_layer": 28, "target_layer": 35, "sigmas": [39.0899543762207, 19.647377014160156, 19.138797760009766, 13.541712760925293, 13.036823272705078, 12.179987907409668, 11.880027770996094, 10.717101097106934, 10.262249946594238, 9.896638870239258, 9.447527885437012, 8.886480331420898], "kl_divergences": [0.0026293715927749872, 0.0013589630834758282, 0.0016251993365585804, 0.0005179168074391782, 0.00016070299898274243, 0.004067696630954742, 0.00017848766583483666, 0.0013376132119446993, 0.023172130808234215, 0.0016265457961708307, 0.005153239704668522, 0.004380726255476475], "generations": []}