{"source_layer": 28, "target_layer": 31, "sigmas": [10.47243595123291, 7.464611530303955, 6.826189994812012, 6.014500141143799, 5.5579938888549805, 5.423384189605713, 5.356026649475098, 5.063530445098877, 4.927045822143555, 4.824411392211914, 4.744613170623779, 4.529763221740723], "kl_divergences": [0.0007697176188230515, 0.00039198348531499505, 0.09355491399765015, 0.0016469397814944386, 0.001986682415008545, 0.0030181764159351587, 0.008156640455126762, 0.0026933280751109123, 0.001470095245167613, 0.05262815207242966, 0.0016998553182929754, 0.0005686366348527372], "generations": []}