{"source_layer": 28, "target_layer": 32, "sigmas": [11.66240406036377, 8.313342094421387, 7.546597003936768, 6.765024662017822, 6.520644187927246, 6.386739730834961, 6.021773815155029, 5.568881988525391, 5.55203914642334, 5.4231085777282715, 5.226186752319336, 5.126232147216797], "kl_divergences": [0.0006050012889318168, 0.0017987590981647372, 0.004108794033527374, 0.000270380376605317, 0.0003302818222437054, 0.03640749305486679, 0.009784546680748463, 0.0014866333222016692, 0.003685594070702791, 0.002783185336738825, 0.003926790785044432, 0.0013248826144263148], "generations": []}