{"source_layer": 28, "target_layer": 33, "sigmas": [12.89287281036377, 9.395320892333984, 8.649881362915039, 7.473273277282715, 7.398207664489746, 7.149840831756592, 6.681625843048096, 6.201378345489502, 6.038116931915283, 5.92067813873291, 5.6772003173828125, 5.397467136383057], "kl_divergences": [0.00139501946978271, 0.011744530871510506, 0.13077478110790253, 0.000677738746162504, 0.0031816991977393627, 0.00811605341732502, 0.008584254421293736, 0.002291749231517315, 0.0012336978688836098, 0.010872426442801952, 0.04583965986967087, 0.0010414496064186096], "generations": []}