{"source_layer": 28, "target_layer": 34, "sigmas": [15.431844711303711, 14.159387588500977, 11.116150856018066, 10.751442909240723, 9.084301948547363, 8.52432918548584, 8.230225563049316, 8.039624214172363, 7.841923236846924, 7.488678932189941, 7.250543117523193, 7.176369667053223], "kl_divergences": [0.0005662887706421316, 0.0004526572010945529, 0.0006112700211815536, 0.11314628273248672, 0.012932423502206802, 0.0006547395023517311, 0.00047999242087826133, 0.0272985827177763, 0.0019712476059794426, 0.002442274708300829, 0.002099926583468914, 0.001006229198537767], "generations": []}