{"source_layer": 29, "target_layer": 32, "sigmas": [8.166666984558105, 6.382422924041748, 5.909972190856934, 5.8580851554870605, 5.33564567565918, 5.19191312789917, 5.0303850173950195, 4.856638431549072, 4.678406715393066, 4.56148099899292, 4.412236213684082, 4.341208457946777], "kl_divergences": [0.00414640037342906, 0.0006981900078244507, 0.01483037881553173, 0.0006473741959780455, 0.00246645649895072, 0.0030031276401132345, 0.14580722153186798, 0.004580796230584383, 0.017985841259360313, 0.03748961165547371, 0.05462295189499855, 0.04831712692975998], "generations": []}