{"source_layer": 29, "target_layer": 35, "sigmas": [36.221614837646484, 17.308822631835938, 15.543451309204102, 12.522107124328613, 11.172224998474121, 11.03449535369873, 9.721955299377441, 9.206795692443848, 8.660920143127441, 8.487943649291992, 7.847376823425293, 7.466540813446045], "kl_divergences": [0.001976586412638426, 0.00028256699442863464, 0.0006891533848829567, 0.00025618719519115984, 0.0042135645635426044, 0.0008698536548763514, 0.05847364291548729, 0.00041422381764277816, 0.006145085673779249, 0.003301652381196618, 0.10656919330358505, 0.0030996636487543583], "generations": []}