{"source_layer": 29, "target_layer": 31, "sigmas": [6.7410759925842285, 5.349017143249512, 5.106428623199463, 5.008572578430176, 4.7569661140441895, 4.539131164550781, 4.38198709487915, 4.3648176193237305, 4.192031383514404, 4.085742473602295, 3.9110398292541504, 3.6723275184631348], "kl_divergences": [0.0011187150375917554, 0.0010296612745150924, 0.010660073719918728, 0.003324774792417884, 0.013830602169036865, 0.004859311506152153, 0.031956516206264496, 0.019520161673426628, 0.004818931687623262, 0.003994675353169441, 0.00665412237867713, 0.03692887723445892], "generations": []}