{"source_layer": 29, "target_layer": 33, "sigmas": [9.635162353515625, 7.524969100952148, 6.553043365478516, 6.361329555511475, 5.943348407745361, 5.868692874908447, 5.531005382537842, 5.491678714752197, 5.225831508636475, 5.0885114669799805, 4.992021560668945, 4.729331016540527], "kl_divergences": [0.0039842999540269375, 0.0007552854949608445, 0.007252056151628494, 0.0026004230603575706, 0.0037250497844070196, 0.005366022232919931, 0.14692066609859467, 0.030489999800920486, 0.15175512433052063, 0.004275774583220482, 0.003536628559231758, 0.04329867660999298], "generations": []}