{"source_layer": 29, "target_layer": 34, "sigmas": [12.906354904174805, 12.561684608459473, 9.244230270385742, 8.142641067504883, 7.791342735290527, 7.500727653503418, 7.089141368865967, 6.902060508728027, 6.7309699058532715, 6.513078212738037, 6.086277008056641, 5.656205654144287], "kl_divergences": [0.00036865976289846003, 0.0007917988114058971, 0.0004019869666080922, 0.008483472280204296, 0.002935784636065364, 0.0031346059404313564, 0.011672952212393284, 0.0009726380230858922, 0.0007253721705637872, 0.001522570033557713, 0.002776219742372632, 0.0014376061735674739], "generations": []}