{"source_layer": 30, "target_layer": 31, "sigmas": [5.367867946624756, 4.19984245300293, 3.809743881225586, 3.7041280269622803, 3.6957428455352783, 3.268697500228882, 3.15079402923584, 3.117245674133301, 2.9177849292755127, 2.8238656520843506, 2.7484045028686523, 2.481647491455078], "kl_divergences": [0.0006310459575615823, 0.0005667058867402375, 0.0031491343397647142, 0.2472611367702484, 0.001572294975630939, 0.0009926523780450225, 0.00021228792320471257, 0.0004383880877867341, 0.002868856303393841, 0.00019620166858658195, 0.00021774019114673138, 0.0008430035668425262], "generations": []}