{"source_layer": 30, "target_layer": 32, "sigmas": [6.6587395668029785, 5.039648056030273, 4.5231242179870605, 4.1566548347473145, 4.1012349128723145, 4.062020301818848, 3.8355720043182373, 3.5317699909210205, 3.4402618408203125, 3.2306740283966064, 3.1197218894958496, 3.0542984008789062], "kl_divergences": [0.00044769540545530617, 0.0002018651575781405, 0.00029534989153034985, 0.004471111111342907, 0.003246121108531952, 0.008561257272958755, 0.0007495096069760621, 0.0022537708282470703, 0.000435809837654233, 0.00017991891945712268, 0.000254959799349308, 0.0007238717516884208], "generations": []}