{"source_layer": 30, "target_layer": 35, "sigmas": [31.305017471313477, 15.793339729309082, 13.292719841003418, 11.021575927734375, 10.520048141479492, 8.834824562072754, 8.298979759216309, 8.092836380004883, 7.647812843322754, 6.9539570808410645, 6.7754011154174805, 6.484572887420654], "kl_divergences": [0.007858175784349442, 5.865581624675542e-05, 0.00043866533087566495, 0.0001724411704344675, 5.98580991209019e-05, 0.0007846406660974026, 0.00012463568418752402, 0.0004065270768478513, 0.013363983482122421, 0.0032904210966080427, 9.999089525081217e-05, 0.0003714948834385723], "generations": []}