{"source_layer": 30, "target_layer": 33, "sigmas": [8.008339881896973, 6.51269006729126, 4.887653350830078, 4.766590118408203, 4.643245220184326, 4.459854602813721, 4.3984808921813965, 4.282724857330322, 4.126583576202393, 3.9856879711151123, 3.8368852138519287, 3.614879608154297], "kl_divergences": [0.000638756260741502, 0.0003565748338587582, 0.0022240602411329746, 0.0032676933333277702, 0.001516187796369195, 0.20058435201644897, 0.0028547896072268486, 0.00048014838830567896, 0.005620279349386692, 0.0016732848016545177, 0.0056097679771482944, 0.00011259576422162354], "generations": []}