{"source_layer": 30, "target_layer": 34, "sigmas": [11.687252044677734, 10.588696479797363, 8.836396217346191, 6.951716423034668, 6.495599269866943, 6.361527442932129, 5.76167106628418, 5.464679718017578, 5.143919467926025, 5.108793258666992, 4.888944625854492, 4.423969745635986], "kl_divergences": [0.00014158172416500747, 0.00012689727009274065, 0.0004135905473958701, 0.0009411522187292576, 0.0026347374077886343, 0.00041387620149180293, 0.001979663036763668, 0.002081922022625804, 0.003983996342867613, 0.039827458560466766, 0.0005179463187232614, 0.0022828613873571157], "generations": []}