{"source_layer": 31, "target_layer": 33, "sigmas": [7.441692352294922, 5.310902118682861, 4.9704909324646, 4.148366928100586, 4.037620544433594, 3.5787711143493652, 3.5220541954040527, 3.335655927658081, 3.131491184234619, 3.041862964630127, 2.9989659786224365, 2.946420431137085], "kl_divergences": [0.0011252028634771705, 0.00040715179056860507, 4.128144064452499e-05, 2.647079963935539e-05, 0.00014699535677209496, 0.0012337040388956666, 0.007637196686118841, 0.0004334165423642844, 0.0013177457731217146, 6.415897223632783e-05, 0.0005274535506032407, 0.0002820192603394389], "generations": []}