{"source_layer": 31, "target_layer": 35, "sigmas": [29.800199508666992, 21.493207931518555, 12.116312980651855, 10.179184913635254, 9.302534103393555, 8.772948265075684, 7.894701957702637, 7.350669860839844, 6.585442066192627, 6.512400150299072, 6.493465900421143, 6.165571212768555], "kl_divergences": [0.008260611444711685, 0.000252026307862252, 2.852698162314482e-05, 2.546829819038976e-05, 0.00015273613098543137, 8.815723413135856e-05, 4.893644290859811e-05, 0.00012786994921043515, 0.00014172086957842112, 0.00014288951933849603, 0.000408331019571051, 0.0001700343273114413], "generations": []}