{"source_layer": 31, "target_layer": 34, "sigmas": [16.733224868774414, 9.520322799682617, 7.268398284912109, 6.476658344268799, 6.009474754333496, 5.511295795440674, 5.0487060546875, 4.949034690856934, 4.540014743804932, 4.233100891113281, 4.087462902069092, 4.031398773193359], "kl_divergences": [0.0005280250916257501, 3.4940843761432916e-05, 0.0001247767941094935, 4.953129609930329e-05, 0.00020335141743998975, 0.0003427798510529101, 0.0024103838950395584, 0.0005403446266427636, 0.0012224179226905107, 0.001975206658244133, 0.0030045576859265566, 0.0006045995396561921], "generations": []}