{"source_layer": 31, "target_layer": 32, "sigmas": [4.950637340545654, 3.606647253036499, 3.274024248123169, 3.1612298488616943, 3.011277198791504, 2.842407703399658, 2.8079710006713867, 2.7426204681396484, 2.6645283699035645, 2.5629024505615234, 2.4420862197875977, 2.329960346221924], "kl_divergences": [0.0004955237382091582, 7.094395550666377e-05, 6.904971087351441e-05, 7.16178838047199e-05, 0.00021089446090627462, 5.6498534831916913e-05, 5.459122621687129e-05, 6.854628736618906e-05, 0.0001655950618442148, 0.00037247673026286066, 9.68404856394045e-05, 0.0002235265710623935], "generations": []}