{"source_layer": 32, "target_layer": 35, "sigmas": [28.717449188232422, 21.663827896118164, 12.31510066986084, 9.75742244720459, 8.885631561279297, 7.727969169616699, 7.519557476043701, 6.917669773101807, 6.288591384887695, 6.114706516265869, 5.921133518218994, 5.661096572875977], "kl_divergences": [0.0022190154995769262, 9.435271931579337e-05, 0.00021235874737612903, 0.00010318297427147627, 0.0001666707539698109, 5.372099985834211e-05, 0.00042808018042705953, 6.443965685321018e-05, 0.00016923371003940701, 0.0002186550700571388, 0.0006426204927265644, 4.3949359678663313e-05], "generations": []}