{"source_layer": 32, "target_layer": 34, "sigmas": [17.146455764770508, 9.829248428344727, 6.941514015197754, 5.6387786865234375, 5.579311847686768, 5.069865703582764, 4.641188621520996, 4.59562873840332, 4.4257965087890625, 4.071889400482178, 3.9400217533111572, 3.7376441955566406], "kl_divergences": [0.0007628382300026715, 0.0001830635592341423, 0.00047434703446924686, 0.0005002060206606984, 6.889928499731468e-06, 5.5078133300412446e-05, 6.948166264919564e-05, 8.801242802292109e-05, 0.002262471942231059, 0.00195832597091794, 0.0009426731849089265, 0.0004465776728466153], "generations": []}