{"source_layer": 32, "target_layer": 33, "sigmas": [6.6658430099487305, 4.651350498199463, 3.7720518112182617, 3.6386477947235107, 3.272888660430908, 3.198713779449463, 3.0546321868896484, 2.991856336593628, 2.7484052181243896, 2.609405994415283, 2.337740182876587, 2.2784392833709717], "kl_divergences": [0.001332335639744997, 1.6744224922149442e-05, 0.0011064957361668348, 0.0004379518504720181, 0.007652852684259415, 0.005609558429569006, 0.0001159508537966758, 0.001606185338459909, 0.001248178887180984, 6.184999801917002e-05, 0.0004368872323539108, 0.00010829578241100535], "generations": []}