{"source_layer": 33, "target_layer": 34, "sigmas": [19.079191207885742, 16.06194305419922, 6.429507255554199, 5.6387505531311035, 4.584949970245361, 4.397034645080566, 4.312423229217529, 4.0493035316467285, 3.988616943359375, 3.8452625274658203, 3.4910922050476074, 3.345806360244751], "kl_divergences": [8.651269308757037e-05, 0.0006095849676057696, 0.0001424296642653644, 0.0002833789330907166, 6.148251850390807e-05, 7.696988177485764e-05, 5.8540739701129496e-05, 2.1637915779137984e-05, 5.862849502591416e-05, 4.842549606109969e-05, 1.8066908523906022e-05, 0.00018701796943787485], "generations": []}