{"source_layer": 33, "target_layer": 35, "sigmas": [30.00642967224121, 24.413440704345703, 16.297393798828125, 8.732141494750977, 8.51064395904541, 7.752154350280762, 7.113984107971191, 6.943434238433838, 6.051115036010742, 5.9331841468811035, 5.8225321769714355, 5.389826774597168], "kl_divergences": [0.00529005890712142, 0.0006098790909163654, 0.00035454879980534315, 0.0001503287785453722, 5.015285569243133e-05, 0.0001403667702106759, 0.0001532544119982049, 6.586538074770942e-05, 0.00032962937257252634, 1.594493915035855e-05, 1.0012159691541456e-05, 1.812651134969201e-05], "generations": []}