{"source_layer": 34, "target_layer": 35, "sigmas": [25.821502685546875, 18.035001754760742, 10.369385719299316, 7.449049949645996, 6.387357711791992, 5.713681221008301, 5.160387992858887, 4.072273254394531, 3.881645917892456, 3.780069589614868, 3.5798048973083496, 3.3945016860961914], "kl_divergences": [0.0038801596965640783, 0.00011798185005318373, 6.200499046826735e-05, 1.4946785086067393e-05, 6.958730955375358e-05, 0.0001655353989917785, 0.00020701868925243616, 0.00010190137254539877, 6.816696441092063e-06, 8.447628715657629e-06, 4.150270251557231e-05, 4.22879820689559e-05], "generations": []}