{"source_layer": 5, "target_layer": 16, "sigmas": [25.30425262451172, 21.894210815429688, 19.754047393798828, 17.583011627197266, 16.808307647705078, 15.655904769897461, 15.207205772399902, 15.102476119995117, 14.04894733428955, 13.523289680480957, 13.23426628112793, 11.898955345153809], "kl_divergences": [0.005219714250415564, 0.009434792213141918, 0.0040994384326040745, 0.0228734090924263, 0.1523875892162323, 0.0037190443836152554, 0.0036803565453737974, 0.003395771374925971, 0.19419541954994202, 0.2517174184322357, 0.00693948520347476, 0.03890432044863701], "generations": []}