{"source_layer": 8, "target_layer": 15, "sigmas": [19.427640914916992, 14.552645683288574, 13.398221969604492, 12.4583740234375, 12.311336517333984, 11.788044929504395, 11.145852088928223, 10.722441673278809, 10.541332244873047, 9.569506645202637, 9.348189353942871, 8.789331436157227], "kl_divergences": [0.007347526028752327, 0.007291940040886402, 0.007558946963399649, 0.006694742478430271, 0.0028515649028122425, 0.007057636044919491, 0.17641235888004303, 0.0007809183443896472, 0.005295929033309221, 0.020133038982748985, 0.004443238954991102, 0.48102429509162903], "generations": []}