{"source_layer": 8, "target_layer": 16, "sigmas": [18.276586532592773, 14.465603828430176, 13.181575775146484, 12.587508201599121, 12.001774787902832, 11.252985000610352, 11.143630027770996, 10.69207763671875, 10.279745101928711, 10.044598579406738, 8.931282997131348, 8.803701400756836], "kl_divergences": [0.00576069625094533, 0.006493097171187401, 0.0072021521627902985, 0.1295900195837021, 0.011994183994829655, 0.00478221382945776, 0.1947324424982071, 0.004585716873407364, 0.4830990135669708, 0.0016960493521764874, 0.003987313713878393, 0.22095176577568054], "generations": []}