{"source_layer": 8, "target_layer": 9, "sigmas": [8.585081100463867, 7.293649673461914, 6.910454273223877, 6.215153217315674, 5.446704387664795, 5.12255334854126, 4.989893913269043, 4.841779708862305, 4.7257080078125, 4.577087879180908, 4.354913234710693, 4.253847122192383], "kl_divergences": [0.09022019803524017, 0.4679241478443146, 0.008554955944418907, 0.004353844560682774, 0.029195863753557205, 0.0035687736235558987, 0.008149949833750725, 0.21787826716899872, 0.0014225079212337732, 0.0029324416536837816, 0.012348184362053871, 0.020080560818314552], "generations": []}