{"source_layer": 9, "target_layer": 11, "sigmas": [7.258306503295898, 6.99445104598999, 6.398934364318848, 5.767563343048096, 5.5159196853637695, 5.352231025695801, 4.962759017944336, 4.892694473266602, 4.744628429412842, 4.657466888427734, 4.504879951477051, 4.463388919830322], "kl_divergences": [0.009769447147846222, 0.0015620195772498846, 0.003377014771103859, 0.017139911651611328, 0.004025175701826811, 0.006894670892506838, 0.0032881449442356825, 0.0008198510040529072, 0.004725169390439987, 0.0025204780977219343, 0.0032197418622672558, 0.08217107504606247], "generations": []}