{"source_layer": 9, "target_layer": 19, "sigmas": [14.37073802947998, 14.320355415344238, 13.048419952392578, 11.384756088256836, 11.313395500183105, 10.655138969421387, 10.389376640319824, 9.170052528381348, 9.06757926940918, 8.615754127502441, 8.465017318725586, 8.08534049987793], "kl_divergences": [0.019760189577937126, 0.022438447922468185, 0.005534344352781773, 0.019693991169333458, 0.0065704407170414925, 0.01897091418504715, 0.0037024328485131264, 0.006615419406443834, 0.003468055510893464, 0.002731062239035964, 0.23998403549194336, 0.005670969840139151], "generations": []}